file,md5,start,end,spoken_language,signed_language,dataset,text,extra
videos/100_hundred_one_hundred.mp4,cf37950a181b17556aa94039e59cb1f1,0,0,en,ase,whatsthatsign,"100, hundred, one hundred, a hundred","{""signpuddle_id"": ""638"", ""sign_fsw"": ""AS10020S2fe00S10006S16d20M509x527S10020494x473S16d20492x507"", ""source"": ""Adam Frost"", ""fps"": 30.0, ""duration"": 1.733, ""width"": 1280, ""height"": 720, ""codec"": ""h264""}"
videos/100_one_hundred_a_hundred.mp4,3ff2a50c0fbfb441c1307b1890d9b845,0,0,en,ase,whatsthatsign,"100, one hundred, a hundred","{""signpuddle_id"": ""648"", ""sign_fsw"": ""AS10020S2fe00S10006S10620M511x530S10020496x470S10620490x504"", ""source"": ""Adam Frost"", ""fps"": 30.0, ""duration"": 1.5, ""width"": 1280, ""height"": 720, ""codec"": ""h264""}"
videos/101_one_hundred_one_a_hundred_one.mp4,2dcd46000095460911c3430672c1a08c,0,0,en,ase,whatsthatsign,"101, one hundred one, a hundred one","{""signpuddle_id"": ""649"", ""sign_fsw"": ""AS10020S2fe00S10006S10620S17620S10020M511x557S10020495x443S10620489x477S17620495x507S10020495x527"", ""source"": ""Adam Frost"", ""fps"": 29.97, ""duration"": 2.502, ""width"": 1280, ""height"": 720, ""codec"": ""h264""}"
videos/102_one_hundred_two_a_hundred_two.mp4,8a157c4685b5b51673ebf61866e5d80b,0,0,en,ase,whatsthatsign,"102, one hundred two, a hundred two","{""signpuddle_id"": ""650"", ""sign_fsw"": ""AS10020S2fe00S10006S10620S17620S10e20M511x557S10020495x443S10620489x477S17620495x507S10e20495x527"", ""source"": ""Adam Frost"", ""fps"": 29.97, ""duration"": 2.236, ""width"": 1280, ""height"": 720, ""codec"": ""h264""}"
videos/103_one_hundred_three_a_hundred_three.mp4,d03cc95895775732f809867e4093ba62,0,0,en,ase,whatsthatsign,"103, one hundred three, a hundred three","{""signpuddle_id"": ""651"", ""sign_fsw"": ""AS10020S2fe00S10006S10620S17620S11e20M512x557S10020496x443S10620490x477S17620496x507S11e20488x527"", ""source"": ""Adam Frost"", ""fps"": 29.97, ""duration"": 2.002, ""width"": 1280, ""height"": 720, ""codec"": ""h264""}"
videos/104_one_hundred_four_a_hundred_four.mp4,186428f848ec420132c9fa26a7fde3bc,0,0,en,ase,whatsthatsign,"104, one hundred four, a hundred four","{""signpuddle_id"": ""652"", ""sign_fsw"": ""AS10020S2fe00S10006S10620S17620S14420M514x558S10020493x443S10620487x477S17620493x507S14420492x527"", ""source"": ""Adam Frost"", ""fps"": 30.0, ""duration"": 2.233, ""width"": 1280, ""height"": 720, ""codec"": ""h264""}"
videos/105_one_hundred_five_a_hundred_five.mp4,eecc2f44f9bafb0ee5d20cb9c9e10747,0,0,en,ase,whatsthatsign,"105, one hundred five, a hundred five","{""signpuddle_id"": ""653"", ""sign_fsw"": ""AS10020S2fe00S10006S10620S17620S14c20M513x558S10020493x443S10620487x477S17620493x507S14c20490x527"", ""source"": ""Adam Frost"", ""fps"": 30.0, ""duration"": 2.333, ""width"": 1280, ""height"": 720, ""codec"": ""h264""}"
videos/106_one_hundred_six_a_hundred_six.mp4,f7635a47047c1edc682d06c52132963a,0,0,en,ase,whatsthatsign,"106, one hundred six, a hundred six","{""signpuddle_id"": ""654"", ""sign_fsw"": ""AS10020S2fe00S10006S10620S17620S18720M512x557S10020495x444S10620489x478S17620495x508S18720494x528"", ""source"": ""Adam Frost"", ""fps"": 29.97, ""duration"": 2.336, ""width"": 1280, ""height"": 720, ""codec"": ""h264""}"
videos/107_one_hundred_seven_a_hundred_seven.mp4,d2bc7417194b958293651ebc603cf1b9,0,0,en,ase,whatsthatsign,"107, one hundred seven, a hundred seven","{""signpuddle_id"": ""655"", ""sign_fsw"": ""AS10020S2fe00S10006S10620S17620S1a520M514x556S10020493x444S10620487x478S17620493x508S1a520493x528"", ""source"": ""Adam Frost"", ""fps"": 29.97, ""duration"": 2.236, ""width"": 1280, ""height"": 720, ""codec"": ""h264""}"
videos/108_one_hundred_eight_a_hundred_eight.mp4,3c31bd7e53ad5b5f93787366aca8582b,0,0,en,ase,whatsthatsign,"108, one hundred eight, a hundred eight","{""signpuddle_id"": ""656"", ""sign_fsw"": ""AS10020S2fe00S10006S10620S17620S1bb20M514x556S10020493x444S10620487x478S17620493x508S1bb20493x528"", ""source"": ""Adam Frost"", ""fps"": 29.97, ""duration"": 2.202, ""width"": 1280, ""height"": 720, ""codec"": ""h264""}"
videos/109_one_hundred_nine_a_hundred_nine.mp4,30a9cb30d0bd970a3578193498b78c42,0,0,en,ase,whatsthatsign,"109, one hundred nine, a hundred nine","{""signpuddle_id"": ""657"", ""sign_fsw"": ""AS10020S2fe00S10006S10620S17620S1ce20M514x557S10020492x443S10620486x477S17620492x507S1ce20492x527"", ""source"": ""Adam Frost"", ""fps"": 29.97, ""duration"": 1.968, ""width"": 1280, ""height"": 720, ""codec"": ""h264""}"
videos/10_o_clock_ten_o_clock_10_00.mp4,1d00b4bbde0b91531a6315871b65f100,0,0,en,ase,whatsthatsign,"10 o'clock, ten o'clock, 10:00","{""signpuddle_id"": ""2188"", ""sign_fsw"": ""AS10021S38630S20359S2fe00S20500S22a07S1f540S2f900M528x534S10021484x513S20359477x490S20500472x506S22a07506x502S1f540513x466S2f900515x493"", ""source"": ""Adam Frost"", ""fps"": 30.0, ""duration"": 1.7, ""width"": 1280, ""height"": 720, ""codec"": ""h264""}"
videos/10_ten.mp4,753505e1e3a8b34a2a4f6c0080a6bd9b,0,0,en,ase,whatsthatsign,"10, ten","{""signpuddle_id"": ""245"", ""sign_fsw"": ""AS1f540S2fe00S10006S2a408M523x518S1f540478x491S2a408498x482"", ""source"": ""Adam Frost"", ""fps"": 29.97, ""duration"": 2.402, ""width"": 1280, ""height"": 720, ""codec"": ""h264""}"
videos/11_eleven.mp4,283cc44374cb7e1683415201fceaf0fe,0,0,en,ase,whatsthatsign,"11, eleven","{""signpuddle_id"": ""543"", ""sign_fsw"": ""AS10000S2fe00S10006S21b00M509x521S10000491x491S21b00501x480"", ""source"": ""Adam Frost"", ""fps"": 29.97, ""duration"": 1.969, ""width"": 1280, ""height"": 720, ""codec"": ""h264""}"
videos/11_o_clock_eleven_o_clock_11_00.mp4,56136d31a7d82f00c59f6862a9b45094,0,0,en,ase,whatsthatsign,"11 o'clock, eleven o'clock, 11:00","{""signpuddle_id"": ""2189"", ""sign_fsw"": ""AS10021S38630S20359S2fe00S20500S22a07S10000S21b00S2f900M530x543S10021483x522S20359476x499S20500471x515S22a07505x511S10000512x469S21b00522x458S2f900514x502"", ""source"": ""Adam Frost"", ""fps"": 30.0, ""duration"": 1.6, ""width"": 1280, ""height"": 720, ""codec"": ""h264""}"
videos/12_o_clock_twelve_o_clock_12_00.mp4,e3b4e5b6b5df21a980507faf5fbad9c1,0,0,en,ase,whatsthatsign,"12 o'clock, twelve o'clock, 12:00","{""signpuddle_id"": ""2190"", ""sign_fsw"": ""AS10021S38630S20359S2fe00S20500S22a07S10e00S21b00S2f900M528x542S10021484x521S20359477x498S20500472x514S22a07506x510S10e00513x468S21b00517x458S2f900515x501"", ""source"": ""Adam Frost"", ""fps"": 30.0, ""duration"": 1.866, ""width"": 1280, ""height"": 720, ""codec"": ""h264""}"
videos/12_twelve.mp4,e91300da3c07b23ba86e81bc805d9273,0,0,en,ase,whatsthatsign,"12, twelve","{""signpuddle_id"": ""544"", ""sign_fsw"": ""AS10e00S2fe00S10006S21b00M508x520S10e00493x490S21b00497x480"", ""source"": ""Adam Frost"", ""fps"": 29.97, ""duration"": 2.369, ""width"": 1280, ""height"": 720, ""codec"": ""h264""}"
videos/13_thirteen.mp4,ba5685b9e938dd498c051912e7f640e3,0,0,en,ase,whatsthatsign,"13, thirteen","{""signpuddle_id"": ""61"", ""sign_fsw"": ""AS12d00S2fe00S10006S22114M513x519S12d00489x489S22114487x481"", ""source"": ""Adam Frost"", ""fps"": 29.97, ""duration"": 2.169, ""width"": 1280, ""height"": 720, ""codec"": ""h264""}"
videos/14_fourteen.mp4,69c7534c0d0bb7909d009b3d15b6b041,0,0,en,ase,whatsthatsign,"14, fourteen","{""signpuddle_id"": ""72"", ""sign_fsw"": ""AS14700S2fe00S10006S22114M513x515S14700493x493S22114487x486"", ""source"": ""Adam Frost"", ""fps"": 29.97, ""duration"": 2.169, ""width"": 1280, ""height"": 720, ""codec"": ""h264""}"
videos/15_fifteen.mp4,84b448e3cb9a0d055b45dd76bd26ba92,0,0,en,ase,whatsthatsign,"15, fifteen","{""signpuddle_id"": ""145"", ""sign_fsw"": ""AS15a00S2fe00S10006S22114M513x518S15a00494x491S22114487x483"", ""source"": ""Adam Frost"", ""fps"": 30.0, ""duration"": 2.0, ""width"": 1280, ""height"": 720, ""codec"": ""h264""}"
videos/16_sixteen.mp4,4768bd90c6ee729690b8c50b1a9d5825,0,0,en,ase,whatsthatsign,"16, sixteen","{""signpuddle_id"": ""168"", ""sign_fsw"": ""AS18710S2fe00S10006S2e008M521x521S18710480x492S2e008500x480"", ""source"": ""Adam Frost"", ""fps"": 29.97, ""duration"": 2.202, ""width"": 1280, ""height"": 720, ""codec"": ""h264""}"
videos/17_seventeen.mp4,8992ee20db852c7da3b8638d3f295869,0,0,en,ase,whatsthatsign,"17, seventeen","{""signpuddle_id"": ""187"", ""sign_fsw"": ""AS1a510S2fe00S10006S2e008M523x520S1a510478x492S2e008502x480"", ""source"": ""Adam Frost"", ""fps"": 29.97, ""duration"": 2.336, ""width"": 1280, ""height"": 720, ""codec"": ""h264""}"
videos/18_eighteen.mp4,7b74bbcdc45af775a28f2f2cdaa95781,0,0,en,ase,whatsthatsign,"18, eighteen","{""signpuddle_id"": ""191"", ""sign_fsw"": ""AS1bb10S2fe00S10006S2e008M522x520S1bb10478x492S2e008501x480"", ""source"": ""Adam Frost"", ""fps"": 29.97, ""duration"": 2.469, ""width"": 1280, ""height"": 720, ""codec"": ""h264""}"
videos/19_nineteen.mp4,a90d7cfd439025b8d37dbbc1a02837bb,0,0,en,ase,whatsthatsign,"19, nineteen","{""signpuddle_id"": ""199"", ""sign_fsw"": ""AS1ce10S2fe00S10006S2e008M522x522S1ce10478x492S2e008501x478"", ""source"": ""Adam Frost"", ""fps"": 30.0, ""duration"": 1.8, ""width"": 1280, ""height"": 720, ""codec"": ""h264""}"
videos/1_million_one_million_a_million.mp4,d40da9ef61dda3f1b0a967da2c706a59,0,0,en,ase,whatsthatsign,"1 million, one million, a million, 1,000,000, million","{""signpuddle_id"": ""2248"", ""sign_fsw"": ""AS10020S2fe00S15a38S2fe00S21400S18251S20500S26500S20500M521x538S10020493x463S15a38480x511S18251486x518S26500507x509S20500496x502"", ""source"": ""Adam Frost"", ""fps"": 30.0, ""duration"": 1.833, ""width"": 1280, ""height"": 720, ""codec"": ""h264""}"
videos/1_o_clock_one_o_clock_1_00.mp4,3073f3ee6d8e874e0f6b844279b86ca6,0,0,en,ase,whatsthatsign,"1 o'clock, one o'clock, 1:00","{""signpuddle_id"": ""2191"", ""sign_fsw"": ""AS10020S38630S20359S2fe00S20500S22a07S2f900M518x530S10020482x487S20359497x501S20500490x519S22a07491x480S2f900500x471"", ""source"": ""Adam Frost"", ""fps"": 30.0, ""duration"": 1.5, ""width"": 1280, ""height"": 720, ""codec"": ""h264""}"
videos/1_one.mp4,900b7be5921c3b46fc1c4f409db25c64,0,0,en,ase,whatsthatsign,"1, one","{""signpuddle_id"": ""1"", ""sign_fsw"": ""AS10000S2fe00S10006M508x515S10000493x485"", ""source"": ""Adam Frost"", ""fps"": 30.0, ""duration"": 2.0, ""width"": 1280, ""height"": 720, ""codec"": ""h264""}"
videos/1st_place_1st_first.mp4,f943e0a840e73e2d6e87110eb08af75a,0,0,en,ase,whatsthatsign,"1st place, 1st, first","{""signpuddle_id"": ""1117"", ""sign_fsw"": ""AS10040S2fe00S10006S26504S2f900M508x529S10040493x472S26504494x506S2f900495x524"", ""source"": ""Adam Frost"", ""fps"": 30.0, ""duration"": 1.9, ""width"": 1280, ""height"": 720, ""codec"": ""h264""}"
videos/200_two_hundred.mp4,5d7ecaa71489940231648a82a0f1da1d,0,0,en,ase,whatsthatsign,"200, two hundred","{""signpuddle_id"": ""2266"", ""sign_fsw"": ""AS10e20S2fe00S10006S11020M510x531S10e20495x470S11020491x504"", ""source"": ""Adam Frost"", ""fps"": 30.0, ""duration"": 1.733, ""width"": 1280, ""height"": 720, ""codec"": ""h264""}"
videos/200_two_hundred_VC.mp4,e9d87858837500ce83d8b517586e93b6,0,0,en,ase,whatsthatsign,"200, two hundred, VC","{""signpuddle_id"": ""2257"", ""sign_fsw"": ""AS10e20S2fe00S10006S16d20M509x527S10e20494x473S16d20492x507"", ""source"": ""Adam Frost"", ""fps"": 30.0, ""duration"": 1.8, ""width"": 1280, ""height"": 720, ""codec"": ""h264""}"
videos/20_twenty.mp4,295c985e7a20b9484f26bd4d93376fad,0,0,en,ase,whatsthatsign,"20, twenty","{""signpuddle_id"": ""235"", ""sign_fsw"": ""AS1f420S2fe00S10006S22114M517x513S1f420488x498S22114484x488"", ""source"": ""Adam Frost"", ""fps"": 29.97, ""duration"": 3.17, ""width"": 1280, ""height"": 720, ""codec"": ""h264""}"
videos/21_twenty-one.mp4,18273299a29b57b303c7c5cd918e353e,0,0,en,ase,whatsthatsign,"21, twenty-one","{""signpuddle_id"": ""219"", ""sign_fsw"": ""AS1dc20S2fe00S10006S21802M517x516S1dc20493x485S21802483x498"", ""source"": ""Adam Frost"", ""fps"": 29.97, ""duration"": 2.569, ""width"": 1280, ""height"": 720, ""codec"": ""h264""}"
videos/22_twenty-two.mp4,c15ecef645634f145281e602063ac0f8,0,0,en,ase,whatsthatsign,"22, twenty-two","{""signpuddle_id"": ""528"", ""sign_fsw"": ""AS10e50S2fe00S10006S22f04S26606M517x526S10e50490x474S26606487x501S22f04484x512"", ""source"": ""Adam Frost"", ""fps"": 30.0, ""duration"": 2.267, ""width"": 1280, ""height"": 720, ""codec"": ""h264""}"
videos/23_twenty-three.mp4,5e9da801826a34382f18e2aeba873455,0,0,en,ase,whatsthatsign,"23, twenty-three","{""signpuddle_id"": ""60"", ""sign_fsw"": ""AS12420S2fe00S10006S22114M519x516S12420481x486S22114493x484"", ""source"": ""Adam Frost"", ""fps"": 30.0, ""duration"": 2.1, ""width"": 1280, ""height"": 720, ""codec"": ""h264""}"
videos/24_twenty-four.mp4,1581d40edc9b78d34326166fcce02202,0,0,en,ase,whatsthatsign,"24, twenty-four","{""signpuddle_id"": ""213"", ""sign_fsw"": ""AS1dc20S2fe00S10006S14420M515x532S1dc20485x468S14420493x501"", ""source"": ""Adam Frost"", ""fps"": 29.97, ""duration"": 2.803, ""width"": 1280, ""height"": 720, ""codec"": ""h264""}"
videos/25_twenty-five.mp4,bcd1035fc0a9b5ff413a8ab9062561bd,0,0,en,ase,whatsthatsign,"25, twenty-five","{""signpuddle_id"": ""197"", ""sign_fsw"": ""AS1c520S2fe00S10006S22114M524x514S1c520494x486S22114477x487"", ""source"": ""Adam Frost"", ""fps"": 29.97, ""duration"": 2.402, ""width"": 1280, ""height"": 720, ""codec"": ""h264""}"
videos/26_twenty-six_LW.mp4,cf44e85a0241c1f5d098216faab361f5,0,0,en,ase,whatsthatsign,"26, twenty-six, LW","{""signpuddle_id"": ""215"", ""sign_fsw"": ""AS1dc20S2fe00S10006S18720M513x531S1dc20487x469S18720495x502"", ""source"": ""Adam Frost"", ""fps"": 29.97, ""duration"": 2.469, ""width"": 1280, ""height"": 720, ""codec"": ""h264""}"
videos/27_twenty-seven.mp4,e77d0f7c823263e9c36609fbbaac2de2,0,0,en,ase,whatsthatsign,"27, twenty-seven","{""signpuddle_id"": ""216"", ""sign_fsw"": ""AS1dc20S2fe00S10006S1a520M515x531S1dc20486x470S1a520494x503"", ""source"": ""Adam Frost"", ""fps"": 29.97, ""duration"": 2.302, ""width"": 1280, ""height"": 720, ""codec"": ""h264""}"
videos/28_twenty-eight.mp4,5ae0f9fcd0c516cb180e9b9893923ba5,0,0,en,ase,whatsthatsign,"28, twenty-eight","{""signpuddle_id"": ""217"", ""sign_fsw"": ""AS1dc20S2fe00S10006S1bb20M515x531S1dc20486x470S1bb20494x503"", ""source"": ""Adam Frost"", ""fps"": 29.97, ""duration"": 2.636, ""width"": 1280, ""height"": 720, ""codec"": ""h264""}"
videos/29_twenty-nine_LF.mp4,687bd8d933a5e74db500e8861fd73c5b,0,0,en,ase,whatsthatsign,"29, twenty-nine, LF","{""signpuddle_id"": ""218"", ""sign_fsw"": ""AS1dc20S2fe00S10006S1ce20M515x532S1dc20485x469S1ce20493x502"", ""source"": ""Adam Frost"", ""fps"": 29.97, ""duration"": 2.102, ""width"": 1280, ""height"": 720, ""codec"": ""h264""}"
videos/2_hours_two_hours.mp4,1c082476338cfd8fdedac03fddcbcc85,0,0,en,ase,whatsthatsign,"2 hours, two hours","{""signpuddle_id"": ""1307"", ""sign_fsw"": ""AS10e10S2fe00S15a18S2fe00S21406S2e700S20500M515x530S15a18485x493S10e10498x471S2e700500x505"", ""source"": ""Adam Frost"", ""fps"": 29.97, ""duration"": 1.668, ""width"": 1280, ""height"": 720, ""codec"": ""h264""}"
videos/2_minutes_two_minutes.mp4,71b76710dcb2d32f176569d8de3b02aa,0,0,en,ase,whatsthatsign,"2 minutes, two minutes","{""signpuddle_id"": ""2249"", ""sign_fsw"": ""AS10e10S2fe00S15a18S2fe00S21406S20500S2c300M515x538S15a18486x511S10e10497x489S2c300489x463"", ""source"": ""Adam Frost"", ""fps"": 30.0, ""duration"": 2.433, ""width"": 1280, ""height"": 720, ""codec"": ""h264""}"
videos/2_o_clock_two_o_clock_2_00.mp4,7cd275578b67405e0b9a7d39339c2662,0,0,en,ase,whatsthatsign,"2 o'clock, two o'clock, 2:00","{""signpuddle_id"": ""2192"", ""sign_fsw"": ""AS10e20S38630S20359S2fe00S20500S22a07S2f900M518x532S10e20482x487S20359497x501S20500489x521S22a07496x477S2f900505x468"", ""source"": ""Adam Frost"", ""fps"": 30.0, ""duration"": 1.533, ""width"": 1280, ""height"": 720, ""codec"": ""h264""}"
videos/2_two.mp4,71d71d4ab52f610298cdc616bbd275c5,0,0,en,ase,whatsthatsign,"2, two","{""signpuddle_id"": ""29"", ""sign_fsw"": ""AS10e00S2fe00S10006M508x515S10e00493x485"", ""source"": ""Adam Frost"", ""fps"": 30.0, ""duration"": 2.0, ""width"": 1280, ""height"": 720, ""codec"": ""h264""}"
videos/2_years_ago_two_years_ago.mp4,d4fbfa2788bef1c4141da448868ec5d8,0,0,en,ase,whatsthatsign,"2 years ago, two years ago","{""signpuddle_id"": ""943"", ""sign_fsw"": ""AS10e00S38507S10006S22124M545x520S36d00479x506S10e00527x490S22124523x480"", ""source"": ""Adam Frost"", ""fps"": 29.97, ""duration"": 2.302, ""width"": 1280, ""height"": 720, ""codec"": ""h264""}"
videos/2nd_place_2nd_second.mp4,c5034b9eed12cd34a33fe11d82d5f1ab,0,0,en,ase,whatsthatsign,"2nd place, 2nd, second","{""signpuddle_id"": ""1118"", ""sign_fsw"": ""AS10e40S2fe00S10006S26504S2f900M508x529S10e40493x472S26504494x506S2f900495x524"", ""source"": ""Adam Frost"", ""fps"": 29.97, ""duration"": 1.902, ""width"": 1280, ""height"": 720, ""codec"": ""h264""}"
videos/300_three_hundred.mp4,b300d91c358ae9c32e1da1d2196597c7,0,0,en,ase,whatsthatsign,"300, three hundred","{""signpuddle_id"": ""2267"", ""sign_fsw"": ""AS11e20S2fe00S10006S12120M512x531S11e20489x470S12120488x504"", ""source"": ""Adam Frost"", ""fps"": 30.0, ""duration"": 1.833, ""width"": 1280, ""height"": 720, ""codec"": ""h264""}"
videos/30_thirty.mp4,daa9ceafb85f19bb904ea0e3f0184adc,0,0,en,ase,whatsthatsign,"30, thirty","{""signpuddle_id"": ""525"", ""sign_fsw"": ""AS11e20S2fe00S10006S17620M512x525S11e20489x475S17620496x509"", ""source"": ""Adam Frost"", ""fps"": 30.0, ""duration"": 2.567, ""width"": 1280, ""height"": 720, ""codec"": ""h264""}"
videos/31_thirty-one.mp4,28b3be450d17b4cd6d471637c06a2ec4,0,0,en,ase,whatsthatsign,"31, thirty-one","{""signpuddle_id"": ""526"", ""sign_fsw"": ""AS11e20S2fe00S10006S10020M512x532S11e20489x468S10020497x502"", ""source"": ""Adam Frost"", ""fps"": 29.97, ""duration"": 2.269, ""width"": 1280, ""height"": 720, ""codec"": ""h264""}"
videos/32_thirty-two.mp4,e9e8bf22ff7253295e21ece481c0441e,0,0,en,ase,whatsthatsign,"32, thirty-two","{""signpuddle_id"": ""527"", ""sign_fsw"": ""AS11e20S2fe00S10006S10e20M512x532S11e20489x468S10e20497x502"", ""source"": ""Adam Frost"", ""fps"": 30.0, ""duration"": 2.167, ""width"": 1280, ""height"": 720, ""codec"": ""h264""}"
videos/33_thirty-three.mp4,5a271ed78ad0146143d6075beb79b2f1,0,0,en,ase,whatsthatsign,"33, thirty-three","{""signpuddle_id"": ""529"", ""sign_fsw"": ""AS11e50S2fe00S10006S22f04S26606M518x526S11e50483x474S26606488x501S22f04485x512"", ""source"": ""Adam Frost"", ""fps"": 29.97, ""duration"": 2.035, ""width"": 1280, ""height"": 720, ""codec"": ""h264""}"
videos/34_thirty-four.mp4,36ea1d9ad956ed97f24d4f2af787bcae,0,0,en,ase,whatsthatsign,"34, thirty-four","{""signpuddle_id"": ""545"", ""sign_fsw"": ""AS11e20S2fe00S10006S14420M515x532S11e20486x468S14420493x501"", ""source"": ""Adam Frost"", ""fps"": 30.0, ""duration"": 2.433, ""width"": 1280, ""height"": 720, ""codec"": ""h264""}"
videos/35_thirty-five.mp4,9f1dcbb266c5d6ef4cdb9fdce8a81888,0,0,en,ase,whatsthatsign,"35, thirty-five","{""signpuddle_id"": ""546"", ""sign_fsw"": ""AS11e20S2fe00S10006S14c20M514x532S11e20486x468S14c20491x501"", ""source"": ""Adam Frost"", ""fps"": 30.0, ""duration"": 2.367, ""width"": 1280, ""height"": 720, ""codec"": ""h264""}"
videos/36_thirty-six.mp4,5852e45f208275a81fa83fd6b8e79f83,0,0,en,ase,whatsthatsign,"36, thirty-six","{""signpuddle_id"": ""547"", ""sign_fsw"": ""AS11e20S2fe00S10006S18720M513x531S11e20488x469S18720495x502"", ""source"": ""Adam Frost"", ""fps"": 29.97, ""duration"": 2.536, ""width"": 1280, ""height"": 720, ""codec"": ""h264""}"
videos/37_thirty-seven.mp4,18d0b2b938a9ecef4d7635e99d46c93f,0,0,en,ase,whatsthatsign,"37, thirty-seven","{""signpuddle_id"": ""548"", ""sign_fsw"": ""AS11e20S2fe00S10006S1a520M515x531S11e20486x469S1a520494x503"", ""source"": ""Adam Frost"", ""fps"": 29.97, ""duration"": 2.436, ""width"": 1280, ""height"": 720, ""codec"": ""h264""}"
videos/38_thirty-eight.mp4,11af21089b92059bc276e852adbfecc1,0,0,en,ase,whatsthatsign,"38, thirty-eight","{""signpuddle_id"": ""549"", ""sign_fsw"": ""AS11e20S2fe00S10006S1bb20M515x531S11e20486x469S1bb20494x503"", ""source"": ""Adam Frost"", ""fps"": 30.0, ""duration"": 2.0, ""width"": 1280, ""height"": 720, ""codec"": ""h264""}"
videos/39_thirty-nine.mp4,a05f9334cf7931eefbbcbb699eb3b36b,0,0,en,ase,whatsthatsign,"39, thirty-nine","{""signpuddle_id"": ""550"", ""sign_fsw"": ""AS11e20S2fe00S10006S1ce20M515x532S11e20485x468S1ce20493x502"", ""source"": ""Adam Frost"", ""fps"": 30.0, ""duration"": 2.367, ""width"": 1280, ""height"": 720, ""codec"": ""h264""}"
videos/3_hours_three_hours.mp4,7e9ba3b8ad0b14e66440642e1e1e549f,0,0,en,ase,whatsthatsign,"3 hours, three hours","{""signpuddle_id"": ""1308"", ""sign_fsw"": ""AS11e10S2fe00S15a18S2fe00S21406S2e700S20500M518x530S15a18482x493S11e10495x471S2e700497x505"", ""source"": ""Adam Frost"", ""fps"": 30.0, ""duration"": 2.333, ""width"": 1280, ""height"": 720, ""codec"": ""h264""}"
videos/3_minutes_three_minutes.mp4,2da7f38b0ef985d1a051365a5b6f47bc,0,0,en,ase,whatsthatsign,"3 minutes, three minutes","{""signpuddle_id"": ""2250"", ""sign_fsw"": ""AS11e10S2fe00S15a18S2fe00S21406S20500S2c300M517x538S15a18483x511S11e10494x489S2c300486x463"", ""source"": ""Adam Frost"", ""fps"": 30.0, ""duration"": 2.066, ""width"": 1280, ""height"": 720, ""codec"": ""h264""}"
videos/3_o_clock_three_o_clock_3_00.mp4,a5e2975b4ea2da4ea9e3b1df719fcebf,0,0,en,ase,whatsthatsign,"3 o'clock, three o'clock, 3:00","{""signpuddle_id"": ""2193"", ""sign_fsw"": ""AS11e20S38630S20359S2fe00S20500S22a07S2f900M522x532S11e20478x487S20359501x501S20500493x521S22a07500x477S2f900509x468"", ""source"": ""Adam Frost"", ""fps"": 30.0, ""duration"": 1.7, ""width"": 1280, ""height"": 720, ""codec"": ""h264""}"
videos/3_three.mp4,872ba1962e81f9b45efe2482a27fa215,0,0,en,ase,whatsthatsign,"3, three","{""signpuddle_id"": ""58"", ""sign_fsw"": ""AS11e00S2fe00S10006M512x515S11e00489x485"", ""source"": ""Adam Frost"", ""fps"": 30.0, ""duration"": 2.133, ""width"": 1280, ""height"": 720, ""codec"": ""h264""}"
videos/3_years_ago_three_years_ago.mp4,76102c67a603e37647ac98fa70581b75,0,0,en,ase,whatsthatsign,"3 years ago, three years ago","{""signpuddle_id"": ""945"", ""sign_fsw"": ""AS11e00S38507S10006S22124M550x520S36d00479x506S11e00527x490S22124523x480"", ""source"": ""Adam Frost"", ""fps"": 30.0, ""duration"": 2.267, ""width"": 1280, ""height"": 720, ""codec"": ""h264""}"
videos/3rd_place_3rd_third.mp4,08fa7215450a7edab982da841a37919d,0,0,en,ase,whatsthatsign,"3rd place, 3rd, third","{""signpuddle_id"": ""1119"", ""sign_fsw"": ""AS11e40S2fe00S10006S26504S2f900M512x529S11e40489x472S26504490x506S2f900492x524"", ""source"": ""Adam Frost"", ""fps"": 29.97, ""duration"": 2.135, ""width"": 1280, ""height"": 720, ""codec"": ""h264""}"
videos/400_four_hundred.mp4,8d2f4084428e8d372f95ba07834c46e9,0,0,en,ase,whatsthatsign,"400, four hundred","{""signpuddle_id"": ""2268"", ""sign_fsw"": ""AS14420S2fe00S10006S14520M513x533S14420491x467S14520488x502"", ""source"": ""Adam Frost"", ""fps"": 30.0, ""duration"": 1.766, ""width"": 1280, ""height"": 720, ""codec"": ""h264""}"
videos/40_forty.mp4,5f98ef2fd6c9aa555db7d672a1d9d87e,0,0,en,ase,whatsthatsign,"40, forty","{""signpuddle_id"": ""563"", ""sign_fsw"": ""AS14420S2fe00S10006S17620M511x526S14420489x475S17620490x510"", ""source"": ""Adam Frost"", ""fps"": 29.97, ""duration"": 2.369, ""width"": 1280, ""height"": 720, ""codec"": ""h264""}"
videos/41_forty-one.mp4,74583896ebfc6914ab6bb205ea1d3e92,0,0,en,ase,whatsthatsign,"41, forty-one","{""signpuddle_id"": ""564"", ""sign_fsw"": ""AS14420S2fe00S10006S10020M511x533S14420489x468S10020491x503"", ""source"": ""Adam Frost"", ""fps"": 30.0, ""duration"": 2.467, ""width"": 1280, ""height"": 720, ""codec"": ""h264""}"
videos/42_forty-two.mp4,12da42e6cd527673ebe41cbe41de3716,0,0,en,ase,whatsthatsign,"42, forty-two","{""signpuddle_id"": ""565"", ""sign_fsw"": ""AS14420S2fe00S10006S10e20M511x533S14420489x468S10e20491x503"", ""source"": ""Adam Frost"", ""fps"": 29.97, ""duration"": 1.768, ""width"": 1280, ""height"": 720, ""codec"": ""h264""}"
videos/43_forty-three.mp4,18e2bd5b97eeffdb83b05255b16f8bb1,0,0,en,ase,whatsthatsign,"43, forty-three","{""signpuddle_id"": ""566"", ""sign_fsw"": ""AS14420S2fe00S10006S11e20M514x533S14420492x468S11e20486x503"", ""source"": ""Adam Frost"", ""fps"": 29.97, ""duration"": 2.469, ""width"": 1280, ""height"": 720, ""codec"": ""h264""}"
videos/44_forty-four.mp4,7f806b3453950b6ea5ebf9ca9c65746f,0,0,en,ase,whatsthatsign,"44, forty-four","{""signpuddle_id"": ""530"", ""sign_fsw"": ""AS14450S2fe00S10006S22f04S26606M517x527S14450488x474S26606487x502S22f04484x513"", ""source"": ""Adam Frost"", ""fps"": 29.97, ""duration"": 2.002, ""width"": 1280, ""height"": 720, ""codec"": ""h264""}"
videos/45_forty-five.mp4,2dbbe00902050d11068c43f0e94c9b76,0,0,en,ase,whatsthatsign,"45, forty-five","{""signpuddle_id"": ""567"", ""sign_fsw"": ""AS14420S2fe00S10006S14c20M512x533S14420490x467S14c20488x502"", ""source"": ""Adam Frost"", ""fps"": 29.97, ""duration"": 2.603, ""width"": 1280, ""height"": 720, ""codec"": ""h264""}"
videos/46_forty-six.mp4,1adcf183a2dc325bdb14f32242ca001d,0,0,en,ase,whatsthatsign,"46, forty-six","{""signpuddle_id"": ""568"", ""sign_fsw"": ""AS14420S2fe00S10006S18720M511x532S14420489x468S18720489x503"", ""source"": ""Adam Frost"", ""fps"": 29.97, ""duration"": 2.202, ""width"": 1280, ""height"": 720, ""codec"": ""h264""}"
videos/47_forty-seven.mp4,c1eaa8985c9b1e6fb13e2fbca7404c0b,0,0,en,ase,whatsthatsign,"47, forty-seven","{""signpuddle_id"": ""569"", ""sign_fsw"": ""AS14420S2fe00S10006S1a520M512x532S14420489x468S1a520491x504"", ""source"": ""Adam Frost"", ""fps"": 29.97, ""duration"": 2.102, ""width"": 1280, ""height"": 720, ""codec"": ""h264""}"
videos/48_forty-eight.mp4,7c161eb5db3db6cc7c64ccd04529a520,0,0,en,ase,whatsthatsign,"48, forty-eight","{""signpuddle_id"": ""570"", ""sign_fsw"": ""AS14420S2fe00S10006S1bb20M512x532S14420489x468S1bb20491x504"", ""source"": ""Adam Frost"", ""fps"": 30.0, ""duration"": 2.333, ""width"": 1280, ""height"": 720, ""codec"": ""h264""}"
videos/49_forty-nine.mp4,e47a21b6a64d1dfb0ec5fa5aa71f43ef,0,0,en,ase,whatsthatsign,"49, forty-nine","{""signpuddle_id"": ""571"", ""sign_fsw"": ""AS14420S2fe00S10006S1ce20M511x533S14420489x467S1ce20489x503"", ""source"": ""Adam Frost"", ""fps"": 29.97, ""duration"": 2.002, ""width"": 1280, ""height"": 720, ""codec"": ""h264""}"
videos/4_four.mp4,2d2a46d70b74689f70cee218f9bd2fce,0,0,en,ase,whatsthatsign,"4, four","{""signpuddle_id"": ""70"", ""sign_fsw"": ""AS14400S2fe00S10006M511x516S14400489x485"", ""source"": ""Adam Frost"", ""fps"": 29.97, ""duration"": 1.902, ""width"": 1280, ""height"": 720, ""codec"": ""h264""}"
videos/4_hours_four_hours.mp4,610799efca140f58bdb413a4dbe4f811,0,0,en,ase,whatsthatsign,"4 hours, four hours","{""signpuddle_id"": ""1309"", ""sign_fsw"": ""AS14410S2fe00S15a18S2fe00S21406S2e700S20500M517x530S15a18484x493S14410495x470S2e700499x505"", ""source"": ""Adam Frost"", ""fps"": 30.0, ""duration"": 2.467, ""width"": 1280, ""height"": 720, ""codec"": ""h264""}"
videos/4_minutes_four_minutes.mp4,6da128c8f1fa65eaddf8cfa59a5726c2,0,0,en,ase,whatsthatsign,"4 minutes, four minutes","{""signpuddle_id"": ""2251"", ""sign_fsw"": ""AS14410S2fe00S15a18S2fe00S21406S20500S2c300M516x538S15a18485x511S14410494x488S2c300488x463"", ""source"": ""Adam Frost"", ""fps"": 30.0, ""duration"": 2.133, ""width"": 1280, ""height"": 720, ""codec"": ""h264""}"
videos/4_o_clock_four_o_clock_4_00.mp4,d7b4e327d6fc2d2c5ceba7e02dbd2188,0,0,en,ase,whatsthatsign,"4 o'clock, four o'clock, 4:00","{""signpuddle_id"": ""2194"", ""sign_fsw"": ""AS14420S38630S20359S2fe00S20500S22a07S2f900M519x533S14420482x487S20359498x502S20500490x522S22a07500x477S2f900508x468"", ""source"": ""Adam Frost"", ""fps"": 30.0, ""duration"": 1.533, ""width"": 1280, ""height"": 720, ""codec"": ""h264""}"
videos/4_years_ago_four_years_ago.mp4,651affcf9be701f02fe6aef748eb30f1,0,0,en,ase,whatsthatsign,"4 years ago, four years ago","{""signpuddle_id"": ""947"", ""sign_fsw"": ""AS14400S38507S10006S22124M546x520S36d00479x506S14400522x489S22124524x480"", ""source"": ""Adam Frost"", ""fps"": 29.97, ""duration"": 2.102, ""width"": 1280, ""height"": 720, ""codec"": ""h264""}"
videos/4th_place_4th_fourth.mp4,cb18f23775ec524a15aabac24538f3f2,0,0,en,ase,whatsthatsign,"4th place, 4th, fourth","{""signpuddle_id"": ""1120"", ""sign_fsw"": ""AS14440S2fe00S10006S26504S2f900M511x529S14440489x471S26504491x506S2f900493x524"", ""source"": ""Adam Frost"", ""fps"": 29.97, ""duration"": 2.035, ""width"": 1280, ""height"": 720, ""codec"": ""h264""}"
videos/500_five_hundred.mp4,aa17b3e312028a25a5bd3d71623da39e,0,0,en,ase,whatsthatsign,"500, five hundred","{""signpuddle_id"": ""2269"", ""sign_fsw"": ""AS14c20S2fe00S10006S14e20M513x533S14c20490x467S14e20488x502"", ""source"": ""Adam Frost"", ""fps"": 30.0, ""duration"": 1.533, ""width"": 1280, ""height"": 720, ""codec"": ""h264""}"
videos/50__fifty_cents_half_dollar.mp4,bf2ba2d7b5b7e96cc6fef2a5e94a6ffa,0,0,en,ase,whatsthatsign,"50¢, fifty cents, half dollar","{""signpuddle_id"": ""1904"", ""sign_fsw"": ""AS14c21S30007S10006S20500S26500S17620M540x518S2ff00482x483S14c21513x484S26500516x466S17620515x447"", ""source"": ""Adam Frost"", ""fps"": 29.97, ""duration"": 1.869, ""width"": 1280, ""height"": 720, ""codec"": ""h264""}"
videos/50_fifty.mp4,682483c0a09b39a648f55f2c14996ece,0,0,en,ase,whatsthatsign,"50, fifty","{""signpuddle_id"": ""572"", ""sign_fsw"": ""AS14c20S2fe00S10006S17620M512x526S14c20489x475S17620492x510"", ""source"": ""Adam Frost"", ""fps"": 30.0, ""duration"": 2.333, ""width"": 1280, ""height"": 720, ""codec"": ""h264""}"
videos/51_fifty-one.mp4,332a167f25324fd18cdba2908c37f727,0,0,en,ase,whatsthatsign,"51, fifty-one","{""signpuddle_id"": ""573"", ""sign_fsw"": ""AS14c20S2fe00S10006S10020M512x533S14c20489x468S10020493x503"", ""source"": ""Adam Frost"", ""fps"": 29.97, ""duration"": 1.935, ""width"": 1280, ""height"": 720, ""codec"": ""h264""}"
videos/52_fifty-two.mp4,f502e044c11642aaba354d871a424bb0,0,0,en,ase,whatsthatsign,"52, fifty-two","{""signpuddle_id"": ""574"", ""sign_fsw"": ""AS14c20S2fe00S10006S10e20M512x533S14c20489x468S10e20493x503"", ""source"": ""Adam Frost"", ""fps"": 29.97, ""duration"": 2.302, ""width"": 1280, ""height"": 720, ""codec"": ""h264""}"
videos/53_fifty-three.mp4,c0c63e56da49ec69a84055a60481d4f8,0,0,en,ase,whatsthatsign,"53, fifty-three","{""signpuddle_id"": ""575"", ""sign_fsw"": ""AS14c20S2fe00S10006S11e20M514x533S14c20491x468S11e20487x503"", ""source"": ""Adam Frost"", ""fps"": 29.97, ""duration"": 2.102, ""width"": 1280, ""height"": 720, ""codec"": ""h264""}"
videos/54_fifty-four.mp4,8fb88520abf428e6a213253dab47b4f8,0,0,en,ase,whatsthatsign,"54, fifty-four","{""signpuddle_id"": ""576"", ""sign_fsw"": ""AS14c20S2fe00S10006S14420M512x533S14c20488x467S14420490x502"", ""source"": ""Adam Frost"", ""fps"": 30.0, ""duration"": 2.167, ""width"": 1280, ""height"": 720, ""codec"": ""h264""}"
videos/55_fifty-five.mp4,6b0cd3e578fd5e6c9ee9bbc5bf254e2d,0,0,en,ase,whatsthatsign,"55, fifty-five","{""signpuddle_id"": ""531"", ""sign_fsw"": ""AS14c50S2fe00S10006S22f04S26606M517x527S14c50485x474S26606487x502S22f04484x513"", ""source"": ""Adam Frost"", ""fps"": 30.0, ""duration"": 2.7, ""width"": 1280, ""height"": 720, ""codec"": ""h264""}"
videos/56_fifty-six.mp4,5e91c008eddee09917696b9375149cde,0,0,en,ase,whatsthatsign,"56, fifty-six","{""signpuddle_id"": ""577"", ""sign_fsw"": ""AS14c20S2fe00S10006S18720M512x532S14c20489x468S18720491x503"", ""source"": ""Adam Frost"", ""fps"": 29.97, ""duration"": 2.469, ""width"": 1280, ""height"": 720, ""codec"": ""h264""}"
videos/57_fifty-seven.mp4,ba6ee19ca6289ac45648c9c27af4fe86,0,0,en,ase,whatsthatsign,"57, fifty-seven","{""signpuddle_id"": ""578"", ""sign_fsw"": ""AS14c20S2fe00S10006S1a520M513x532S14c20488x468S1a520492x504"", ""source"": ""Adam Frost"", ""fps"": 30.0, ""duration"": 2.233, ""width"": 1280, ""height"": 720, ""codec"": ""h264""}"
videos/58_fifty-eight.mp4,4afb9be49e0e26e9fd77589520a5f199,0,0,en,ase,whatsthatsign,"58, fifty-eight","{""signpuddle_id"": ""579"", ""sign_fsw"": ""AS14c20S2fe00S10006S1bb20M513x532S14c20488x468S1bb20492x504"", ""source"": ""Adam Frost"", ""fps"": 29.97, ""duration"": 1.969, ""width"": 1280, ""height"": 720, ""codec"": ""h264""}"
videos/59_fifty-nine.mp4,0912d14de8a098b04b2f31acc8d2314e,0,0,en,ase,whatsthatsign,"59, fifty-nine","{""signpuddle_id"": ""580"", ""sign_fsw"": ""AS14c20S2fe00S10006S1ce20M512x533S14c20488x467S1ce20490x503"", ""source"": ""Adam Frost"", ""fps"": 29.97, ""duration"": 1.902, ""width"": 1280, ""height"": 720, ""codec"": ""h264""}"
videos/5_five.mp4,c2c93062fe38d4209f683b50f8d3c33d,0,0,en,ase,whatsthatsign,"5, five","{""signpuddle_id"": ""78"", ""sign_fsw"": ""AS14c00S2fe00S10006M512x516S14c00489x485"", ""source"": ""Adam Frost"", ""fps"": 29.97, ""duration"": 1.702, ""width"": 1280, ""height"": 720, ""codec"": ""h264""}"
videos/5_hours_five_hours.mp4,b50760f9f9c631407161941cf305292f,0,0,en,ase,whatsthatsign,"5 hours, five hours","{""signpuddle_id"": ""1310"", ""sign_fsw"": ""AS14c10S2fe00S15a18S2fe00S21406S2e700S20500M516x530S15a18485x493S14c10493x470S2e700500x505"", ""source"": ""Adam Frost"", ""fps"": 29.97, ""duration"": 2.402, ""width"": 1280, ""height"": 720, ""codec"": ""h264""}"
videos/5_minutes_five_minutes.mp4,8a333e902a20c9f769859d855f8451c3,0,0,en,ase,whatsthatsign,"5 minutes, five minutes","{""signpuddle_id"": ""2252"", ""sign_fsw"": ""AS14c10S2fe00S15a18S2fe00S21406S20500S2c300M515x538S15a18486x511S14c10490x488S2c300489x463"", ""source"": ""Adam Frost"", ""fps"": 30.0, ""duration"": 2.266, ""width"": 1280, ""height"": 720, ""codec"": ""h264""}"
videos/5_o_clock_five_o_clock_5_00.mp4,9975d5743dce510ab57be6d9b58d9666,0,0,en,ase,whatsthatsign,"5 o'clock, five o'clock, 5:00","{""signpuddle_id"": ""2195"", ""sign_fsw"": ""AS14c20S38630S20359S2fe00S20500S22a07S2f900M519x533S14c20481x487S20359497x502S20500489x522S22a07500x476S2f900508x467"", ""source"": ""Adam Frost"", ""fps"": 30.0, ""duration"": 1.633, ""width"": 1280, ""height"": 720, ""codec"": ""h264""}"
videos/5_years_ago_five_years_ago.mp4,d2dd863137e4d673f51941645c7f3127,0,0,en,ase,whatsthatsign,"5 years ago, five years ago","{""signpuddle_id"": ""949"", ""sign_fsw"": ""AS14c00S38507S10006S22124M546x520S36d00479x506S14c00523x489S22124524x480"", ""source"": ""Adam Frost"", ""fps"": 29.97, ""duration"": 2.302, ""width"": 1280, ""height"": 720, ""codec"": ""h264""}"
videos/5th_place_5th_fifth.mp4,c5015da3fe3e4a12af3863839ac72bc4,0,0,en,ase,whatsthatsign,"5th place, 5th, fifth","{""signpuddle_id"": ""1121"", ""sign_fsw"": ""AS14c40S2fe00S10006S26504S2f900M512x529S14c40488x471S26504493x506S2f900494x524"", ""source"": ""Adam Frost"", ""fps"": 30.0, ""duration"": 1.967, ""width"": 1280, ""height"": 720, ""codec"": ""h264""}"
videos/600_six_hundred_WC.mp4,ac201f298f89059ded829c8646602c6e,0,0,en,ase,whatsthatsign,"600, six hundred, WC","{""signpuddle_id"": ""2261"", ""sign_fsw"": ""AS18720S2fe00S10006S16d20M509x527S18720491x474S16d20491x507"", ""source"": ""Adam Frost"", ""fps"": 30.0, ""duration"": 1.6, ""width"": 1280, ""height"": 720, ""codec"": ""h264""}"
videos/60_sixty.mp4,5976b65eb87c12bb4f71737d033edb16,0,0,en,ase,whatsthatsign,"60, sixty","{""signpuddle_id"": ""581"", ""sign_fsw"": ""AS18720S2fe00S10006S17620M509x525S18720491x476S17620492x509"", ""source"": ""Adam Frost"", ""fps"": 29.97, ""duration"": 1.935, ""width"": 1280, ""height"": 720, ""codec"": ""h264""}"
videos/61_sixty-one.mp4,b1dd4e2bf25da4e31c514c82472b89eb,0,0,en,ase,whatsthatsign,"61, sixty-one","{""signpuddle_id"": ""582"", ""sign_fsw"": ""AS18720S2fe00S10006S10020M509x532S18720491x469S10020493x502"", ""source"": ""Adam Frost"", ""fps"": 30.0, ""duration"": 2.0, ""width"": 1280, ""height"": 720, ""codec"": ""h264""}"
videos/62_sixty-two.mp4,90e9ff826ff74f6000f44bb0b4fce5cc,0,0,en,ase,whatsthatsign,"62, sixty-two","{""signpuddle_id"": ""583"", ""sign_fsw"": ""AS18720S2fe00S10006S10e20M509x532S18720491x469S10e20493x502"", ""source"": ""Adam Frost"", ""fps"": 29.97, ""duration"": 2.069, ""width"": 1280, ""height"": 720, ""codec"": ""h264""}"
videos/63_sixty-three.mp4,4485f5a3b67471de6906560f54cbd58f,0,0,en,ase,whatsthatsign,"63, sixty-three","{""signpuddle_id"": ""584"", ""sign_fsw"": ""AS18720S2fe00S10006S11e20M512x532S18720494x469S11e20488x502"", ""source"": ""Adam Frost"", ""fps"": 29.97, ""duration"": 2.002, ""width"": 1280, ""height"": 720, ""codec"": ""h264""}"
videos/64_sixty-four.mp4,028f35dfe12239257944d49cbb3a8eef,0,0,en,ase,whatsthatsign,"64, sixty-four","{""signpuddle_id"": ""585"", ""sign_fsw"": ""AS18720S2fe00S10006S14420M511x532S18720489x468S14420489x501"", ""source"": ""Adam Frost"", ""fps"": 29.97, ""duration"": 2.002, ""width"": 1280, ""height"": 720, ""codec"": ""h264""}"
videos/65_sixt-five.mp4,fa299987a26fd532888fb868e59aa6e6,0,0,en,ase,whatsthatsign,"65, sixt-five","{""signpuddle_id"": ""586"", ""sign_fsw"": ""AS18720S2fe00S10006S14c20M512x532S18720491x468S14c20489x501"", ""source"": ""Adam Frost"", ""fps"": 30.0, ""duration"": 2.1, ""width"": 1280, ""height"": 720, ""codec"": ""h264""}"
videos/66_sixty-six.mp4,b7821c7c874e3acaff2ee858fbf16ca2,0,0,en,ase,whatsthatsign,"66, sixty-six","{""signpuddle_id"": ""532"", ""sign_fsw"": ""AS18750S2fe00S10006S22f04S26606M517x526S18750488x475S26606487x501S22f04484x512"", ""source"": ""Adam Frost"", ""fps"": 29.97, ""duration"": 2.87, ""width"": 1280, ""height"": 720, ""codec"": ""h264""}"
videos/67_sixty-seven.mp4,0278b0acdd05e579b850084f358dac25,0,0,en,ase,whatsthatsign,"67, sixty-seven","{""signpuddle_id"": ""587"", ""sign_fsw"": ""AS18720S2fe00S10006S1a520M511x531S18720489x470S1a520490x503"", ""source"": ""Adam Frost"", ""fps"": 29.97, ""duration"": 1.869, ""width"": 1280, ""height"": 720, ""codec"": ""h264""}"
videos/68_sixty-eight.mp4,2bf8fa6f7b1019da44aefd76b0628f22,0,0,en,ase,whatsthatsign,"68, sixty-eight","{""signpuddle_id"": ""588"", ""sign_fsw"": ""AS18720S2fe00S10006S1bb20M511x531S18720489x470S1bb20490x503"", ""source"": ""Adam Frost"", ""fps"": 30.0, ""duration"": 2.0, ""width"": 1280, ""height"": 720, ""codec"": ""h264""}"
videos/69_sixty-nine.mp4,28fa48c7064ddda52a8b252c739a06f9,0,0,en,ase,whatsthatsign,"69, sixty-nine","{""signpuddle_id"": ""589"", ""sign_fsw"": ""AS18720S2fe00S10006S1ce20M512x532S18720489x469S1ce20490x502"", ""source"": ""Adam Frost"", ""fps"": 29.97, ""duration"": 2.069, ""width"": 1280, ""height"": 720, ""codec"": ""h264""}"
videos/6_hours_six_hours.mp4,400a891f70d363581793f9787c5f3c10,0,0,en,ase,whatsthatsign,"6 hours, six hours","{""signpuddle_id"": ""1311"", ""sign_fsw"": ""AS18710S2fe00S15a18S2fe00S21406S2e700S20500M515x529S15a18485x492S18710496x471S2e700500x504"", ""source"": ""Adam Frost"", ""fps"": 29.97, ""duration"": 2.369, ""width"": 1280, ""height"": 720, ""codec"": ""h264""}"
videos/6_minutes_six_minutes.mp4,d09357d41b789ccd5bca23256e978582,0,0,en,ase,whatsthatsign,"6 minutes, six minutes","{""signpuddle_id"": ""2253"", ""sign_fsw"": ""AS18710S2fe00S15a18S2fe00S21406S20500S2c300M515x538S15a18486x511S18710494x490S2c300489x463"", ""source"": ""Adam Frost"", ""fps"": 30.0, ""duration"": 2.2, ""width"": 1280, ""height"": 720, ""codec"": ""h264""}"
videos/6_o_clock_six_o_clock_6_00.mp4,8b071b16bca2a20f37cdef5ced3a8e31,0,0,en,ase,whatsthatsign,"6 o'clock, six o'clock, 6:00","{""signpuddle_id"": ""2196"", ""sign_fsw"": ""AS18720S38630S20357S2fe00S20500S22a07S2f900M519x531S18720481x487S20357498x500S20500490x520S22a07500x478S2f900508x469"", ""source"": ""Adam Frost"", ""fps"": 30.0, ""duration"": 1.7, ""width"": 1280, ""height"": 720, ""codec"": ""h264""}"
videos/6th_place_6th_sixth.mp4,3e5d7b8229f4edc60f8d2ad6ebc23565,0,0,en,ase,whatsthatsign,"6th place, 6th, sixth","{""signpuddle_id"": ""1122"", ""sign_fsw"": ""AS18740S2fe00S10006S26504S2f900M509x528S18740491x472S26504493x505S2f900495x523"", ""source"": ""Adam Frost"", ""fps"": 29.97, ""duration"": 2.002, ""width"": 1280, ""height"": 720, ""codec"": ""h264""}"
videos/700_seven_hundred.mp4,d92a82e807b80987f96f1da3341b1a38,0,0,en,ase,whatsthatsign,"700, seven hundred","{""signpuddle_id"": ""2262"", ""sign_fsw"": ""AS1a520S2fe00S10006S16d20M511x526S1a520490x474S16d20489x506"", ""source"": ""Adam Frost"", ""fps"": 30.0, ""duration"": 1.666, ""width"": 1280, ""height"": 720, ""codec"": ""h264""}"
videos/70_seventy.mp4,9de433f2f39807d26038c6203cf4d307,0,0,en,ase,whatsthatsign,"70, seventy","{""signpuddle_id"": ""600"", ""sign_fsw"": ""AS1a520S2fe00S10006S17620M511x524S1a520490x476S17620490x508"", ""source"": ""Adam Frost"", ""fps"": 29.97, ""duration"": 1.535, ""width"": 1280, ""height"": 720, ""codec"": ""h264""}"
videos/71_seventy-one.mp4,0be4c8082c809452da8ea753efb164e8,0,0,en,ase,whatsthatsign,"71, seventy-one","{""signpuddle_id"": ""601"", ""sign_fsw"": ""AS1a520S2fe00S10006S10020M511x531S1a520490x469S10020491x501"", ""source"": ""Adam Frost"", ""fps"": 30.0, ""duration"": 2.133, ""width"": 1280, ""height"": 720, ""codec"": ""h264""}"
videos/72_seventy-two.mp4,076cb4318cc03a1dd9b5b491b1d39e2a,0,0,en,ase,whatsthatsign,"72, seventy-two","{""signpuddle_id"": ""602"", ""sign_fsw"": ""AS1a520S2fe00S10006S10e20M511x531S1a520490x469S10e20491x501"", ""source"": ""Adam Frost"", ""fps"": 29.97, ""duration"": 1.835, ""width"": 1280, ""height"": 720, ""codec"": ""h264""}"
videos/73_seventy-three.mp4,c09d812ec1da20d9e2094938ac65fb46,0,0,en,ase,whatsthatsign,"73, seventy-three","{""signpuddle_id"": ""603"", ""sign_fsw"": ""AS1a520S2fe00S10006S11e20M514x531S1a520493x469S11e20486x501"", ""source"": ""Adam Frost"", ""fps"": 30.0, ""duration"": 2.067, ""width"": 1280, ""height"": 720, ""codec"": ""h264""}"
videos/74_seventy-four.mp4,73af7da9d273292b21ded9c575690c85,0,0,en,ase,whatsthatsign,"74, seventy-four","{""signpuddle_id"": ""604"", ""sign_fsw"": ""AS1a520S2fe00S10006S14420M511x532S1a520490x469S14420489x501"", ""source"": ""Adam Frost"", ""fps"": 29.97, ""duration"": 1.902, ""width"": 1280, ""height"": 720, ""codec"": ""h264""}"
videos/75__seventy-five_cents.mp4,87bdb04ef5498b484a023b061acccd9a,0,0,en,ase,whatsthatsign,"75¢, seventy-five cents","{""signpuddle_id"": ""1905"", ""sign_fsw"": ""AS1a521S30007S10006S20500S26500S14c20M538x518S2ff00482x483S1a521510x485S26500519x468S14c20515x434"", ""source"": ""Adam Frost"", ""fps"": 29.97, ""duration"": 1.835, ""width"": 1280, ""height"": 720, ""codec"": ""h264""}"
videos/75_seventy-five.mp4,df7d1af2ff9ae5e488a6147f3516c708,0,0,en,ase,whatsthatsign,"75, seventy-five","{""signpuddle_id"": ""605"", ""sign_fsw"": ""AS1a520S2fe00S10006S14c20M512x532S1a520491x469S14c20488x501"", ""source"": ""Adam Frost"", ""fps"": 30.0, ""duration"": 1.967, ""width"": 1280, ""height"": 720, ""codec"": ""h264""}"
videos/76_seventy-six.mp4,dc4fca4d941c3bc2e04e09460de37687,0,0,en,ase,whatsthatsign,"76, seventy-six","{""signpuddle_id"": ""606"", ""sign_fsw"": ""AS1a520S2fe00S10006S18720M511x531S1a520490x469S18720489x502"", ""source"": ""Adam Frost"", ""fps"": 29.97, ""duration"": 1.668, ""width"": 1280, ""height"": 720, ""codec"": ""h264""}"
videos/77_seventy-seven.mp4,1e0243971ab20d9ac6dfbcc0f0e8c0dc,0,0,en,ase,whatsthatsign,"77, seventy-seven","{""signpuddle_id"": ""533"", ""sign_fsw"": ""AS1a550S2fe00S10006S22f04S26606M517x525S1a550489x475S26606487x500S22f04484x511"", ""source"": ""Adam Frost"", ""fps"": 30.0, ""duration"": 2.0, ""width"": 1280, ""height"": 720, ""codec"": ""h264""}"
videos/78_seventy-eight.mp4,694d941e249c06c0a06c5b6bcbebbe9e,0,0,en,ase,whatsthatsign,"78, seventy-eight","{""signpuddle_id"": ""607"", ""sign_fsw"": ""AS1a520S2fe00S10006S1bb20M511x530S1a520490x470S1bb20490x502"", ""source"": ""Adam Frost"", ""fps"": 29.97, ""duration"": 2.135, ""width"": 1280, ""height"": 720, ""codec"": ""h264""}"
videos/79_seventy-nine.mp4,dec1f45a455defd0f56406f109cc788e,0,0,en,ase,whatsthatsign,"79, seventy-nine","{""signpuddle_id"": ""608"", ""sign_fsw"": ""AS1a520S2fe00S10006S1ce20M511x531S1a520489x469S1ce20489x501"", ""source"": ""Adam Frost"", ""fps"": 29.97, ""duration"": 1.768, ""width"": 1280, ""height"": 720, ""codec"": ""h264""}"
videos/7UP_7up.mp4,be8e7ebed070fe773ca9e3cc44dc8e1d,0,0,en,ase,whatsthatsign,"7UP, 7up","{""signpuddle_id"": ""765"", ""sign_fsw"": ""AS1a520S2fe00S10006S11520S14051M517x545S1a520496x455S11520497x487S14051484x521"", ""source"": ""Adam Frost"", ""fps"": 29.97, ""duration"": 2.903, ""width"": 1280, ""height"": 720, ""codec"": ""h264""}"
videos/7_hours_seven_hours.mp4,04f5009ff684269b62254f4ea55573fc,0,0,en,ase,whatsthatsign,"7 hours, seven hours","{""signpuddle_id"": ""1312"", ""sign_fsw"": ""AS1a510S2fe00S15a18S2fe00S21406S2e700S20500M515x529S15a18485x492S1a510492x472S2e700500x504"", ""source"": ""Adam Frost"", ""fps"": 29.97, ""duration"": 2.436, ""width"": 1280, ""height"": 720, ""codec"": ""h264""}"
videos/7_minutes_seven_minutes.mp4,7bbdfb8fef794a0adcd9f8f08487b076,0,0,en,ase,whatsthatsign,"7 minutes, seven minutes","{""signpuddle_id"": ""2254"", ""sign_fsw"": ""AS1a510S2fe00S15a18S2fe00S21406S20500S2c300M515x538S15a18486x511S1a510490x491S2c300489x463"", ""source"": ""Adam Frost"", ""fps"": 30.0, ""duration"": 2.2, ""width"": 1280, ""height"": 720, ""codec"": ""h264""}"
videos/7_o_clock_seven_o_clock_7_00.mp4,4fff567d40db5daa73c98521def5cda7,0,0,en,ase,whatsthatsign,"7 o'clock, seven o'clock, 7:00","{""signpuddle_id"": ""2197"", ""sign_fsw"": ""AS1a520S38630S20359S2fe00S20500S22a07S2f900M519x532S1a520482x489S20359498x501S20500490x521S22a07497x478S2f900505x469"", ""source"": ""Adam Frost"", ""fps"": 30.0, ""duration"": 1.566, ""width"": 1280, ""height"": 720, ""codec"": ""h264""}"
videos/7_seven.mp4,740467e755bd850492705945c5dbc96c,0,0,en,ase,whatsthatsign,"7, seven","{""signpuddle_id"": ""188"", ""sign_fsw"": ""AS1a520S2fe00S10006M511x514S1a520490x486"", ""source"": ""Adam Frost"", ""fps"": 30.0, ""duration"": 2.3, ""width"": 1280, ""height"": 720, ""codec"": ""h264""}"
videos/7th_place_7th_seventh.mp4,6e31c166835dabe9cd1d4d4aaee415ca,0,0,en,ase,whatsthatsign,"7th place, 7th, seventh","{""signpuddle_id"": ""1123"", ""sign_fsw"": ""AS1a540S2fe00S10006S26504S2f900M511x528S1a540490x473S26504496x505S2f900497x523"", ""source"": ""Adam Frost"", ""fps"": 29.97, ""duration"": 1.902, ""width"": 1280, ""height"": 720, ""codec"": ""h264""}"
videos/800_eight_hundred.mp4,fef3bd70f807cfe68611b7ada0bf9b39,0,0,en,ase,whatsthatsign,"800, eight hundred","{""signpuddle_id"": ""2263"", ""sign_fsw"": ""AS1bb20S2fe00S10006S16d20M511x526S1bb20490x474S16d20489x506"", ""source"": ""Adam Frost"", ""fps"": 30.0, ""duration"": 1.733, ""width"": 1280, ""height"": 720, ""codec"": ""h264""}"
videos/80_eighty.mp4,6547aedf7dc34c8c2684c48ec9f2bbdc,0,0,en,ase,whatsthatsign,"80, eighty","{""signpuddle_id"": ""919"", ""sign_fsw"": ""AS1bb20S2fe00S10006S17620M511x524S1bb20490x476S17620490x508"", ""source"": ""Adam Frost"", ""fps"": 30.0, ""duration"": 2.133, ""width"": 1280, ""height"": 720, ""codec"": ""h264""}"
videos/81_eighty-one.mp4,a9178abb357620d2abc997bd29a6a227,0,0,en,ase,whatsthatsign,"81, eighty-one","{""signpuddle_id"": ""920"", ""sign_fsw"": ""AS1bb20S2fe00S10006S10020M511x531S1bb20490x469S10020491x501"", ""source"": ""Adam Frost"", ""fps"": 29.97, ""duration"": 2.236, ""width"": 1280, ""height"": 720, ""codec"": ""h264""}"
videos/82_eighty-two.mp4,2ac630da84bd4f93b82b3c7a36edeb2f,0,0,en,ase,whatsthatsign,"82, eighty-two","{""signpuddle_id"": ""921"", ""sign_fsw"": ""AS1bb20S2fe00S10006S10e20M511x531S1bb20490x469S10e20491x501"", ""source"": ""Adam Frost"", ""fps"": 29.97, ""duration"": 2.169, ""width"": 1280, ""height"": 720, ""codec"": ""h264""}"
videos/83_eighty-three.mp4,b863be0b229f28f4a9a22305798c2be4,0,0,en,ase,whatsthatsign,"83, eighty-three","{""signpuddle_id"": ""922"", ""sign_fsw"": ""AS1bb20S2fe00S10006S11e20M514x531S1bb20493x469S11e20486x501"", ""source"": ""Adam Frost"", ""fps"": 29.97, ""duration"": 2.302, ""width"": 1280, ""height"": 720, ""codec"": ""h264""}"
videos/84_eighty-four.mp4,60ec93beae7d0b4848f04686359138d1,0,0,en,ase,whatsthatsign,"84, eighty-four","{""signpuddle_id"": ""923"", ""sign_fsw"": ""AS1bb20S2fe00S10006S14420M511x532S1bb20490x469S14420489x501"", ""source"": ""Adam Frost"", ""fps"": 29.97, ""duration"": 2.269, ""width"": 1280, ""height"": 720, ""codec"": ""h264""}"
videos/85_eighty-five.mp4,c1ce60b46f583c350283d434fed7bace,0,0,en,ase,whatsthatsign,"85, eighty-five","{""signpuddle_id"": ""924"", ""sign_fsw"": ""AS1bb20S2fe00S10006S14c20M512x532S1bb20491x469S14c20488x501"", ""source"": ""Adam Frost"", ""fps"": 29.97, ""duration"": 2.269, ""width"": 1280, ""height"": 720, ""codec"": ""h264""}"
videos/86_eighty_six.mp4,c59526700b2fc191a65bc101da4e6933,0,0,en,ase,whatsthatsign,"86, eighty six","{""signpuddle_id"": ""925"", ""sign_fsw"": ""AS1bb20S2fe00S10006S18720M511x531S1bb20490x469S18720489x502"", ""source"": ""Adam Frost"", ""fps"": 29.97, ""duration"": 2.669, ""width"": 1280, ""height"": 720, ""codec"": ""h264""}"
videos/87_eighty-seven.mp4,a7bd606300449ad851b95cc2fab70701,0,0,en,ase,whatsthatsign,"87, eighty-seven","{""signpuddle_id"": ""926"", ""sign_fsw"": ""AS1bb20S2fe00S10006S1a520M511x531S1bb20490x470S1a520490x503"", ""source"": ""Adam Frost"", ""fps"": 29.97, ""duration"": 2.135, ""width"": 1280, ""height"": 720, ""codec"": ""h264""}"
videos/88_eighty-eight.mp4,1f290c702e6764c44c4067cb9ddbccd0,0,0,en,ase,whatsthatsign,"88, eighty-eight","{""signpuddle_id"": ""534"", ""sign_fsw"": ""AS1bb50S2fe00S10006S22f04S26606M517x525S1bb50489x475S26606487x500S22f04484x511"", ""source"": ""Adam Frost"", ""fps"": 30.0, ""duration"": 2.0, ""width"": 1280, ""height"": 720, ""codec"": ""h264""}"
videos/89_eighty-nine.mp4,0228dacb3976488aef8c86095c70fac4,0,0,en,ase,whatsthatsign,"89, eighty-nine","{""signpuddle_id"": ""927"", ""sign_fsw"": ""AS1bb20S2fe00S10006S1ce20M511x531S1bb20489x469S1ce20489x501"", ""source"": ""Adam Frost"", ""fps"": 29.97, ""duration"": 2.169, ""width"": 1280, ""height"": 720, ""codec"": ""h264""}"
videos/8_eight.mp4,cce7d65d1b968c85c0010dd7894f7b95,0,0,en,ase,whatsthatsign,"8, eight","{""signpuddle_id"": ""192"", ""sign_fsw"": ""AS1bb20S2fe00S10006M511x514S1bb20490x486"", ""source"": ""Adam Frost"", ""fps"": 30.0, ""duration"": 1.933, ""width"": 1280, ""height"": 720, ""codec"": ""h264""}"
videos/8_hours_eight_hours.mp4,f3f2787c825f80a9ee2b33efa7bba62a,0,0,en,ase,whatsthatsign,"8 hours, eight hours","{""signpuddle_id"": ""1313"", ""sign_fsw"": ""AS1bb10S2fe00S15a18S2fe00S21406S2e700S20500M515x529S15a18485x492S1bb10492x472S2e700500x504"", ""source"": ""Adam Frost"", ""fps"": 29.97, ""duration"": 2.369, ""width"": 1280, ""height"": 720, ""codec"": ""h264""}"
videos/8_minutes_eight_minutes.mp4,edb8565eaa7801a9c967659381066b3f,0,0,en,ase,whatsthatsign,"8 minutes, eight minutes","{""signpuddle_id"": ""2255"", ""sign_fsw"": ""AS1bb10S2fe00S15a18S2fe00S21406S20500S2c300M515x538S15a18486x511S1bb10490x491S2c300489x463"", ""source"": ""Adam Frost"", ""fps"": 30.0, ""duration"": 2.1, ""width"": 1280, ""height"": 720, ""codec"": ""h264""}"
videos/8_o_clock_eight_o_clock_8_00.mp4,4c8df88c109174ff1f7ca6f0225d1960,0,0,en,ase,whatsthatsign,"8 o'clock, eight o'clock, 8:00","{""signpuddle_id"": ""2198"", ""sign_fsw"": ""AS1bb20S38630S20359S2fe00S20500S22a07S2f900M519x532S1bb20482x489S20359498x501S20500490x521S22a07497x477S2f900505x468"", ""source"": ""Adam Frost"", ""fps"": 30.0, ""duration"": 1.633, ""width"": 1280, ""height"": 720, ""codec"": ""h264""}"
videos/8th_place_8th_eighth.mp4,3065febb6278cfd9dba0af4640667d19,0,0,en,ase,whatsthatsign,"8th place, 8th, eighth","{""signpuddle_id"": ""1124"", ""sign_fsw"": ""AS1bb40S2fe00S10006S26504S2f900M511x528S1bb40490x473S26504496x505S2f900497x523"", ""source"": ""Adam Frost"", ""fps"": 29.97, ""duration"": 1.969, ""width"": 1280, ""height"": 720, ""codec"": ""h264""}"
videos/900_nine_hundred_FC.mp4,a4535a1af0459db23500795f4bf109d0,0,0,en,ase,whatsthatsign,"900, nine hundred, FC","{""signpuddle_id"": ""2264"", ""sign_fsw"": ""AS1ce20S2fe00S10006S16d20M511x527S1ce20489x473S16d20489x507"", ""source"": ""Adam Frost"", ""fps"": 30.0, ""duration"": 1.733, ""width"": 1280, ""height"": 720, ""codec"": ""h264""}"
videos/90_ninety.mp4,75bdac086b9fde0172cc0a58a39f9a95,0,0,en,ase,whatsthatsign,"90, ninety","{""signpuddle_id"": ""930"", ""sign_fsw"": ""AS1ce20S2fe00S10006S17620M511x525S1ce20489x475S17620489x509"", ""source"": ""Adam Frost"", ""fps"": 29.97, ""duration"": 1.969, ""width"": 1280, ""height"": 720, ""codec"": ""h264""}"
videos/91_ninety-one.mp4,3788aa94a5aa65158199db2717cb5d8b,0,0,en,ase,whatsthatsign,"91, ninety-one","{""signpuddle_id"": ""931"", ""sign_fsw"": ""AS1ce20S2fe00S10006S10020M511x532S1ce20489x468S10020490x502"", ""source"": ""Adam Frost"", ""fps"": 29.97, ""duration"": 1.969, ""width"": 1280, ""height"": 720, ""codec"": ""h264""}"
videos/92_ninety-two.mp4,fb4a60c960da2346b035de51f34cea79,0,0,en,ase,whatsthatsign,"92, ninety-two","{""signpuddle_id"": ""932"", ""sign_fsw"": ""AS1ce20S2fe00S10006S10e20M511x532S1ce20489x468S10e20490x502"", ""source"": ""Adam Frost"", ""fps"": 29.97, ""duration"": 2.302, ""width"": 1280, ""height"": 720, ""codec"": ""h264""}"
videos/93_ninety-three.mp4,779f49eb895747dadde35fbef8229b5d,0,0,en,ase,whatsthatsign,"93, ninety-three","{""signpuddle_id"": ""933"", ""sign_fsw"": ""AS1ce20S2fe00S10006S11e20M515x532S1ce20493x468S11e20486x502"", ""source"": ""Adam Frost"", ""fps"": 30.0, ""duration"": 2.1, ""width"": 1280, ""height"": 720, ""codec"": ""h264""}"
videos/94_ninety-four.mp4,058c1d9ea90c794ccf60c3202aabc5a8,0,0,en,ase,whatsthatsign,"94, ninety-four","{""signpuddle_id"": ""934"", ""sign_fsw"": ""AS1ce20S2fe00S10006S14420M512x533S1ce20490x468S14420489x502"", ""source"": ""Adam Frost"", ""fps"": 29.97, ""duration"": 2.102, ""width"": 1280, ""height"": 720, ""codec"": ""h264""}"
videos/95_ninety-five.mp4,8a35e89765efff0f2a069d75498deaa5,0,0,en,ase,whatsthatsign,"95, ninety-five","{""signpuddle_id"": ""935"", ""sign_fsw"": ""AS1ce20S2fe00S10006S14c20M513x533S1ce20491x468S14c20488x502"", ""source"": ""Adam Frost"", ""fps"": 29.97, ""duration"": 2.002, ""width"": 1280, ""height"": 720, ""codec"": ""h264""}"
videos/96_ninety-six.mp4,0db02b899f4111cc51384bb8f9804ae7,0,0,en,ase,whatsthatsign,"96, ninety-six","{""signpuddle_id"": ""936"", ""sign_fsw"": ""AS1ce20S2fe00S10006S18720M512x532S1ce20490x468S18720489x503"", ""source"": ""Adam Frost"", ""fps"": 29.97, ""duration"": 2.202, ""width"": 1280, ""height"": 720, ""codec"": ""h264""}"
videos/97_ninety-seven.mp4,7d10612a510626a74e4765568daf84bb,0,0,en,ase,whatsthatsign,"97, ninety-seven","{""signpuddle_id"": ""937"", ""sign_fsw"": ""AS1ce20S2fe00S10006S1a520M511x532S1ce20489x469S1a520489x504"", ""source"": ""Adam Frost"", ""fps"": 29.97, ""duration"": 2.202, ""width"": 1280, ""height"": 720, ""codec"": ""h264""}"
videos/98_ninety-eight.mp4,e748b598603cedc10460f4315a6e8f29,0,0,en,ase,whatsthatsign,"98, ninety-eight","{""signpuddle_id"": ""938"", ""sign_fsw"": ""AS1ce20S2fe00S10006S1bb20M511x531S1ce20489x469S1bb20489x503"", ""source"": ""Adam Frost"", ""fps"": 30.0, ""duration"": 2.133, ""width"": 1280, ""height"": 720, ""codec"": ""h264""}"
videos/99_ninety-nine_FF.mp4,039740f54be8c73c154fbd9346fc44bb,0,0,en,ase,whatsthatsign,"99, ninety-nine, FF, french fry, fry, french fries, fries, fast forward","{""signpuddle_id"": ""535"", ""sign_fsw"": ""AS1ce50S2fe00S10006S22f04S26606M517x526S1ce50489x474S26606487x501S22f04484x512"", ""source"": ""Adam Frost"", ""fps"": 30.0, ""duration"": 2.467, ""width"": 1280, ""height"": 720, ""codec"": ""h264""}"
videos/9_hours_nine_hours.mp4,4ef9b9d49e4c15d3913dc2ec8d1ed051,0,0,en,ase,whatsthatsign,"9 hours, nine hours","{""signpuddle_id"": ""1314"", ""sign_fsw"": ""AS1ce10S2fe00S15a18S2fe00S21406S2e700S20500M517x530S15a18483x493S1ce10495x471S2e700498x505"", ""source"": ""Adam Frost"", ""fps"": 29.97, ""duration"": 2.569, ""width"": 1280, ""height"": 720, ""codec"": ""h264""}"
videos/9_minutes_nine_minutes.mp4,28f86f4bbf5ccd12d714cfd2589357de,0,0,en,ase,whatsthatsign,"9 minutes, nine minutes","{""signpuddle_id"": ""2256"", ""sign_fsw"": ""AS1ce10S2fe00S15a18S2fe00S21406S20500S2c300M516x538S15a18485x511S1ce10494x489S2c300488x463"", ""source"": ""Adam Frost"", ""fps"": 30.0, ""duration"": 2.1, ""width"": 1280, ""height"": 720, ""codec"": ""h264""}"
videos/9_nine_F.mp4,933d6f4cacae9d5c1fccc0c348eb3bc5,0,0,en,ase,whatsthatsign,"9, nine, F","{""signpuddle_id"": ""200"", ""sign_fsw"": ""AS1ce20S2fe00S10006M511x515S1ce20489x485"", ""source"": ""Adam Frost"", ""fps"": 30.0, ""duration"": 1.867, ""width"": 1280, ""height"": 720, ""codec"": ""h264""}"
videos/9_o_clock_nine_o_clock_9_00.mp4,ee5eef92d2733322081a215085d869f2,0,0,en,ase,whatsthatsign,"9 o'clock, nine o'clock, 9:00","{""signpuddle_id"": ""2199"", ""sign_fsw"": ""AS1ce20S38630S20359S2fe00S20500S22a07S2f900M519x533S1ce20481x488S20359497x502S20500489x522S22a07500x477S2f900508x468"", ""source"": ""Adam Frost"", ""fps"": 30.0, ""duration"": 1.533, ""width"": 1280, ""height"": 720, ""codec"": ""h264""}"
videos/9th_9th_place_ninth.mp4,37fba8745b2f12eeee39f376e941d071,0,0,en,ase,whatsthatsign,"9th, 9th place, ninth","{""signpuddle_id"": ""1125"", ""sign_fsw"": ""AS1ce40S2fe00S10006S26504S2f900M511x529S1ce40489x472S26504490x506S2f900491x524"", ""source"": ""Adam Frost"", ""fps"": 30.0, ""duration"": 1.933, ""width"": 1280, ""height"": 720, ""codec"": ""h264""}"
videos/A.mp4,81e7e48391b21d56298b0111b5bfebfb,0,0,en,ase,whatsthatsign,A,"{""signpuddle_id"": ""253"", ""sign_fsw"": ""AS1f720S2fe00S10006M510x508S1f720490x493"", ""source"": ""Adam Frost"", ""fps"": 30.0, ""duration"": 1.567, ""width"": 1280, ""height"": 720, ""codec"": ""h264""}"
videos/ASL_American_Sign_Language.mp4,da7cd595447a8af362ada6216ef225b7,0,0,en,ase,whatsthatsign,"ASL, American Sign Language","{""signpuddle_id"": ""256"", ""sign_fsw"": ""AS1f720S2fe00S10006S20320S1dc20M512x534S1f720492x466S20320497x485S1dc20488x504"", ""source"": ""Adam Frost"", ""fps"": 30.0, ""duration"": 2.633, ""width"": 1280, ""height"": 720, ""codec"": ""h264""}"
videos/ATM.mp4,1e8b507b2f4e626f6c3e319e87822c64,0,0,en,ase,whatsthatsign,ATM,"{""signpuddle_id"": ""332"", ""sign_fsw"": ""AS1f720S2fe00S10006S1fb20S18d20M510x534S1f720490x467S1fb20495x486S18d20490x509"", ""source"": ""Adam Frost"", ""fps"": 30.0, ""duration"": 2.033, ""width"": 1280, ""height"": 720, ""codec"": ""h264""}"
videos/Africa_African.mp4,7b3589335c38805e6ab797388acda593,0,0,en,ase,whatsthatsign,"Africa, African","{""signpuddle_id"": ""1126"", ""sign_fsw"": ""AS14c20S2fe00S10006S2880bS18526M522x533S14c20479x467S2880b502x485S18526507x508"", ""source"": ""Adam Frost"", ""fps"": 30.0, ""duration"": 2.067, ""width"": 1280, ""height"": 720, ""codec"": ""h264""}"
videos/Airbnb.mp4,c882fab79634b817655c476b79f432c9,0,0,en,ase,whatsthatsign,Airbnb,"{""signpuddle_id"": ""2279"", ""sign_fsw"": ""AS1f720S2fe00S10006S19220S11a20S14720S11920S14720M514x577S1f720488x423S19220493x442S11a20493x465S14720494x499S11920487x525S14720494x555"", ""source"": ""Adam Frost"", ""fps"": 30.0, ""duration"": 2.533, ""width"": 1280, ""height"": 720, ""codec"": ""h264""}"
videos/Alabama_Alabamian_Alabaman.mp4,cabdd141e48959e5df99802e2e14a32d,0,0,en,ase,whatsthatsign,"Alabama, Alabamian, Alabaman","{""signpuddle_id"": ""1185"", ""sign_fsw"": ""AS1f720S2fe00S10006S1dc20S1f720M512x534S1f720492x466S1dc20488x485S1f720492x519"", ""source"": ""Adam Frost"", ""fps"": 29.97, ""duration"": 1.602, ""width"": 1280, ""height"": 720, ""codec"": ""h264""}"
videos/Alaska_Alaskan.mp4,aba14fe02193f7cb66f04cfc49a775dd,0,0,en,ase,whatsthatsign,"Alaska, Alaskan","{""signpuddle_id"": ""1220"", ""sign_fsw"": ""AS1f721S30007S10006S2880cS30005S14c27M544x537S2ff00482x483S1f721514x471S2880c532x488S14c27507x510"", ""source"": ""Adam Frost"", ""fps"": 29.97, ""duration"": 1.869, ""width"": 1280, ""height"": 720, ""codec"": ""h264""}"
videos/America_American_USA.mp4,5a78fe680573b31d39cb1365603eb6a5,0,0,en,ase,whatsthatsign,"America, American, USA, US, United States of America, United States","{""signpuddle_id"": ""1133"", ""sign_fsw"": ""AS14c41S2fe00S14c49S2fe00S21406S20700S2e732M525x528S14c41499x472S14c49476x475S20700493x496S2e732490x512"", ""source"": ""Adam Frost"", ""fps"": 29.97, ""duration"": 2.169, ""width"": 1280, ""height"": 720, ""codec"": ""h264""}"
videos/Android.mp4,ab8f189623d7f481f2eec098977fe0cf,0,0,en,ase,whatsthatsign,Android,"{""signpuddle_id"": ""1773"", ""sign_fsw"": ""AS1a003S2fe00S2035aS2fe00S21400S20600M526x521S2035a499x506S1a003496x480S20600474x503"", ""source"": ""Adam Frost"", ""fps"": 29.97, ""duration"": 1.935, ""width"": 1280, ""height"": 720, ""codec"": ""h264""}"
videos/April.mp4,057214ede3b5c8e486e1789d2aa51717,0,0,en,ase,whatsthatsign,April,"{""signpuddle_id"": ""899"", ""sign_fsw"": ""AS1f720S2fe00S10006S14051S11a20S19220S1dc20M517x567S1f720491x433S14051483x452S11a20496x480S19220496x514S1dc20488x537"", ""source"": ""Adam Frost"", ""fps"": 29.97, ""duration"": 2.236, ""width"": 1280, ""height"": 720, ""codec"": ""h264""}"
videos/Arizona_Arizonan.mp4,474a8c71da01fb3a7b7e99de50f46e85,0,0,en,ase,whatsthatsign,"Arizona, Arizonan","{""signpuddle_id"": ""1134"", ""sign_fsw"": ""AS1f710S30005S10006S20e00S22a04S26502S30003S20e00S22a04M523x560S2ff00482x483S1f710503x507S20e00483x526S22a04482x545S26502492x535S20e00505x526S22a04505x545"", ""source"": ""Adam Frost"", ""fps"": 29.97, ""duration"": 2.035, ""width"": 1280, ""height"": 720, ""codec"": ""h264""}"
videos/Arkansas_Arkansan_ark.mp4,3e42714341b0264205e66eab462a8ef9,0,0,en,ase,whatsthatsign,"Arkansas, Arkansan, ark","{""signpuddle_id"": ""1186"", ""sign_fsw"": ""AS1f720S2fe00S10006S11a20S14020M515x542S1f720495x459S11a20500x478S14020486x512"", ""source"": ""Adam Frost"", ""fps"": 29.97, ""duration"": 1.702, ""width"": 1280, ""height"": 720, ""codec"": ""h264""}"
videos/Asia_Asian.mp4,8600fd01986698870a65d1ff2a815ddd,0,0,en,ase,whatsthatsign,"Asia, Asian","{""signpuddle_id"": ""1135"", ""sign_fsw"": ""AS1f720S2fe00S10006S14c20S2fe00S10006S2e300M512x540S1f720488x461S14c20489x479S2e300489x513"", ""source"": ""Adam Frost"", ""fps"": 29.97, ""duration"": 2.135, ""width"": 1280, ""height"": 720, ""codec"": ""h264""}"
videos/Aug_August.mp4,b982ef7b4855ba28f52b5902a377d5f5,0,0,en,ase,whatsthatsign,"Aug, August","{""signpuddle_id"": ""902"", ""sign_fsw"": ""AS1f720S2fe00S10006S11520S1f000M515x534S1f720495x466S11520500x485S1f000486x519"", ""source"": ""Adam Frost"", ""fps"": 29.97, ""duration"": 2.169, ""width"": 1280, ""height"": 720, ""codec"": ""h264""}"
videos/Australia_Australian.mp4,f10c816a6a844d1e8f1a13c83e1b863f,0,0,en,ase,whatsthatsign,"Australia, Australian","{""signpuddle_id"": ""1231"", ""sign_fsw"": ""AS15a21S30007S10006S20500S2d207S20500M551x528S2ff00482x483S15a21510x487S2d207528x509S20600506x472"", ""source"": ""Adam Frost"", ""fps"": 29.97, ""duration"": 2.269, ""width"": 1280, ""height"": 720, ""codec"": ""h264""}"
videos/Austria_Austrian.mp4,17c6cbd7fdbbaee2f46713d5074e01ba,0,0,en,ase,whatsthatsign,"Austria, Austrian","{""signpuddle_id"": ""1232"", ""sign_fsw"": ""AS11011S2fe00S11019S2fe00S21414S20500S21800S21800M530x519S11019498x493S11011474x493S21800470x482S21800512x482"", ""source"": ""Adam Frost"", ""fps"": 29.97, ""duration"": 2.069, ""width"": 1280, ""height"": 720, ""codec"": ""h264""}"
videos/B.mp4,39f92221b15478d62dda86248bdf008c,0,0,en,ase,whatsthatsign,B,"{""signpuddle_id"": ""75"", ""sign_fsw"": ""AS14720S2fe00S10006M507x511S14720493x489"", ""source"": ""Adam Frost"", ""fps"": 29.97, ""duration"": 2.069, ""width"": 1280, ""height"": 720, ""codec"": ""h264""}"
videos/BBQ_barbecue.mp4,e58c29d585145ba59d5bb6f3c4a151e7,0,0,en,ase,whatsthatsign,"BBQ, barbecue","{""signpuddle_id"": ""2075"", ""sign_fsw"": ""AS14720S2fe00S10006S14720S1f051M515x538S14720497x463S14720497x489S1f051485x515"", ""source"": ""Adam Frost"", ""fps"": 30.0, ""duration"": 2.0, ""width"": 1280, ""height"": 720, ""codec"": ""h264""}"
videos/B_name_sign_on_chin_side.mp4,bd26085ef4a8e6fe53b9c6b426d00530,0,0,en,ase,whatsthatsign,B name sign on chin side,"{""signpuddle_id"": ""968"", ""sign_fsw"": ""AS14710S30005S10006S20600M543x528S2ff00482x483S14710503x506S20600521x507"", ""source"": ""Adam Frost"", ""fps"": 29.97, ""duration"": 2.369, ""width"": 1280, ""height"": 720, ""codec"": ""h264""}"
videos/Boston_Boston__MA_Brooklyn.mp4,1157f0dad976967c8ba81d1682d1d116,0,0,en,ase,whatsthatsign,"Boston, Boston, MA, Brooklyn, Brooklyn, NY, Berkeley, Berkeley, CA","{""signpuddle_id"": ""76"", ""sign_fsw"": ""AS14720S2fe00S10006S22f04M513x521S14720494x480S22f04488x507"", ""source"": ""Adam Frost"", ""fps"": 29.97, ""duration"": 2.469, ""width"": 1280, ""height"": 720, ""codec"": ""h264""}"
videos/Brazil_Brazilian.mp4,3aa742b6c4d793e35bac8eae18d556e7,0,0,en,ase,whatsthatsign,"Brazil, Brazilian","{""signpuddle_id"": ""1227"", ""sign_fsw"": ""AS14710S2fe00S10006S2480cM509x527S14710492x473S2480c493x499"", ""source"": ""Adam Frost"", ""fps"": 29.97, ""duration"": 2.202, ""width"": 1280, ""height"": 720, ""codec"": ""h264""}"
videos/C.mp4,be5f58fe415d43fa51c6d89690381100,0,0,en,ase,whatsthatsign,C,"{""signpuddle_id"": ""154"", ""sign_fsw"": ""AS16d20S2fe00S10006M509x510S16d20492x490"", ""source"": ""Adam Frost"", ""fps"": 29.97, ""duration"": 2.236, ""width"": 1280, ""height"": 720, ""codec"": ""h264""}"
videos/CV_curriculum_vitae_Chula_Vista.mp4,c96185fa848cdd567d88e89b6f43c8f5,0,0,en,ase,whatsthatsign,"CV, curriculum vitae, Chula Vista","{""signpuddle_id"": ""155"", ""sign_fsw"": ""AS16d20S2fe00S10006S10e20M509x527S16d20492x473S10e20494x497"", ""source"": ""Adam Frost"", ""fps"": 29.97, ""duration"": 2.236, ""width"": 1280, ""height"": 720, ""codec"": ""h264""}"
videos/California_Californian_gold.mp4,847cc11e4210b2f64dc2aa19a0f3b75f,0,0,en,ase,whatsthatsign,"California, Californian, gold","{""signpuddle_id"": ""1168"", ""sign_fsw"": ""AS19c11S33010S10006S20500S22a05S19a20M572x559S2ff00482x483S19c11511x502S22a05536x527S19a20544x539"", ""source"": ""Adam Frost"", ""fps"": 29.97, ""duration"": 1.835, ""width"": 1280, ""height"": 720, ""codec"": ""h264""}"
videos/Canada_Canadian.mp4,762acd5cddd2ea4c9ff5e4350ebd29c7,0,0,en,ase,whatsthatsign,"Canada, Canadian","{""signpuddle_id"": ""1222"", ""sign_fsw"": ""AS1f702S38517S10006S20600M528x522S36d00479x478S1f702509x488S20600506x511"", ""source"": ""Adam Frost"", ""fps"": 30.0, ""duration"": 2.0, ""width"": 1280, ""height"": 720, ""codec"": ""h264""}"
videos/China_Chinese.mp4,6c5cdfeb13720926d542dd0d5d265324,0,0,en,ase,whatsthatsign,"China, Chinese","{""signpuddle_id"": ""2232"", ""sign_fsw"": ""AS10011S31410S10006S21100S2c400M562x527S2ff00482x483S10011510x497S2c400522x486"", ""source"": ""Adam Frost"", ""fps"": 30.0, ""duration"": 1.633, ""width"": 1280, ""height"": 720, ""codec"": ""h264""}"
videos/Christmas.mp4,ae4c7377bee68e61005628ba3e01368e,0,0,en,ase,whatsthatsign,Christmas,"{""signpuddle_id"": ""1609"", ""sign_fsw"": ""AS16d21S2fe00S10006S2880aM521x514S16d21479x494S2880a499x487"", ""source"": ""Adam Frost"", ""fps"": 29.97, ""duration"": 1.902, ""width"": 1280, ""height"": 720, ""codec"": ""h264""}"
videos/Coca-Cola_Coca_Cola_Coke.mp4,84678e24369550eff4090877d39aadc4,0,0,en,ase,whatsthatsign,"Coca-Cola, Coca Cola, Coke, coke, cola","{""signpuddle_id"": ""774"", ""sign_fsw"": ""AS1dc02S38603S10006S20600M529x520S37605472x488S1dc02479x490S20600476x480"", ""source"": ""Adam Frost"", ""fps"": 30.0, ""duration"": 3.433, ""width"": 1280, ""height"": 720, ""codec"": ""h264""}"
videos/Colorado_Coloradan.mp4,71022ddbdbdf854efaf8334eed0bf354,0,0,en,ase,whatsthatsign,"Colorado, Coloradan","{""signpuddle_id"": ""1146"", ""sign_fsw"": ""AS14c00S30004S10006S20500S22510S1f720S2fe00S10006S10120S17620M534x618S2ff00482x483S14c00488x513S22510512x513S1f720487x551S10120492x569S17620492x602"", ""source"": ""Adam Frost"", ""fps"": 29.97, ""duration"": 2.436, ""width"": 1280, ""height"": 720, ""codec"": ""h264""}"
videos/Cuba.mp4,f9e5d30d72ab8a612c77ed36950b907f,0,0,en,ase,whatsthatsign,Cuba,"{""signpuddle_id"": ""2221"", ""sign_fsw"": ""AS16d20S2fe00S10006S11520S14720S1f720M510x550S16d20493x451S11520495x475S14720496x509S1f720490x535"", ""source"": ""Adam Frost"", ""fps"": 30.0, ""duration"": 2.133, ""width"": 1280, ""height"": 720, ""codec"": ""h264""}"
videos/Cuba_Cuban.mp4,63aaf5043b9237ed8c7316b9e2057730,0,0,en,ase,whatsthatsign,"Cuba, Cuban","{""signpuddle_id"": ""1234"", ""sign_fsw"": ""AS15a22S30000S10006S20500S2d201S20500M551x518S2ff00482x483S15a22495x482S20600492x469S2d201525x475"", ""source"": ""Adam Frost"", ""fps"": 29.97, ""duration"": 2.202, ""width"": 1280, ""height"": 720, ""codec"": ""h264""}"
videos/D.mp4,e7f81607c95ca7c397f111a7b168f5f5,0,0,en,ase,whatsthatsign,D,"{""signpuddle_id"": ""25"", ""sign_fsw"": ""AS10120S2fe00S10006M508x515S10120492x485"", ""source"": ""Adam Frost"", ""fps"": 29.97, ""duration"": 2.135, ""width"": 1280, ""height"": 720, ""codec"": ""h264""}"
videos/DC_District_of_Columbia.mp4,f84d46f9a51f90a19b3dd4be57607653,0,0,en,ase,whatsthatsign,"DC, District of Columbia","{""signpuddle_id"": ""1295"", ""sign_fsw"": ""AS10120S2fe00S10006S16d20M509x527S10120493x473S16d20492x507"", ""source"": ""Adam Frost"", ""fps"": 29.97, ""duration"": 1.802, ""width"": 1280, ""height"": 720, ""codec"": ""h264""}"
videos/DP_Dr_Pepper.mp4,d067930782e8b04b2c27c561d9bf7a68,0,0,en,ase,whatsthatsign,"DP, Dr Pepper","{""signpuddle_id"": ""773"", ""sign_fsw"": ""AS10120S2fe00S10006S14051M516x529S10120498x471S14051485x505"", ""source"": ""Adam Frost"", ""fps"": 30.0, ""duration"": 2.667, ""width"": 1280, ""height"": 720, ""codec"": ""h264""}"
videos/DT_downtown.mp4,2aba6d17ecac19ce2b30f5c36924b798,0,0,en,ase,whatsthatsign,"DT, downtown","{""signpuddle_id"": ""1190"", ""sign_fsw"": ""AS10120S2fe00S10006S1fb20M508x527S10120492x474S1fb20493x508"", ""source"": ""Adam Frost"", ""fps"": 29.97, ""duration"": 1.902, ""width"": 1280, ""height"": 720, ""codec"": ""h264""}"
videos/DW_dishwasher.mp4,bce0ef8693fe4e3ec08c43a96f6b7c31,0,0,en,ase,whatsthatsign,"DW, dishwasher","{""signpuddle_id"": ""690"", ""sign_fsw"": ""AS10120S2fe00S10006S18720M509x532S10120492x469S18720491x503"", ""source"": ""Adam Frost"", ""fps"": 29.97, ""duration"": 2.436, ""width"": 1280, ""height"": 720, ""codec"": ""h264""}"
videos/Deaf_Awareness_Week.mp4,82f78873f932278e84234e9b5bbd4f4a,0,0,en,ase,whatsthatsign,Deaf Awareness Week,"{""signpuddle_id"": ""2332"", ""sign_fsw"": ""AS10011S30006S10006S20500S22a03S30005S20500S15a11S30007S10006S20600S10050S2fe00S15a36S2fe00S21400S20e00S26506M539x594S2ff00482x450S10011518x466S20500502x485S2ff00482x516S15a11510x520S20600508x507S15a36472x582S10050477x557S20e00497x573S26506513x572"", ""source"": ""Adam Frost"", ""fps"": 30.0, ""duration"": 2.566, ""width"": 1280, ""height"": 720, ""codec"": ""h264""}"
videos/Dec_December.mp4,6ec0017e970afae91fd6adcd1066dbb1,0,0,en,ase,whatsthatsign,"Dec, December","{""signpuddle_id"": ""908"", ""sign_fsw"": ""AS10120S2fe00S10006S14a20S16d20M509x537S10120493x464S14a20493x498S16d20492x517"", ""source"": ""Adam Frost"", ""fps"": 29.97, ""duration"": 2.002, ""width"": 1280, ""height"": 720, ""codec"": ""h264""}"
videos/Delaware_Delawarean.mp4,b8f636a21cc139f514fdec24bd6d6310,0,0,en,ase,whatsthatsign,"Delaware, Delawarean","{""signpuddle_id"": ""1188"", ""sign_fsw"": ""AS10120S2fe00S10006S14a20S1dc20M513x542S10120497x459S14a20497x493S1dc20488x512"", ""source"": ""Adam Frost"", ""fps"": 29.97, ""duration"": 1.635, ""width"": 1280, ""height"": 720, ""codec"": ""h264""}"
videos/Denmark_Danish.mp4,2ff12d3a25b5e0e55d133de40c489007,0,0,en,ase,whatsthatsign,"Denmark, Danish","{""signpuddle_id"": ""1230"", ""sign_fsw"": ""AS10110S30007S10006S2e300M542x526S2ff00482x483S10110519x468S2e300519x499"", ""source"": ""Adam Frost"", ""fps"": 29.97, ""duration"": 1.869, ""width"": 1280, ""height"": 720, ""codec"": ""h264""}"
videos/Denmark_Danish_Dane.mp4,15459786997501ec34a9df57efd03e2e,0,0,en,ase,whatsthatsign,"Denmark, Danish, Dane","{""signpuddle_id"": ""1229"", ""sign_fsw"": ""AS11e02S38511S10006S2990aM527x516S36d00479x484S11e02462x493S2990a495x502"", ""source"": ""Adam Frost"", ""fps"": 29.97, ""duration"": 1.735, ""width"": 1280, ""height"": 720, ""codec"": ""h264""}"
videos/E.mp4,334178dbaf4c046ebf47bee48b053e8a,0,0,en,ase,whatsthatsign,E,"{""signpuddle_id"": ""77"", ""sign_fsw"": ""AS14a20S2fe00S10006M508x508S14a20493x493"", ""source"": ""Adam Frost"", ""fps"": 29.97, ""duration"": 2.069, ""width"": 1280, ""height"": 720, ""codec"": ""h264""}"
videos/Easter.mp4,7f2c7339254decf1aacc69842788afb8,0,0,en,ase,whatsthatsign,Easter,"{""signpuddle_id"": ""2313"", ""sign_fsw"": ""AS14a10S2fe00S14a18S2fe00S38006S2e10eS2e116M554x520S14a10514x491S14a18471x491S2e10e533x480S2e116446x480"", ""source"": ""Adam Frost"", ""fps"": 30.0, ""duration"": 2.033, ""width"": 1280, ""height"": 720, ""codec"": ""h264""}"
videos/Egypt_Egyptian.mp4,f6f57397a7a194666974cc703ce00f77,0,0,en,ase,whatsthatsign,"Egypt, Egyptian","{""signpuddle_id"": ""1236"", ""sign_fsw"": ""AS10620S30000S10006S20600M534x518S2ff00482x483S10620487x465S20600512x474"", ""source"": ""Adam Frost"", ""fps"": 29.97, ""duration"": 1.868, ""width"": 1280, ""height"": 720, ""codec"": ""h264""}"
videos/England.mp4,3e9ce93bc74a6eb04541982e5639c2c5,0,0,en,ase,whatsthatsign,England,"{""signpuddle_id"": ""479"", ""sign_fsw"": ""AS17121S2fe00S20356S2fe00S21400S20800S26a24M514x530S17121491x482S20356490x497S20800495x470S26a24487x516"", ""source"": ""Adam Frost"", ""fps"": 29.97, ""duration"": 2.402, ""width"": 1280, ""height"": 720, ""codec"": ""h264""}"
videos/England_English.mp4,241fd6b2652ae621096d16cd33415159,0,0,en,ase,whatsthatsign,"England, English","{""signpuddle_id"": ""2224"", ""sign_fsw"": ""AS10041S2fe00S10049S2fe00S21400S21100S27107M529x532S10049472x502S10041482x502S21100494x489S27107502x469"", ""source"": ""Adam Frost"", ""fps"": 30.0, ""duration"": 1.9, ""width"": 1280, ""height"": 720, ""codec"": ""h264""}"
videos/English.mp4,f4628e19ed6fed2dd615cd483dbca32a,0,0,en,ase,whatsthatsign,English,"{""signpuddle_id"": ""112"", ""sign_fsw"": ""AS17121S2fe00S20356S2fe00S21400S20900M511x521S17121491x491S20356490x506S20900489x479"", ""source"": ""Adam Frost"", ""fps"": 30.0, ""duration"": 2.533, ""width"": 1280, ""height"": 720, ""codec"": ""h264""}"
videos/English_english.mp4,a495221f9914a7ae104335fffb59b699,0,0,en,ase,whatsthatsign,"English, english","{""signpuddle_id"": ""478"", ""sign_fsw"": ""AS17121S2fe00S20356S2fe00S21400S20800M511x521S17121491x491S20356490x506S20800495x479"", ""source"": ""Adam Frost"", ""fps"": 29.97, ""duration"": 2.369, ""width"": 1280, ""height"": 720, ""codec"": ""h264""}"
videos/Europe_European.mp4,24ee3babc38a2f7560883efb95e64168,0,0,en,ase,whatsthatsign,"Europe, European","{""signpuddle_id"": ""1149"", ""sign_fsw"": ""AS14a00S30007S10006S2e300M542x526S2ff00482x483S14a00520x482S2e300519x499"", ""source"": ""Adam Frost"", ""fps"": 29.97, ""duration"": 2.302, ""width"": 1280, ""height"": 720, ""codec"": ""h264""}"
videos/Facebook_fullback_FB.mp4,1c31ea76c372ab0c59c3ef5d6b09f4a3,0,0,en,ase,whatsthatsign,"Facebook, fullback, FB","{""signpuddle_id"": ""1768"", ""sign_fsw"": ""AS1ce20S2fe00S10006S14720M511x528S1ce20489x472S14720491x506"", ""source"": ""Adam Frost"", ""fps"": 29.97, ""duration"": 2.002, ""width"": 1280, ""height"": 720, ""codec"": ""h264""}"
videos/Feb_February.mp4,4a3b768e1e73c5bed0c293058a07cf9d,0,0,en,ase,whatsthatsign,"Feb, February","{""signpuddle_id"": ""897"", ""sign_fsw"": ""AS1ce20S2fe00S10006S14a20S14720M511x538S1ce20489x463S14a20490x497S14720491x516"", ""source"": ""Adam Frost"", ""fps"": 29.97, ""duration"": 2.002, ""width"": 1280, ""height"": 720, ""codec"": ""h264""}"
videos/Finland_Finnish_Finn.mp4,03d278f449e8b5ddb07c92c61028c19a,0,0,en,ase,whatsthatsign,"Finland, Finnish, Finn","{""signpuddle_id"": ""1166"", ""sign_fsw"": ""AS10600S30004S10006S20600M533x536S2ff00482x483S10600491x510S20600511x514"", ""source"": ""Adam Frost"", ""fps"": 29.97, ""duration"": 2.202, ""width"": 1280, ""height"": 720, ""codec"": ""h264""}"
videos/Florida_Floridian.mp4,dd2c3232ad2d70351ad25f79970e94c8,0,0,en,ase,whatsthatsign,"Florida, Floridian","{""signpuddle_id"": ""1191"", ""sign_fsw"": ""AS1ce20S2fe00S10006S1dc20S1f720M515x542S1ce20493x459S1dc20485x493S1f720489x527"", ""source"": ""Adam Frost"", ""fps"": 29.97, ""duration"": 1.869, ""width"": 1280, ""height"": 720, ""codec"": ""h264""}"
videos/Fourth_of_July_4th_of_July_July_4th.mp4,cfd9627829f0357319a7ddf02b6eac3f,0,0,en,ase,whatsthatsign,"Fourth of July, 4th of July, July 4th","{""signpuddle_id"": ""1616"", ""sign_fsw"": ""AS19220S2fe00S10006S2a20cS11520S1dc20S19a20S14411S2fe00S10006S2c300M519x597S19220497x420S2a20c481x404S11520497x443S1dc20489x477S19a20491x511S14411483x569S2c300491x543"", ""source"": ""Adam Frost"", ""fps"": 29.97, ""duration"": 2.502, ""width"": 1280, ""height"": 720, ""codec"": ""h264""}"
videos/France_French.mp4,b0062ede1e8352add781a8aaa87a7615,0,0,en,ase,whatsthatsign,"France, French","{""signpuddle_id"": ""2223"", ""sign_fsw"": ""AS1ce20S2fe00S10006S26506M520x515S1ce20481x485S26506505x498"", ""source"": ""Adam Frost"", ""fps"": 30.0, ""duration"": 1.633, ""width"": 1280, ""height"": 720, ""codec"": ""h264""}"
videos/France_French_french.mp4,08b7b3041ca71b08dc0e382f4b3da9a7,0,0,en,ase,whatsthatsign,"France, French, french, $9, 9 dollars, nine dollars","{""signpuddle_id"": ""203"", ""sign_fsw"": ""AS1ce20S2fe00S10006S2df00M517x526S1ce20495x496S2df00484x475"", ""source"": ""Adam Frost"", ""fps"": 29.97, ""duration"": 2.302, ""width"": 1280, ""height"": 720, ""codec"": ""h264""}"
videos/Fremont.mp4,21dd802217bdec2cc4c462fe9689bb70,0,0,en,ase,whatsthatsign,Fremont,"{""signpuddle_id"": ""202"", ""sign_fsw"": ""AS1ce20S2fe00S10006S22f04M513x525S1ce20491x476S22f04487x511"", ""source"": ""Adam Frost"", ""fps"": 30.0, ""duration"": 2.067, ""width"": 1280, ""height"": 720, ""codec"": ""h264""}"
videos/Friday.mp4,baad43c83a4ffd2028f2b1c185a5aabb,0,0,en,ase,whatsthatsign,Friday,"{""signpuddle_id"": ""611"", ""sign_fsw"": ""AS1ce00S2fe00S10006S2ea06M514x524S1ce00487x476S2ea06489x509"", ""source"": ""Adam Frost"", ""fps"": 30.0, ""duration"": 1.667, ""width"": 1280, ""height"": 720, ""codec"": ""h264""}"
videos/G.mp4,ad76a1683101114a0612327f001771a0,0,0,en,ase,whatsthatsign,G,"{""signpuddle_id"": ""2110"", ""sign_fsw"": ""AS1dc02S2fe00S10006M515x512S1dc02485x488"", ""source"": ""Adam Frost"", ""fps"": 30.0, ""duration"": 1.967, ""width"": 1280, ""height"": 720, ""codec"": ""h264""}"
videos/Gallaudet.mp4,3851ba5cfddb6d95a78d82fc45626a03,0,0,en,ase,whatsthatsign,Gallaudet,"{""signpuddle_id"": ""490"", ""sign_fsw"": ""AS1f020S30007S10006S26504S1f420M546x518S2ff00482x483S1f020517x447S26504529x467S1f420517x486"", ""source"": ""Adam Frost"", ""fps"": 29.97, ""duration"": 2.769, ""width"": 1280, ""height"": 720, ""codec"": ""h264""}"
videos/Georgia_Georgian.mp4,7c01899784406386345bb5c413ea636b,0,0,en,ase,whatsthatsign,"Georgia, Georgian","{""signpuddle_id"": ""1192"", ""sign_fsw"": ""AS1f000S2fe00S10006S1f720M515x517S1f000486x483S1f720495x502"", ""source"": ""Adam Frost"", ""fps"": 29.97, ""duration"": 1.602, ""width"": 1280, ""height"": 720, ""codec"": ""h264""}"
videos/Germany_German_Germanic.mp4,86741c21b6337a52f585f34cf3196bda,0,0,en,ase,whatsthatsign,"Germany, German, Germanic","{""signpuddle_id"": ""1240"", ""sign_fsw"": ""AS10010S30000S10006S20600M533x518S2ff00482x483S10010492x461S20600511x474"", ""source"": ""Adam Frost"", ""fps"": 29.97, ""duration"": 1.969, ""width"": 1280, ""height"": 720, ""codec"": ""h264""}"
videos/God_god.mp4,ae50b89c7aa75bae042f0c1fdb512bd6,0,0,en,ase,whatsthatsign,"God, god","{""signpuddle_id"": ""1830"", ""sign_fsw"": ""AS15a10S30006S10006S2b705M534x518S2ff00482x483S15a10522x485S2b705520x458"", ""source"": ""Adam Frost"", ""fps"": 29.97, ""duration"": 1.869, ""width"": 1280, ""height"": 720, ""codec"": ""h264""}"
videos/Google.mp4,888ebff952f6416ac57525553a79387b,0,0,en,ase,whatsthatsign,Google,"{""signpuddle_id"": ""1772"", ""sign_fsw"": ""AS1f010S2ff00S10006S2e500M539x535S2ff00482x483S1f010507x491S2e500516x508"", ""source"": ""Adam Frost"", ""fps"": 29.97, ""duration"": 2.035, ""width"": 1280, ""height"": 720, ""codec"": ""h264""}"
videos/Greece_Greek.mp4,63060c7d1a9afa92c33459766aa60b2b,0,0,en,ase,whatsthatsign,"Greece, Greek","{""signpuddle_id"": ""1242"", ""sign_fsw"": ""AS1f010S33200S10006S20e00S22f04M526x547S33100482x483S1f010493x500S20e00508x518S22f04501x533"", ""source"": ""Adam Frost"", ""fps"": 30.0, ""duration"": 2.0, ""width"": 1280, ""height"": 720, ""codec"": ""h264""}"
videos/H.mp4,89dfb6257192d2e5816ed07c649dbf2c,0,0,en,ase,whatsthatsign,H,"{""signpuddle_id"": ""45"", ""sign_fsw"": ""AS11502S2fe00S10006M515x508S11502485x493"", ""source"": ""Adam Frost"", ""fps"": 30.0, ""duration"": 1.8, ""width"": 1280, ""height"": 720, ""codec"": ""h264""}"
videos/HH_hard_of_hearing.mp4,c9cefc9c15b05b7f0e1bd9e470d47660,0,0,en,ase,whatsthatsign,"HH, hard of hearing","{""signpuddle_id"": ""551"", ""sign_fsw"": ""AS11541S2fe00S10006S22f04S26606M517x525S11541483x476S26606487x500S22f04484x511"", ""source"": ""Adam Frost"", ""fps"": 29.97, ""duration"": 2.102, ""width"": 1280, ""height"": 720, ""codec"": ""h264""}"
videos/HS_high_school.mp4,8e50c183f771a2aee1cf691b1e236023,0,0,en,ase,whatsthatsign,"HS, high school","{""signpuddle_id"": ""46"", ""sign_fsw"": ""AS11502S2fe00S10006S20320M515x518S11502485x483S20320500x503"", ""source"": ""Adam Frost"", ""fps"": 29.97, ""duration"": 2.803, ""width"": 1280, ""height"": 720, ""codec"": ""h264""}"
videos/Halloween.mp4,ba6e1c85dc271b1848dd2e8722f528c3,0,0,en,ase,whatsthatsign,Halloween,"{""signpuddle_id"": ""1618"", ""sign_fsw"": ""AS10e02S31410S10e0aS31420S26a06S26a12S11502S1150aM587x518S2ff00482x483S10e02506x491S10e0a464x491S26a06539x485S26a12446x485S11502557x491S1150a413x491"", ""source"": ""Adam Frost"", ""fps"": 29.97, ""duration"": 2.336, ""width"": 1280, ""height"": 720, ""codec"": ""h264""}"
videos/Hanukkah.mp4,39ffc95f59d9b44a337adc19c2da7706,0,0,en,ase,whatsthatsign,Hanukkah,"{""signpuddle_id"": ""1610"", ""sign_fsw"": ""AS14420S2fe00S14428S2fe00S21406S20500S28805S2881dM527x527S14420501x473S14428477x473S28805507x507S2881d474x507"", ""source"": ""Adam Frost"", ""fps"": 30.0, ""duration"": 2.1, ""width"": 1280, ""height"": 720, ""codec"": ""h264""}"
videos/Hawaii_Hawaiian.mp4,c2531822bda54251e795cc36a514006a,0,0,en,ase,whatsthatsign,"Hawaii, Hawaiian","{""signpuddle_id"": ""1170"", ""sign_fsw"": ""AS10001S2ff00S10006S2e300M519x548S2ff00482x483S10001498x492S2e300489x521"", ""source"": ""Adam Frost"", ""fps"": 29.97, ""duration"": 2.102, ""width"": 1280, ""height"": 720, ""codec"": ""h264""}"
videos/Holland.mp4,e1cfdcf12aa4090a18f82ae6f8c6bec3,0,0,en,ase,whatsthatsign,Holland,"{""signpuddle_id"": ""1245"", ""sign_fsw"": ""AS19a11S33200S10006S20e00S2c600M518x538S33100482x483S19a11472x500S20e00480x526S2c600457x511"", ""source"": ""Adam Frost"", ""fps"": 29.97, ""duration"": 1.768, ""width"": 1280, ""height"": 720, ""codec"": ""h264""}"
videos/Hong_Kong_Hong_Kongese_Hongkonger.mp4,9b5611c90052e15cc4de66e9a2329a49,0,0,en,ase,whatsthatsign,"Hong Kong, Hong Kongese, Hongkonger, Helen Keller, HK","{""signpuddle_id"": ""1194"", ""sign_fsw"": ""AS11502S2fe00S10006S14020M515x525S11502485x476S14020486x495"", ""source"": ""Adam Frost"", ""fps"": 29.97, ""duration"": 1.568, ""width"": 1280, ""height"": 720, ""codec"": ""h264""}"
videos/I.mp4,dac103d6d006ea17db1158f4fa37e5b4,0,0,en,ase,whatsthatsign,I,"{""signpuddle_id"": ""172"", ""sign_fsw"": ""AS19220S2fe00S10006M511x510S19220490x491"", ""source"": ""Adam Frost"", ""fps"": 29.97, ""duration"": 2.302, ""width"": 1280, ""height"": 720, ""codec"": ""h264""}"
videos/Iceland_Icelander_Icelandic.mp4,c4ed8eaac8ff9dbe9d8d7c85a7751c0e,0,0,en,ase,whatsthatsign,"Iceland, Icelander, Icelandic","{""signpuddle_id"": ""1281"", ""sign_fsw"": ""AS1f502S33d00S10006S20e00S22f04M536x535S33b00482x483S1f502492x506S20e00517x507S22f04511x521"", ""source"": ""Adam Frost"", ""fps"": 29.97, ""duration"": 1.869, ""width"": 1280, ""height"": 720, ""codec"": ""h264""}"
videos/Idaho_Idahoan.mp4,06d60d4ef1609068ea888755bfa1beb1,0,0,en,ase,whatsthatsign,"Idaho, Idahoan","{""signpuddle_id"": ""1091"", ""sign_fsw"": ""AS19220S2fe00S10006S10120S1f720S11502S17620M518x556S19220497x445S10120497x468S1f720492x502S11502482x521S17620497x540"", ""source"": ""Adam Frost"", ""fps"": 29.97, ""duration"": 2.603, ""width"": 1280, ""height"": 720, ""codec"": ""h264""}"
videos/Illinois_Illinoisan.mp4,8fee120b931d08e11595967b88b0d56c,0,0,en,ase,whatsthatsign,"Illinois, Illinoisan","{""signpuddle_id"": ""1297"", ""sign_fsw"": ""AS19210S2fe00S10006S19c10S19c10M514x543S19210486x458S19c10486x514S19c10486x481"", ""source"": ""Adam Frost"", ""fps"": 30.0, ""duration"": 2.433, ""width"": 1280, ""height"": 720, ""codec"": ""h264""}"
videos/India_Indian.mp4,070a177bfb708d2f58596c1cc0d58c91,0,0,en,ase,whatsthatsign,"India, Indian","{""signpuddle_id"": ""1155"", ""sign_fsw"": ""AS10051S2fe00S10059S2fe00S21406S22a03S22a15S20500M537x520S10051501x499S10059470x499S22a03524x481S22a15464x481"", ""source"": ""Adam Frost"", ""fps"": 29.97, ""duration"": 2.035, ""width"": 1280, ""height"": 720, ""codec"": ""h264""}"
videos/Indiana_Indianan_Hoosier.mp4,baddedba64d61eaa83cc96e0e7fbc209,0,0,en,ase,whatsthatsign,"Indiana, Indianan, Hoosier","{""signpuddle_id"": ""1092"", ""sign_fsw"": ""AS19220S2fe00S10006S11920S10120M514x542S19220493x459S11920487x482S10120493x512"", ""source"": ""Adam Frost"", ""fps"": 30.0, ""duration"": 1.9, ""width"": 1280, ""height"": 720, ""codec"": ""h264""}"
videos/Instagram_IG.mp4,1b19e58dd35b1e67a3d87323f1db2f02,0,0,en,ase,whatsthatsign,"Instagram, IG","{""signpuddle_id"": ""1769"", ""sign_fsw"": ""AS19220S2fe00S10006S1f000M518x519S19220497x481S1f000483x504"", ""source"": ""Adam Frost"", ""fps"": 30.0, ""duration"": 1.867, ""width"": 1280, ""height"": 720, ""codec"": ""h264""}"
videos/Iowa_Iowan.mp4,0387bba5a3e592955eb1105a7b67a364,0,0,en,ase,whatsthatsign,"Iowa, Iowan","{""signpuddle_id"": ""1093"", ""sign_fsw"": ""AS19220S2fe00S10006S17620S18720S1f720M513x545S19220492x455S17620492x478S18720491x498S1f720487x530"", ""source"": ""Adam Frost"", ""fps"": 29.97, ""duration"": 2.102, ""width"": 1280, ""height"": 720, ""codec"": ""h264""}"
videos/Iran_Iranian.mp4,6cca2429d9b312d7b438cb1012e2e7a8,0,0,en,ase,whatsthatsign,"Iran, Iranian","{""signpuddle_id"": ""2230"", ""sign_fsw"": ""AS19220S2fe00S10006S11a20S1f720S11920M514x551S19220493x449S11a20493x472S1f720488x506S11920487x525"", ""source"": ""Adam Frost"", ""fps"": 30.0, ""duration"": 1.833, ""width"": 1280, ""height"": 720, ""codec"": ""h264""}"
videos/Iran_Iranian__i_Farsi_-i_.mp4,27e06995352fe0c8d3c0e1dd858cd7a9,0,0,en,ase,whatsthatsign,"Iran, Iranian, <i>Farsi</i>, <i>Persia</i>, <i>Persian</i>, <i>persian</i>","{""signpuddle_id"": ""1249"", ""sign_fsw"": ""AS1f522S2fe00S15a39S2fe00S21400S20600M523x516S15a39500x493S1f522501x484S20600478x497"", ""source"": ""Adam Frost"", ""fps"": 29.97, ""duration"": 1.869, ""width"": 1280, ""height"": 720, ""codec"": ""h264""}"
videos/Iraq_Iraqi.mp4,7e435097b441df58e9cc6a2acd28151a,0,0,en,ase,whatsthatsign,"Iraq, Iraqi","{""signpuddle_id"": ""1283"", ""sign_fsw"": ""AS15a10S30000S10006S20600M531x518S2ff00482x483S15a10494x468S20600509x473"", ""source"": ""Adam Frost"", ""fps"": 29.97, ""duration"": 2.069, ""width"": 1280, ""height"": 720, ""codec"": ""h264""}"
videos/Ireland_The_Republic_of_Ireland_Irish.mp4,8edf08ccb2d89b7d15cd78ddf599050c,0,0,en,ase,whatsthatsign,"Ireland, The Republic of Ireland, Irish, Irish Gaelic","{""signpuddle_id"": ""1280"", ""sign_fsw"": ""AS15a11S30007S10006S20500S2e100M550x532S2ff00482x483S15a11510x487S2e100527x503"", ""source"": ""Adam Frost"", ""fps"": 29.97, ""duration"": 2.102, ""width"": 1280, ""height"": 720, ""codec"": ""h264""}"
videos/Ireland_The_Republic_of_Ireland_Northern_Ireland.mp4,bdfe016c2bb8d3fda6432ebe6b576700,0,0,en,ase,whatsthatsign,"Ireland, The Republic of Ireland, Northern Ireland, Irish, Idaho, Idahoan","{""signpuddle_id"": ""1285"", ""sign_fsw"": ""AS11051S2fe00S2035aS2fe00S21400S2e73aS20500M517x525S2035a483x510S11051488x494S2e73a492x476"", ""source"": ""Adam Frost"", ""fps"": 29.97, ""duration"": 2.202, ""width"": 1280, ""height"": 720, ""codec"": ""h264""}"
videos/Israel_Israeli.mp4,1341d0b4e16f58b046f6a1c91ff93b9e,0,0,en,ase,whatsthatsign,"Israel, Israeli","{""signpuddle_id"": ""1252"", ""sign_fsw"": ""AS19210S30005S10006S20e00S22a04S26502S30003S20e00S22a04M521x567S2ff00482x483S19210500x511S20e00485x533S22a04484x552S26502494x542S20e00507x533S22a04507x552"", ""source"": ""Adam Frost"", ""fps"": 29.97, ""duration"": 1.935, ""width"": 1280, ""height"": 720, ""codec"": ""h264""}"
videos/Israel_Israeli_Hebrew.mp4,d5720a09eec6d17648acf0598720b0e5,0,0,en,ase,whatsthatsign,"Israel, Israeli, Hebrew, Jew, Jewish, Judaism","{""signpuddle_id"": ""1253"", ""sign_fsw"": ""AS14c00S30004S10006S20e00S22f04S18507M518x596S2ff00482x483S14c00489x506S20e00495x539S22f04489x553S18507493x569"", ""source"": ""Adam Frost"", ""fps"": 29.97, ""duration"": 1.935, ""width"": 1280, ""height"": 720, ""codec"": ""h264""}"
videos/Italy_Italian.mp4,61984381695cf21da9a17b791604af48,0,0,en,ase,whatsthatsign,"Italy, Italian","{""signpuddle_id"": ""1175"", ""sign_fsw"": ""AS1ed27S2fe00S10006S29904M517x528S1ed27484x472S29904503x496"", ""source"": ""Adam Frost"", ""fps"": 29.97, ""duration"": 1.868, ""width"": 1280, ""height"": 720, ""codec"": ""h264""}"
videos/Italy_Italian_Pepsi.mp4,b2cd0b5c062461b6c0f8a09d203152c8,0,0,en,ase,whatsthatsign,"Italy, Italian, Pepsi","{""signpuddle_id"": ""1174"", ""sign_fsw"": ""AS19200S30000S10006S2330aM546x539S2ff00482x483S19200517x488S2330a520x509"", ""source"": ""Adam Frost"", ""fps"": 29.97, ""duration"": 2.369, ""width"": 1280, ""height"": 720, ""codec"": ""h264""}"
videos/J_juice.mp4,4397ddd925869d3a6208ba48c9178cfe,0,0,en,ase,whatsthatsign,"J, juice","{""signpuddle_id"": ""173"", ""sign_fsw"": ""AS19220S2fe00S10006S2a20cM519x518S19220498x499S2a20c482x483"", ""source"": ""Adam Frost"", ""fps"": 30.0, ""duration"": 1.6, ""width"": 1280, ""height"": 720, ""codec"": ""h264""}"
videos/Jamaica_Jamaican.mp4,20d18e9ea9ac63e5cd6757651d5f5cf4,0,0,en,ase,whatsthatsign,"Jamaica, Jamaican","{""signpuddle_id"": ""1284"", ""sign_fsw"": ""AS15a40S2fe00S15a58S2fe00S21406S21100S2d500M517x527S15a58490x487S15a40504x500S21100504x484S2d500484x474"", ""source"": ""Adam Frost"", ""fps"": 29.97, ""duration"": 2.102, ""width"": 1280, ""height"": 720, ""codec"": ""h264""}"
videos/Jan_January.mp4,c8914d424910be3181ecf7c954d41825,0,0,en,ase,whatsthatsign,"Jan, January","{""signpuddle_id"": ""896"", ""sign_fsw"": ""AS19220S2fe00S10006S2a20cS1f720S11920M519x542S19220498x474S2a20c482x458S1f720493x497S11920492x516"", ""source"": ""Adam Frost"", ""fps"": 30.0, ""duration"": 2.133, ""width"": 1280, ""height"": 720, ""codec"": ""h264""}"
videos/Japan_Japanese.mp4,d2eb85c5fdfe1af41a09a1d9d8340227,0,0,en,ase,whatsthatsign,"Japan, Japanese","{""signpuddle_id"": ""1176"", ""sign_fsw"": ""AS19200S31410S10006S20e00S2e004M556x518S2ff00482x483S19200517x493S20e00521x478S2e004535x473"", ""source"": ""Adam Frost"", ""fps"": 29.97, ""duration"": 2.002, ""width"": 1280, ""height"": 720, ""codec"": ""h264""}"
videos/July.mp4,df0a8bd07a76dd0d2d20941f51a69bf6,0,0,en,ase,whatsthatsign,July,"{""signpuddle_id"": ""901"", ""sign_fsw"": ""AS19220S2fe00S10006S2a20cS11520S1dc20S19a20M519x564S19220497x453S2a20c481x437S11520497x476S1dc20489x510S19a20491x544"", ""source"": ""Adam Frost"", ""fps"": 30.0, ""duration"": 2.067, ""width"": 1280, ""height"": 720, ""codec"": ""h264""}"
videos/June.mp4,2c28b7e4041970d3d6c4fa20469c83ee,0,0,en,ase,whatsthatsign,June,"{""signpuddle_id"": ""900"", ""sign_fsw"": ""AS19220S2fe00S10006S2a20cS11520S11920S14a20M519x559S19220498x457S2a20c482x441S11520498x480S11920492x514S14a20498x544"", ""source"": ""Adam Frost"", ""fps"": 30.0, ""duration"": 2.167, ""width"": 1280, ""height"": 720, ""codec"": ""h264""}"
videos/K.mp4,09827b0779120d141f5c92b0c2493518,0,0,en,ase,whatsthatsign,K,"{""signpuddle_id"": ""64"", ""sign_fsw"": ""AS14020S2fe00S10006M515x515S14020486x485"", ""source"": ""Adam Frost"", ""fps"": 29.97, ""duration"": 2.069, ""width"": 1280, ""height"": 720, ""codec"": ""h264""}"
videos/Kansas_Kansan.mp4,64f86773669a1c2693b4134c71127862,0,0,en,ase,whatsthatsign,"Kansas, Kansan","{""signpuddle_id"": ""1094"", ""sign_fsw"": ""AS14020S2fe00S10006S1f720S11920M515x540S14020486x461S1f720495x495S11920494x514"", ""source"": ""Adam Frost"", ""fps"": 29.97, ""duration"": 2.102, ""width"": 1280, ""height"": 720, ""codec"": ""h264""}"
videos/Kentucky_Kentuckian.mp4,a47c175a3c64a024f52175db8b794130,0,0,en,ase,whatsthatsign,"Kentucky, Kentuckian","{""signpuddle_id"": ""1195"", ""sign_fsw"": ""AS14020S2fe00S10006S19a20M518x527S14020483x473S19a20490x507"", ""source"": ""Adam Frost"", ""fps"": 29.97, ""duration"": 1.735, ""width"": 1280, ""height"": 720, ""codec"": ""h264""}"
videos/Korea_Korean.mp4,a02be8f3ca3c06f37f8d940130c4cfc6,0,0,en,ase,whatsthatsign,"Korea, Korean","{""signpuddle_id"": ""1177"", ""sign_fsw"": ""AS14010S31410S10006S20500S2e106M569x532S2ff00482x483S14010517x481S2e106548x492"", ""source"": ""Adam Frost"", ""fps"": 29.97, ""duration"": 1.902, ""width"": 1280, ""height"": 720, ""codec"": ""h264""}"
videos/Korea_Korean_North_Korea.mp4,1d36d2cbd04918f630d862182d18399b,0,0,en,ase,whatsthatsign,"Korea, Korean, North Korea, North Korean","{""signpuddle_id"": ""1178"", ""sign_fsw"": ""AS1dc20S2fe00S10006S29904M518x532S1dc20482x469S29904504x500"", ""source"": ""Adam Frost"", ""fps"": 29.97, ""duration"": 2.102, ""width"": 1280, ""height"": 720, ""codec"": ""h264""}"
videos/Korea_Korean_South_Korea.mp4,5670474c4f334a18743064310e99feb2,0,0,en,ase,whatsthatsign,"Korea, Korean, South Korea, South Korean","{""signpuddle_id"": ""1179"", ""sign_fsw"": ""AS15a11S30007S10006S20500S23f03S18210S30006S20500M557x526S2ff00482x483S15a11510x487S23f03534x493S18210508x511"", ""source"": ""Adam Frost"", ""fps"": 29.97, ""duration"": 1.902, ""width"": 1280, ""height"": 720, ""codec"": ""h264""}"
videos/L.mp4,228f27fd9a00501eb8c5d8eb93a2d10f,0,0,en,ase,whatsthatsign,L,"{""signpuddle_id"": ""210"", ""sign_fsw"": ""AS1dc20S2fe00S10006M512x515S1dc20488x485"", ""source"": ""Adam Frost"", ""fps"": 30.0, ""duration"": 2.167, ""width"": 1280, ""height"": 720, ""codec"": ""h264""}"
videos/La_Jolla.mp4,b1e2c916e34e59910175715caa819650,0,0,en,ase,whatsthatsign,La Jolla,"{""signpuddle_id"": ""185"", ""sign_fsw"": ""AS19c40S2fe00S10006S2a408M514x535S19c40486x466S2a408486x499"", ""source"": ""Adam Frost"", ""fps"": 29.97, ""duration"": 1.935, ""width"": 1280, ""height"": 720, ""codec"": ""h264""}"
videos/Louisiana_Louisianan_Louisianian.mp4,bde36251ca55be84883e0b793b52e698,0,0,en,ase,whatsthatsign,"Louisiana, Louisianan, Louisianian, Los Angeles, LA","{""signpuddle_id"": ""1196"", ""sign_fsw"": ""AS1dc20S2fe00S10006S1f720M512x525S1dc20488x476S1f720492x510"", ""source"": ""Adam Frost"", ""fps"": 30.0, ""duration"": 1.733, ""width"": 1280, ""height"": 720, ""codec"": ""h264""}"
videos/Lutheran_Lutherans.mp4,08a562f49a128ddd3ca2502661137536,0,0,en,ase,whatsthatsign,"Lutheran, Lutherans","{""signpuddle_id"": ""1955"", ""sign_fsw"": ""AS1dc50S2fe00S15a48S2fe00S21406S20600M518x522S15a48483x481S1dc50494x478S20600487x511"", ""source"": ""Adam Frost"", ""fps"": 30.0, ""duration"": 2.0, ""width"": 1280, ""height"": 720, ""codec"": ""h264""}"
videos/M.mp4,64fe017cad117e687745953314b27cca,0,0,en,ase,whatsthatsign,M,"{""signpuddle_id"": ""171"", ""sign_fsw"": ""AS18d20S2fe00S10006M510x513S18d20490x488"", ""source"": ""Adam Frost"", ""fps"": 30.0, ""duration"": 1.867, ""width"": 1280, ""height"": 720, ""codec"": ""h264""}"
videos/March.mp4,bd394793711e2359ed3e6fffc8457b58,0,0,en,ase,whatsthatsign,March,"{""signpuddle_id"": ""898"", ""sign_fsw"": ""AS18d20S2fe00S10006S1f720S11a20S16d20S11502M516x561S18d20495x440S1f720495x469S11a20500x488S16d20499x522S11502485x546"", ""source"": ""Adam Frost"", ""fps"": 29.97, ""duration"": 2.603, ""width"": 1280, ""height"": 720, ""codec"": ""h264""}"
videos/Massachusetts_mass_Massachusettsan.mp4,5176dc112ca6e02c7495e1908bc6edd1,0,0,en,ase,whatsthatsign,"Massachusetts, mass, Massachusettsan, Bay Stater","{""signpuddle_id"": ""1095"", ""sign_fsw"": ""AS18d20S2fe00S10006S1f720S20320S20320M510x541S18d20490x459S1f720490x488S20320495x507S20320495x526"", ""source"": ""Adam Frost"", ""fps"": 29.97, ""duration"": 1.902, ""width"": 1280, ""height"": 720, ""codec"": ""h264""}"
videos/May.mp4,7c8553555a625d062ff2118f09f3bc7f,0,0,en,ase,whatsthatsign,May,"{""signpuddle_id"": ""904"", ""sign_fsw"": ""AS18d20S2fe00S10006S1f720S19a20M514x534S18d20488x467S1f720488x496S19a20486x514"", ""source"": ""Adam Frost"", ""fps"": 29.97, ""duration"": 1.935, ""width"": 1280, ""height"": 720, ""codec"": ""h264""}"
videos/Mexico_Mexican.mp4,3c199d6c494ab38830437e3f0685105e,0,0,en,ase,whatsthatsign,"Mexico, Mexican","{""signpuddle_id"": ""1254"", ""sign_fsw"": ""AS10e12S30000S10006S20500S2c600S20500S2c600M531x518S2ff00482x483S10e12497x487S2c600497x456S2c600512x456"", ""source"": ""Adam Frost"", ""fps"": 29.97, ""duration"": 1.969, ""width"": 1280, ""height"": 720, ""codec"": ""h264""}"
videos/Michigan_Michigander.mp4,eb49135348ef2ce9e3536397bdfc9729,0,0,en,ase,whatsthatsign,"Michigan, Michigander","{""signpuddle_id"": ""1096"", ""sign_fsw"": ""AS18d20S2fe00S10006S19220S16d20S11502M518x546S18d20492x455S19220497x484S16d20496x507S11502482x531"", ""source"": ""Adam Frost"", ""fps"": 29.97, ""duration"": 2.135, ""width"": 1280, ""height"": 720, ""codec"": ""h264""}"
videos/Minnesota_Minnesotan.mp4,aa3448662ce0e8664e44ab1e722d0133,0,0,en,ase,whatsthatsign,"Minnesota, Minnesotan","{""signpuddle_id"": ""1097"", ""sign_fsw"": ""AS18d20S2fe00S10006S19220S11920S11920M514x554S18d20488x446S19220493x475S11920487x498S11920487x528"", ""source"": ""Adam Frost"", ""fps"": 30.0, ""duration"": 1.9, ""width"": 1280, ""height"": 720, ""codec"": ""h264""}"
videos/Mississippi_miss_Mississippian.mp4,1f4311285c9309ed000c1d6956cf48b8,0,0,en,ase,whatsthatsign,"Mississippi, miss, Mississippian","{""signpuddle_id"": ""1098"", ""sign_fsw"": ""AS18d20S2fe00S10006S19220S20320S20320M513x543S18d20487x457S19220492x486S20320492x509S20320492x528"", ""source"": ""Adam Frost"", ""fps"": 30.0, ""duration"": 1.9, ""width"": 1280, ""height"": 720, ""codec"": ""h264""}"
videos/Missouri_Missourian.mp4,38eae33fd78909c9c14464566aa72b12,0,0,en,ase,whatsthatsign,"Missouri, Missourian","{""signpuddle_id"": ""1199"", ""sign_fsw"": ""AS18d10S2fe00S10006S17620M510x523S18d10490x478S17620494x507"", ""source"": ""Adam Frost"", ""fps"": 29.97, ""duration"": 1.768, ""width"": 1280, ""height"": 720, ""codec"": ""h264""}"
videos/Monday.mp4,887d546c6e3512a4c05711129bd08b68,0,0,en,ase,whatsthatsign,Monday,"{""signpuddle_id"": ""596"", ""sign_fsw"": ""AS18d00S2fe00S10006S2ea06M513x522S18d00488x478S2ea06488x507"", ""source"": ""Adam Frost"", ""fps"": 30.0, ""duration"": 2.133, ""width"": 1280, ""height"": 720, ""codec"": ""h264""}"
videos/N.mp4,fc103e332c6c0f97c8e583197ffce30b,0,0,en,ase,whatsthatsign,N,"{""signpuddle_id"": ""54"", ""sign_fsw"": ""AS11920S2fe00S10006M511x513S11920490x487"", ""source"": ""Adam Frost"", ""fps"": 30.0, ""duration"": 2.367, ""width"": 1280, ""height"": 720, ""codec"": ""h264""}"
videos/NB_non-binary.mp4,b46abad66e596b2f7e93cb26d0e9957b,0,0,en,ase,whatsthatsign,"NB, non-binary","{""signpuddle_id"": ""1389"", ""sign_fsw"": ""AS11920S2fe00S10006S14720M511x526S11920490x474S14720497x504"", ""source"": ""Adam Frost"", ""fps"": 30.0, ""duration"": 1.967, ""width"": 1280, ""height"": 720, ""codec"": ""h264""}"
videos/National_City.mp4,78f0e73bfec069516efca65a2d70c8d8,0,0,en,ase,whatsthatsign,National City,"{""signpuddle_id"": ""2399"", ""sign_fsw"": ""AS11921S2fe00S15a5aS2fe00S21400S2e736S20500S15a11S2fe00S15a19S2fe00S21406S20600M524x544S15a5a478x485S11921492x472S2e736481x456S15a11501x521S15a19476x521S20600489x508"", ""source"": ""Adam Frost"", ""fps"": 30.0, ""duration"": 2.433, ""width"": 1280, ""height"": 720, ""codec"": ""h264""}"
videos/Nebraska_Nebraskan.mp4,28a478de4c9427b5fcb7f08021a0e83b,0,0,en,ase,whatsthatsign,"Nebraska, Nebraskan","{""signpuddle_id"": ""1099"", ""sign_fsw"": ""AS11920S2fe00S10006S14a20S14720M511x536S11920490x465S14a20496x495S14720497x514"", ""source"": ""Adam Frost"", ""fps"": 29.97, ""duration"": 1.969, ""width"": 1280, ""height"": 720, ""codec"": ""h264""}"
videos/Netherlands_Dutch__i_Holland_-i_.mp4,ffb74d005077ba647da85b6335957f8d,0,0,en,ase,whatsthatsign,"Netherlands, Dutch, <i>Holland</i>","{""signpuddle_id"": ""1289"", ""sign_fsw"": ""AS14c10S30006S14c18S30002S28805S2881dS18510S18518M574x537S2ff00482x483S14c10520x484S14c18457x484S28805529x517S2881d451x517S18510549x522S18518426x522"", ""source"": ""Adam Frost"", ""fps"": 29.97, ""duration"": 2.202, ""width"": 1280, ""height"": 720, ""codec"": ""h264""}"
videos/Nevada_Nevadan.mp4,3a9588cb0863afb75c83d6cb82da44ae,0,0,en,ase,whatsthatsign,"Nevada, Nevadan","{""signpuddle_id"": ""1100"", ""sign_fsw"": ""AS11920S2fe00S10006S14a20S10e20M511x540S11920489x461S14a20495x491S10e20496x510"", ""source"": ""Adam Frost"", ""fps"": 29.97, ""duration"": 1.969, ""width"": 1280, ""height"": 720, ""codec"": ""h264""}"
videos/New_Hampshire_New_Hampshirite.mp4,0e67b367b4e2b5ef8381739e515061d8,0,0,en,ase,whatsthatsign,"New Hampshire, New Hampshirite","{""signpuddle_id"": ""1202"", ""sign_fsw"": ""AS11920S2fe00S10006S11502M515x523S11920494x478S11502485x508"", ""source"": ""Adam Frost"", ""fps"": 29.97, ""duration"": 1.735, ""width"": 1280, ""height"": 720, ""codec"": ""h264""}"
videos/New_Jersey_New_Jerseyan_New_Jerseyite.mp4,b3c892c1bf14f9567c9bfb41eaeba4c2,0,0,en,ase,whatsthatsign,"New Jersey, New Jerseyan, New Jerseyite","{""signpuddle_id"": ""1203"", ""sign_fsw"": ""AS11920S2fe00S10006S19220S2a20cM519x533S11920492x468S19220498x514S2a20c482x498"", ""source"": ""Adam Frost"", ""fps"": 29.97, ""duration"": 1.735, ""width"": 1280, ""height"": 720, ""codec"": ""h264""}"
videos/New_Mexico_New_Mexican.mp4,795b9e281f54dd0d052f266a390a357e,0,0,en,ase,whatsthatsign,"New Mexico, New Mexican","{""signpuddle_id"": ""1204"", ""sign_fsw"": ""AS11920S2fe00S10006S18d20M511x528S11920490x473S18d20491x503"", ""source"": ""Adam Frost"", ""fps"": 29.97, ""duration"": 1.735, ""width"": 1280, ""height"": 720, ""codec"": ""h264""}"
videos/New_Year_s_Eve.mp4,af64bfe3131757d043a5dccc50e68c0d,0,0,en,ase,whatsthatsign,New Year's Eve,"{""signpuddle_id"": ""1612"", ""sign_fsw"": ""AS11920S2fe00S10006S19a20S14a20M514x535S11920487x466S19a20486x496S14a20493x520"", ""source"": ""Adam Frost"", ""fps"": 29.97, ""duration"": 2.002, ""width"": 1280, ""height"": 720, ""codec"": ""h264""}"
videos/New_Year_s_New_Years_new_year.mp4,ee0ed2a3ceda06ac3352102910458d79,0,0,en,ase,whatsthatsign,"New Year's, New Years, new year, New Year","{""signpuddle_id"": ""2335"", ""sign_fsw"": ""AS1821dS2fe00S15a16S2fe00S21400S20e00S2880fS20340S2fe00S20348S2fe00S21400S2e734S20500M532x540S15a16505x482S1821d503x469S20e00491x472S2880f468x461S20340487x509S20348480x525S2e734505x504"", ""source"": ""Adam Frost"", ""fps"": 30.0, ""duration"": 1.766, ""width"": 1280, ""height"": 720, ""codec"": ""h264""}"
videos/New_York_New_Yorker.mp4,f3c35b4d254174e2bb29c797200ae975,0,0,en,ase,whatsthatsign,"New York, New Yorker","{""signpuddle_id"": ""1182"", ""sign_fsw"": ""AS19a50S2fe00S15a3aS2fe00S21400S21100S27106M529x520S15a3a472x503S19a50471x487S21100498x493S27106514x480"", ""source"": ""Adam Frost"", ""fps"": 29.97, ""duration"": 2.302, ""width"": 1280, ""height"": 720, ""codec"": ""h264""}"
videos/New_Zealand_New_Zealander.mp4,e1ebfcfcee4e648e401ae5705a170dcc,0,0,en,ase,whatsthatsign,"New Zealand, New Zealander","{""signpuddle_id"": ""1255"", ""sign_fsw"": ""AS15a11S2fe00S15a18S2fe00S21406S20e00S23f02S18210S20500M533x522S15a18468x482S15a11479x479S20e00503x492S23f02505x501S18210481x505"", ""source"": ""Adam Frost"", ""fps"": 29.97, ""duration"": 1.935, ""width"": 1280, ""height"": 720, ""codec"": ""h264""}"
videos/North_Carolina_North_Carolinian.mp4,a064b83296a85f11d608619073a8888d,0,0,en,ase,whatsthatsign,"North Carolina, North Carolinian","{""signpuddle_id"": ""1200"", ""sign_fsw"": ""AS11920S2fe00S10006S16d20M511x525S11920489x475S16d20494x505"", ""source"": ""Adam Frost"", ""fps"": 29.97, ""duration"": 1.635, ""width"": 1280, ""height"": 720, ""codec"": ""h264""}"
videos/North_Dakota_North_Dakotan.mp4,32a92e858b778295020db7e8fbeee90f,0,0,en,ase,whatsthatsign,"North Dakota, North Dakotan","{""signpuddle_id"": ""1201"", ""sign_fsw"": ""AS11920S2fe00S10006S10120M511x530S11920489x470S10120495x500"", ""source"": ""Adam Frost"", ""fps"": 29.97, ""duration"": 1.835, ""width"": 1280, ""height"": 720, ""codec"": ""h264""}"
videos/Northern_Ireland_Northern_Irish.mp4,20edfdd7618dafd07d0eed286f3b156d,0,0,en,ase,whatsthatsign,"Northern Ireland, Northern Irish","{""signpuddle_id"": ""1286"", ""sign_fsw"": ""AS11920S2fe00S10006S22a00S11051S2fe00S2035aS2fe00S21400S2e73aS20500M517x548S11920490x468S22a00497x452S2035a483x533S11051488x517S2e73a492x499"", ""source"": ""Adam Frost"", ""fps"": 29.97, ""duration"": 2.536, ""width"": 1280, ""height"": 720, ""codec"": ""h264""}"
videos/Norway_Norwegian.mp4,f5898e1768c7de2e058a6060f5b5ab9f,0,0,en,ase,whatsthatsign,"Norway, Norwegian","{""signpuddle_id"": ""1151"", ""sign_fsw"": ""AS11910S30007S10006S2e300M542x526S2ff00482x483S11910518x472S2e300519x499"", ""source"": ""Adam Frost"", ""fps"": 29.97, ""duration"": 2.202, ""width"": 1280, ""height"": 720, ""codec"": ""h264""}"
videos/Nov_November.mp4,e1c53e3b1e2179972a1f87e53c276595,0,0,en,ase,whatsthatsign,"Nov, November","{""signpuddle_id"": ""907"", ""sign_fsw"": ""AS11920S2fe00S10006S17620S10e20M511x540S11920489x460S17620495x490S10e20495x510"", ""source"": ""Adam Frost"", ""fps"": 29.97, ""duration"": 1.902, ""width"": 1280, ""height"": 720, ""codec"": ""h264""}"
videos/O.mp4,1d00dda495be40c0dfeee4d8d56f6cee,0,0,en,ase,whatsthatsign,O,"{""signpuddle_id"": ""114"", ""sign_fsw"": ""AS17620S2fe00S10006M508x508S17620492x492"", ""source"": ""Adam Frost"", ""fps"": 29.97, ""duration"": 2.102, ""width"": 1280, ""height"": 720, ""codec"": ""h264""}"
videos/Oakland.mp4,7b60e8c163faa21ba5903c8c54545cf1,0,0,en,ase,whatsthatsign,Oakland,"{""signpuddle_id"": ""175"", ""sign_fsw"": ""AS19420S2fe00S10006S22f04M513x519S19420492x482S22f04488x505"", ""source"": ""Adam Frost"", ""fps"": 30.0, ""duration"": 2.033, ""width"": 1280, ""height"": 720, ""codec"": ""h264""}"
videos/Oct_October.mp4,dd30d0e751e6c94f0ea346092e3fa1af,0,0,en,ase,whatsthatsign,"Oct, October","{""signpuddle_id"": ""905"", ""sign_fsw"": ""AS17620S2fe00S10006S16d20S1fb20M509x532S17620493x469S16d20492x489S1fb20494x513"", ""source"": ""Adam Frost"", ""fps"": 29.97, ""duration"": 1.935, ""width"": 1280, ""height"": 720, ""codec"": ""h264""}"
videos/Ohio_Ohioan.mp4,37ae635601b4ca0c0a3e913d591c8883,0,0,en,ase,whatsthatsign,"Ohio, Ohioan","{""signpuddle_id"": ""1206"", ""sign_fsw"": ""AS17620S2fe00S10006S11502S19220S17620M518x539S17620496x461S11502482x481S19220497x500S17620496x523"", ""source"": ""Adam Frost"", ""fps"": 29.97, ""duration"": 2.069, ""width"": 1280, ""height"": 720, ""codec"": ""h264""}"
videos/Oklahoma_Oklahoman.mp4,eba7edfa9c2c41d30a5f573db27ea752,0,0,en,ase,whatsthatsign,"Oklahoma, Oklahoman","{""signpuddle_id"": ""1101"", ""sign_fsw"": ""AS17620S2fe00S10006S14020S1dc20S1f720M515x552S17620499x449S14020485x469S1dc20490x503S1f720494x537"", ""source"": ""Adam Frost"", ""fps"": 29.97, ""duration"": 1.935, ""width"": 1280, ""height"": 720, ""codec"": ""h264""}"
videos/Olympics_Olympic_Games_Olympic.mp4,a02734892987a735d1ac2634d7538396,0,0,en,ase,whatsthatsign,"Olympics, Olympic Games, Olympic","{""signpuddle_id"": ""1779"", ""sign_fsw"": ""AS1ce10S2fe00S1ce4fS2fe00S21406S20a10S2c500S2c514M563x532S1ce10504x482S1ce4f478x490S20a10487x517S2c500523x468S2c514437x501"", ""source"": ""Adam Frost"", ""fps"": 29.97, ""duration"": 1.902, ""width"": 1280, ""height"": 720, ""codec"": ""h264""}"
videos/Oregon_Oregonian.mp4,bd7c7f76d779bdde226a54918ab106bd,0,0,en,ase,whatsthatsign,"Oregon, Oregonian","{""signpuddle_id"": ""1262"", ""sign_fsw"": ""AS17620S2fe00S10006S2e500M512x523S17620493x477S2e500489x496"", ""source"": ""Adam Frost"", ""fps"": 29.97, ""duration"": 1.602, ""width"": 1280, ""height"": 720, ""codec"": ""h264""}"
videos/P.mp4,fbc9f0c887b6d518a702a3185fbd3a99,0,0,en,ase,whatsthatsign,P,"{""signpuddle_id"": ""67"", ""sign_fsw"": ""AS14051S2fe00S10006M516x512S14051485x488"", ""source"": ""Adam Frost"", ""fps"": 29.97, ""duration"": 1.802, ""width"": 1280, ""height"": 720, ""codec"": ""h264""}"
videos/PB_peanut_butter_Pacific_Beach.mp4,0e089d510a9ac08c24a402af2590f9eb,0,0,en,ase,whatsthatsign,"PB, peanut butter, Pacific Beach","{""signpuddle_id"": ""68"", ""sign_fsw"": ""AS14051S2fe00S10006S14720M516x525S14051485x475S14720499x503"", ""source"": ""Adam Frost"", ""fps"": 30.0, ""duration"": 2.2, ""width"": 1280, ""height"": 720, ""codec"": ""h264""}"
videos/PO_post_office.mp4,67956695665707e3ad99f3b42b70ee7c,0,0,en,ase,whatsthatsign,"PO, post office","{""signpuddle_id"": ""1542"", ""sign_fsw"": ""AS14051S2fe00S10006S17620M516x522S14051485x478S17620498x506"", ""source"": ""Adam Frost"", ""fps"": 30.0, ""duration"": 1.8, ""width"": 1280, ""height"": 720, ""codec"": ""h264""}"
videos/Pennsylvania_Pennsylvanian.mp4,7f98d15e1944aebcf8fdb00f31962bb5,0,0,en,ase,whatsthatsign,"Pennsylvania, Pennsylvanian","{""signpuddle_id"": ""1207"", ""sign_fsw"": ""AS14051S2fe00S10006S1f720M516x522S14051485x479S1f720493x507"", ""source"": ""Adam Frost"", ""fps"": 29.97, ""duration"": 1.635, ""width"": 1280, ""height"": 720, ""codec"": ""h264""}"
videos/Pepsi_pepsi.mp4,4f45ad691df65fa44d70af8e9012cb38,0,0,en,ase,whatsthatsign,"Pepsi, pepsi","{""signpuddle_id"": ""518"", ""sign_fsw"": ""AS19200S30000S10006S27102M538x549S2ff00482x483S19200517x488S27102522x509"", ""source"": ""Adam Frost"", ""fps"": 29.97, ""duration"": 2.369, ""width"": 1280, ""height"": 720, ""codec"": ""h264""}"
videos/Poland_Pole_Polish.mp4,d750c8d5142c941c8b7aa23bcec12b03,0,0,en,ase,whatsthatsign,"Poland, Pole, Polish","{""signpuddle_id"": ""1279"", ""sign_fsw"": ""AS18541S38511S10006S20500S2d508S38517S20500M524x517S36d00479x484S18541465x498S2d508490x493S20500514x502"", ""source"": ""Adam Frost"", ""fps"": 29.97, ""duration"": 1.902, ""width"": 1280, ""height"": 720, ""codec"": ""h264""}"
videos/Poland_Polish.mp4,95cab5e70e79f7e36467e771eb7035df,0,0,en,ase,whatsthatsign,"Poland, Polish","{""signpuddle_id"": ""1278"", ""sign_fsw"": ""AS1f540S33200S10006S20e00S22f00M544x530S33100482x483S1f540495x506S20e00525x507S22f00519x491"", ""source"": ""Adam Frost"", ""fps"": 29.97, ""duration"": 1.935, ""width"": 1280, ""height"": 720, ""codec"": ""h264""}"
videos/Puerto_Rico_Puerto_Rican.mp4,aa5d3cf61ea8ecf1da1cfcb4307ced5e,0,0,en,ase,whatsthatsign,"Puerto Rico, Puerto Rican","{""signpuddle_id"": ""1267"", ""sign_fsw"": ""AS14051S2fe00S2035aS2fe00S21400S20500S11a51S20500M522x527S2035a479x496S14051483x474S11a51495x501"", ""source"": ""Adam Frost"", ""fps"": 29.97, ""duration"": 2.002, ""width"": 1280, ""height"": 720, ""codec"": ""h264""}"
videos/Puerto_Rico_Puerto_Rican_public_relations.mp4,8e84f29336e81db88220fd3946988d6f,0,0,en,ase,whatsthatsign,"Puerto Rico, Puerto Rican, public relations, PR","{""signpuddle_id"": ""1208"", ""sign_fsw"": ""AS14051S2fe00S10006S11a20M516x529S14051485x471S11a20498x499"", ""source"": ""Adam Frost"", ""fps"": 29.97, ""duration"": 1.935, ""width"": 1280, ""height"": 720, ""codec"": ""h264""}"
videos/Q.mp4,6c25e5964548f5ba94a547b4798aac91,0,0,en,ase,whatsthatsign,Q,"{""signpuddle_id"": ""233"", ""sign_fsw"": ""AS1f051S2fe00S10006M515x512S1f051485x489"", ""source"": ""Adam Frost"", ""fps"": 29.97, ""duration"": 2.102, ""width"": 1280, ""height"": 720, ""codec"": ""h264""}"
videos/R.mp4,69d22584265bad58dfb7878b9a5263ee,0,0,en,ase,whatsthatsign,R,"{""signpuddle_id"": ""56"", ""sign_fsw"": ""AS11a20S2fe00S10006M508x515S11a20493x485"", ""source"": ""Adam Frost"", ""fps"": 29.97, ""duration"": 2.202, ""width"": 1280, ""height"": 720, ""codec"": ""h264""}"
videos/RB_root_beer.mp4,783b29aed293e37e17257e9fd0f7ccb6,0,0,en,ase,whatsthatsign,"RB, root beer","{""signpuddle_id"": ""792"", ""sign_fsw"": ""AS11a20S2fe00S10006S14720M508x528S11a20493x472S14720494x506"", ""source"": ""Adam Frost"", ""fps"": 30.0, ""duration"": 2.967, ""width"": 1280, ""height"": 720, ""codec"": ""h264""}"
videos/RR_rock___roll_rock_and_roll.mp4,a526e4995fd832417d3ea968a1a75518,0,0,en,ase,whatsthatsign,"RR, rock & roll, rock and roll, rock 'n' roll, rock n roll","{""signpuddle_id"": ""1847"", ""sign_fsw"": ""AS11a20S2fe00S10006S11a20M508x532S11a20493x468S11a20493x502"", ""source"": ""Adam Frost"", ""fps"": 29.97, ""duration"": 1.902, ""width"": 1280, ""height"": 720, ""codec"": ""h264""}"
videos/Rhode_Island_Rhode_Islander.mp4,a4fe357babeaa555054bc7f640c7256c,0,0,en,ase,whatsthatsign,"Rhode Island, Rhode Islander","{""signpuddle_id"": ""1210"", ""sign_fsw"": ""AS11a20S2fe00S10006S19220M511x527S11a20490x474S19220490x508"", ""source"": ""Adam Frost"", ""fps"": 29.97, ""duration"": 1.735, ""width"": 1280, ""height"": 720, ""codec"": ""h264""}"
videos/Russia_Russian.mp4,391c91f8804a86b67f8d50bcb4224ce4,0,0,en,ase,whatsthatsign,"Russia, Russian","{""signpuddle_id"": ""1276"", ""sign_fsw"": ""AS10012S30004S10006S20e00S26506S28108M554x527S2ff00482x483S10012498x512S26536533x519S28108534x492"", ""source"": ""Adam Frost"", ""fps"": 29.97, ""duration"": 1.735, ""width"": 1280, ""height"": 720, ""codec"": ""h264""}"
videos/S.mp4,141e1e38ba853376cbecd4d7df05949b,0,0,en,ase,whatsthatsign,S,"{""signpuddle_id"": ""268"", ""sign_fsw"": ""AS20320S2fe00S10006M508x508S20320493x493"", ""source"": ""Adam Frost"", ""fps"": 30.0, ""duration"": 1.933, ""width"": 1280, ""height"": 720, ""codec"": ""h264""}"
videos/SF_San_Francisco_Santa_Fe.mp4,25d1f44290f18a9cac0141c91bca1867,0,0,en,ase,whatsthatsign,"SF, San Francisco, Santa Fe","{""signpuddle_id"": ""270"", ""sign_fsw"": ""AS20320S2fe00S10006S1ce20M511x525S20320490x476S1ce20489x495"", ""source"": ""Adam Frost"", ""fps"": 30.0, ""duration"": 2.267, ""width"": 1280, ""height"": 720, ""codec"": ""h264""}"
videos/Saturday.mp4,4473facb990e522192ab33fbd2bba991,0,0,en,ase,whatsthatsign,Saturday,"{""signpuddle_id"": ""612"", ""sign_fsw"": ""AS20300S2fe00S10006S2ea06M513x517S20300493x483S2ea06488x502"", ""source"": ""Adam Frost"", ""fps"": 30.0, ""duration"": 1.967, ""width"": 1280, ""height"": 720, ""codec"": ""h264""}"
videos/Scotland_Scottish_Scots.mp4,0b693e63265b8e05a092ee87c0396add,0,0,en,ase,whatsthatsign,"Scotland, Scottish, Scots","{""signpuddle_id"": ""1266"", ""sign_fsw"": ""AS14402S38600S10006S20e00S23304M541x534S37606459x466S14402462x472S20e00496x475S23304511x471"", ""source"": ""Adam Frost"", ""fps"": 30.0, ""duration"": 1.9, ""width"": 1280, ""height"": 720, ""codec"": ""h264""}"
videos/Sept_September.mp4,fa430be72b3318da279d9553675d6f17,0,0,en,ase,whatsthatsign,"Sept, September","{""signpuddle_id"": ""903"", ""sign_fsw"": ""AS20320S2fe00S10006S14a20S14051S1fb20M516x543S20320498x458S14a20498x477S14051485x496S1fb20498x524"", ""source"": ""Adam Frost"", ""fps"": 29.97, ""duration"": 2.202, ""width"": 1280, ""height"": 720, ""codec"": ""h264""}"
videos/South_Africa_South_African.mp4,eb7cd6c57dce4f0f8af8e5c549ab3050,0,0,en,ase,whatsthatsign,"South Africa, South African","{""signpuddle_id"": ""2337"", ""sign_fsw"": ""AS10004S2fe00S10006S22a04S14c20S2fe00S10006S2880bS18526M522x561S10004493x439S22a04495x473S14c20479x495S2880b502x513S18526507x536"", ""source"": ""Adam Frost"", ""fps"": 30.0, ""duration"": 2.466, ""width"": 1280, ""height"": 720, ""codec"": ""h264""}"
videos/South_Carolina_South_Carolinian.mp4,64230d9e9e9c526b928411ddf4380097,0,0,en,ase,whatsthatsign,"South Carolina, South Carolinian","{""signpuddle_id"": ""1211"", ""sign_fsw"": ""AS20320S2fe00S10006S16d20M509x520S20320493x481S16d20492x500"", ""source"": ""Adam Frost"", ""fps"": 29.97, ""duration"": 1.935, ""width"": 1280, ""height"": 720, ""codec"": ""h264""}"
videos/South_Dakota_South_Dakotan_San_Diego.mp4,f3ef3d4664599ec93f117b01c536add8,0,0,en,ase,whatsthatsign,"South Dakota, South Dakotan, San Diego, SD","{""signpuddle_id"": ""269"", ""sign_fsw"": ""AS20320S2fe00S10006S10120M508x525S20320492x476S10120492x495"", ""source"": ""Adam Frost"", ""fps"": 30.0, ""duration"": 2.1, ""width"": 1280, ""height"": 720, ""codec"": ""h264""}"
videos/Spain_Spaniard_Spanish.mp4,edfefa73e3448d48afd1a04c62968d28,0,0,en,ase,whatsthatsign,"Spain, Spaniard, Spanish","{""signpuddle_id"": ""2225"", ""sign_fsw"": ""AS10001S38507S10009S38501S20500S20500S26500S26510S10601S10609M544x537S36d00479x507S10001522x507S10009457x507S26500527x494S26510459x494S10601521x463S10609456x463"", ""source"": ""Adam Frost"", ""fps"": 30.0, ""duration"": 1.667, ""width"": 1280, ""height"": 720, ""codec"": ""h264""}"
videos/Spanish_Mexico_Mexican.mp4,16b811e7a6493454f18ae33a1e06c42d,0,0,en,ase,whatsthatsign,"Spanish, Mexico, Mexican","{""signpuddle_id"": ""26"", ""sign_fsw"": ""AS10601S38507S1060aS2fe00S20500S22a03S10602S21400S20500M543x530S36d00479x473S10601520x470S22a03515x494S1060a481x515S10602502x511"", ""source"": ""Adam Frost"", ""fps"": 30.0, ""duration"": 2.733, ""width"": 1280, ""height"": 720, ""codec"": ""h264""}"
videos/Sunday.mp4,ed7cf302d145c4d5559786353a89c1e1,0,0,en,ase,whatsthatsign,Sunday,"{""signpuddle_id"": ""590"", ""sign_fsw"": ""AS15a20S2fe00S15a28S2fe00S38006S2e508S2e510M532x530S15a20513x471S15a28475x471S2e508509x503S2e510469x502"", ""source"": ""Adam Frost"", ""fps"": 29.97, ""duration"": 2.336, ""width"": 1280, ""height"": 720, ""codec"": ""h264""}"
videos/Sweden_Swedish_Swede.mp4,845503a066414375e1843d198156242d,0,0,en,ase,whatsthatsign,"Sweden, Swedish, Swede","{""signpuddle_id"": ""1184"", ""sign_fsw"": ""AS14c51S2fe00S2035aS2fe00S20e00S22f00S18551M519x532S2035a481x512S14c51492x506S22f00490x490S18551490x469"", ""source"": ""Adam Frost"", ""fps"": 29.97, ""duration"": 1.869, ""width"": 1280, ""height"": 720, ""codec"": ""h264""}"
videos/Switzerland_Swiss.mp4,45ce504f3bceb6a468e2d6ffed452028,0,0,en,ase,whatsthatsign,"Switzerland, Swiss","{""signpuddle_id"": ""1287"", ""sign_fsw"": ""AS16d02S38510S10006S20e00S2330aM513x533S16d02487x468S20e00491x488S2330a487x503"", ""source"": ""Adam Frost"", ""fps"": 29.97, ""duration"": 2.269, ""width"": 1280, ""height"": 720, ""codec"": ""h264""}"
videos/T.mp4,9b264730e28ca53cf84039f253dac4c5,0,0,en,ase,whatsthatsign,T,"{""signpuddle_id"": ""261"", ""sign_fsw"": ""AS1fb20S2fe00S10006M508x510S1fb20493x491"", ""source"": ""Adam Frost"", ""fps"": 29.97, ""duration"": 2.236, ""width"": 1280, ""height"": 720, ""codec"": ""h264""}"
videos/TH_Thursday.mp4,a70cabdfbcc804082b1d47137e5b307b,0,0,en,ase,whatsthatsign,"TH, Thursday","{""signpuddle_id"": ""599"", ""sign_fsw"": ""AS1fb20S2fe00S10006S11502M515x519S1fb20500x481S11502485x504"", ""source"": ""Adam Frost"", ""fps"": 29.97, ""duration"": 2.102, ""width"": 1280, ""height"": 720, ""codec"": ""h264""}"
videos/TH_tongue.mp4,1f3284feb15d6a221739d5d23c9b57ce,0,0,en,ase,whatsthatsign,TH tongue,"{""signpuddle_id"": ""2354"", ""sign_fsw"": ""AS36300M518x518S36300482x483"", ""source"": ""Adam Frost"", ""fps"": 30.0, ""duration"": 1.633, ""width"": 1280, ""height"": 720, ""codec"": ""h264""}"
videos/TV_television.mp4,164fdc096af2abaa0b95773d9b4c4401,0,0,en,ase,whatsthatsign,"TV, television","{""signpuddle_id"": ""262"", ""sign_fsw"": ""AS1fb20S2fe00S10006S10e20M508x527S1fb20493x474S10e20493x497"", ""source"": ""Adam Frost"", ""fps"": 30.0, ""duration"": 2.2, ""width"": 1280, ""height"": 720, ""codec"": ""h264""}"
videos/Taiwan_Taiwanese.mp4,90b316e40c0080196ec5b47546b5bfa7,0,0,en,ase,whatsthatsign,"Taiwan, Taiwanese","{""signpuddle_id"": ""1180"", ""sign_fsw"": ""AS20311S33d00S10006S23004S26602M537x541S33b00482x483S20311516x513S23004489x523S26602481x516"", ""source"": ""Adam Frost"", ""fps"": 29.97, ""duration"": 2.002, ""width"": 1280, ""height"": 720, ""codec"": ""h264""}"
videos/Tennessee_Tennessean.mp4,fef376f2bc1060a92bde42578442b6f6,0,0,en,ase,whatsthatsign,"Tennessee, Tennessean","{""signpuddle_id"": ""1102"", ""sign_fsw"": ""AS1fb20S2fe00S10006S14a20S11920S11920M511x549S1fb20496x451S14a20496x474S11920490x493S11920490x523"", ""source"": ""Adam Frost"", ""fps"": 29.97, ""duration"": 1.835, ""width"": 1280, ""height"": 720, ""codec"": ""h264""}"
videos/Texas_Texan.mp4,73549c69df9fbe621165cf2697808736,0,0,en,ase,whatsthatsign,"Texas, Texan","{""signpuddle_id"": ""1264"", ""sign_fsw"": ""AS10620S2fe00S10006S23b04M522x518S10620479x482S23b04503x497"", ""source"": ""Adam Frost"", ""fps"": 30.0, ""duration"": 1.833, ""width"": 1280, ""height"": 720, ""codec"": ""h264""}"
videos/Thailand_Thai.mp4,a8c6961e22aae16e5d60fb9ea988dcae,0,0,en,ase,whatsthatsign,"Thailand, Thai","{""signpuddle_id"": ""1277"", ""sign_fsw"": ""AS10011S33200S10006S20500S2c601M537x534S33100482x483S10011502x504S2c601518x492"", ""source"": ""Adam Frost"", ""fps"": 29.97, ""duration"": 1.802, ""width"": 1280, ""height"": 720, ""codec"": ""h264""}"
videos/Thanksgiving.mp4,4696f86e2caec3ff53f17c27b8d50111,0,0,en,ase,whatsthatsign,Thanksgiving,"{""signpuddle_id"": ""1607"", ""sign_fsw"": ""AS12b11S30004S10006S20500S22a04S13f11S38510S20500M518x593S2ff00482x483S12b11480x513S22a04494x538S20500496x556S13f11481x570"", ""source"": ""Adam Frost"", ""fps"": 30.0, ""duration"": 1.833, ""width"": 1280, ""height"": 720, ""codec"": ""h264""}"
videos/Thursday.mp4,c429de315e7ec409ffe2b8cfe9f186af,0,0,en,ase,whatsthatsign,Thursday,"{""signpuddle_id"": ""610"", ""sign_fsw"": ""AS11502S2fe00S10006S2ea06M518x518S11502483x483S2ea06493x503"", ""source"": ""Adam Frost"", ""fps"": 29.97, ""duration"": 1.869, ""width"": 1280, ""height"": 720, ""codec"": ""h264""}"
videos/Tuesday.mp4,a7147c8f29ca93acb1974e2115dc2bb1,0,0,en,ase,whatsthatsign,Tuesday,"{""signpuddle_id"": ""597"", ""sign_fsw"": ""AS1fb00S2fe00S10006S2ea06M513x520S1fb00492x481S2ea06488x505"", ""source"": ""Adam Frost"", ""fps"": 29.97, ""duration"": 2.369, ""width"": 1280, ""height"": 720, ""codec"": ""h264""}"
videos/U.mp4,2e9b84e18fa14e176aaf408f0a8c507d,0,0,en,ase,whatsthatsign,U,"{""signpuddle_id"": ""48"", ""sign_fsw"": ""AS11520S2fe00S10006M508x515S11520493x485"", ""source"": ""Adam Frost"", ""fps"": 29.97, ""duration"": 2.536, ""width"": 1280, ""height"": 720, ""codec"": ""h264""}"
videos/USA_United_States_of_America.mp4,62111bc1b90b483170c98abf81ae3a83,0,0,en,ase,whatsthatsign,"USA, United States of America","{""signpuddle_id"": ""1106"", ""sign_fsw"": ""AS11520S2fe00S10006S20320S1f720M510x534S11520495x466S20320495x500S1f720490x519"", ""source"": ""Adam Frost"", ""fps"": 29.97, ""duration"": 1.835, ""width"": 1280, ""height"": 720, ""codec"": ""h264""}"
videos/US_United_States.mp4,382c846e9e92f1acbf633479fd943a4c,0,0,en,ase,whatsthatsign,"US, United States","{""signpuddle_id"": ""1107"", ""sign_fsw"": ""AS11520S2fe00S10006S20320M508x525S11520493x476S20320493x510"", ""source"": ""Adam Frost"", ""fps"": 29.97, ""duration"": 1.468, ""width"": 1280, ""height"": 720, ""codec"": ""h264""}"
videos/Utah_Utahn_Utahan.mp4,6d41554f9da072c7881384a23f3837fb,0,0,en,ase,whatsthatsign,"Utah, Utahn, Utahan","{""signpuddle_id"": ""1273"", ""sign_fsw"": ""AS11511S30006S10006S20e00S22114M551x525S2ff00482x483S11511513x498S20e00531x495S22114525x488"", ""source"": ""Adam Frost"", ""fps"": 29.97, ""duration"": 2.102, ""width"": 1280, ""height"": 720, ""codec"": ""h264""}"
videos/V_2_two.mp4,aa1c494f04088130f6415190bf75fecf,0,0,en,ase,whatsthatsign,"V, 2, two","{""signpuddle_id"": ""35"", ""sign_fsw"": ""AS10e20S2fe00S10006M508x515S10e20493x485"", ""source"": ""Adam Frost"", ""fps"": 29.97, ""duration"": 2.102, ""width"": 1280, ""height"": 720, ""codec"": ""h264""}"
videos/Valentine_s_heart.mp4,63c32985c50781bc8ec4439a53f8af4e,0,0,en,ase,whatsthatsign,"Valentine's, heart","{""signpuddle_id"": ""1613"", ""sign_fsw"": ""AS10002S38511S1000aS38511S21100S28c0bS28c13M521x531S36d00479x469S10002487x478S1000a456x478S21100480x482S28c3b487x496S22a33495x513S22a03488x517S28c33462x496S22a35467x512S22a15472x517"", ""source"": ""Adam Frost"", ""fps"": 29.97, ""duration"": 2.002, ""width"": 1280, ""height"": 720, ""codec"": ""h264""}"
videos/Venezuela_Venezuelan_Vietnam.mp4,414c04725eceddaa442d1f83c30249ef,0,0,en,ase,whatsthatsign,"Venezuela, Venezuelan, Vietnam, Vietnamese","{""signpuddle_id"": ""2235"", ""sign_fsw"": ""AS10e20S2fe00S10006S29904M514x531S10e20487x469S29904500x499"", ""source"": ""Adam Frost"", ""fps"": 30.0, ""duration"": 1.766, ""width"": 1280, ""height"": 720, ""codec"": ""h264""}"
videos/Vietnam_Vietnamese.mp4,b890ee16667728bdcda1e9849931e805,0,0,en,ase,whatsthatsign,"Vietnam, Vietnamese","{""signpuddle_id"": ""1274"", ""sign_fsw"": ""AS10e21S30007S10006S20500S22a04S11920S30006S20500M550x529S2ff00482x483S10e21513x482S22a04537x503S11920515x503"", ""source"": ""Adam Frost"", ""fps"": 29.97, ""duration"": 2.035, ""width"": 1280, ""height"": 720, ""codec"": ""h264""}"
videos/Virginia_Virginian.mp4,fa214c2118ca6c411b12c2dbc96d4771,0,0,en,ase,whatsthatsign,"Virginia, Virginian","{""signpuddle_id"": ""1213"", ""sign_fsw"": ""AS10e20S2fe00S10006S1f720M510x525S10e20495x476S1f720490x510"", ""source"": ""Adam Frost"", ""fps"": 29.97, ""duration"": 1.468, ""width"": 1280, ""height"": 720, ""codec"": ""h264""}"
videos/W_6_six.mp4,9151eefb4ff728d1f3d015c70c735f7a,0,0,en,ase,whatsthatsign,"W, 6, six","{""signpuddle_id"": ""169"", ""sign_fsw"": ""AS18720S2fe00S10006M509x515S18720491x486"", ""source"": ""Adam Frost"", ""fps"": 30.0, ""duration"": 1.866, ""width"": 1280, ""height"": 720, ""codec"": ""h264""}"
videos/Washington_Washingtonian.mp4,e23a8f09a23a037239fc7ededb1238d6,0,0,en,ase,whatsthatsign,"Washington, Washingtonian","{""signpuddle_id"": ""1271"", ""sign_fsw"": ""AS18702S38507S10006S20500S2bd00M539x523S36d00479x501S18702510x505S2bd00517x477"", ""source"": ""Adam Frost"", ""fps"": 29.97, ""duration"": 1.935, ""width"": 1280, ""height"": 720, ""codec"": ""h264""}"
videos/Wednesday.mp4,5255447527f06ee6858a42ee2b88ce9a,0,0,en,ase,whatsthatsign,Wednesday,"{""signpuddle_id"": ""598"", ""sign_fsw"": ""AS18700S2fe00S10006S2ea0aM513x524S18700491x476S2ea0a488x509"", ""source"": ""Adam Frost"", ""fps"": 30.0, ""duration"": 2.067, ""width"": 1280, ""height"": 720, ""codec"": ""h264""}"
videos/West_Virginia_West_Virginian.mp4,a45635ce19f0bb581789fc89663a0b05,0,0,en,ase,whatsthatsign,"West Virginia, West Virginian","{""signpuddle_id"": ""1214"", ""sign_fsw"": ""AS18720S2fe00S10006S26506S10e20S2fe00S10006S1f720M520x541S18720484x460S26506505x473S10e20486x492S1f720481x526"", ""source"": ""Adam Frost"", ""fps"": 29.97, ""duration"": 1.902, ""width"": 1280, ""height"": 720, ""codec"": ""h264""}"
videos/Wisconsin_Wisconsinite.mp4,587628abf084f609b58df1f046a7cc3a,0,0,en,ase,whatsthatsign,"Wisconsin, Wisconsinite","{""signpuddle_id"": ""1105"", ""sign_fsw"": ""AS18720S2fe00S10006S19220S20320M511x535S18720489x465S19220490x497S20320490x520"", ""source"": ""Adam Frost"", ""fps"": 29.97, ""duration"": 1.702, ""width"": 1280, ""height"": 720, ""codec"": ""h264""}"
videos/Wyoming_Wyomingite.mp4,ab46636faa278cc20a0e6b3ba4f1ebfa,0,0,en,ase,whatsthatsign,"Wyoming, Wyomingite","{""signpuddle_id"": ""1108"", ""sign_fsw"": ""AS18720S2fe00S10006S19a20S17620M514x537S18720491x464S19a20486x497S17620492x521"", ""source"": ""Adam Frost"", ""fps"": 29.97, ""duration"": 1.802, ""width"": 1280, ""height"": 720, ""codec"": ""h264""}"
videos/X.mp4,dd183bfcc90052c5a5d07584ac05122a,0,0,en,ase,whatsthatsign,X,"{""signpuddle_id"": ""28"", ""sign_fsw"": ""AS10620S2fe00S10006M511x513S10620490x487"", ""source"": ""Adam Frost"", ""fps"": 29.97, ""duration"": 2.135, ""width"": 1280, ""height"": 720, ""codec"": ""h264""}"
videos/Y.mp4,1c869a610e50817eb17cdc399359a3d8,0,0,en,ase,whatsthatsign,Y,"{""signpuddle_id"": ""180"", ""sign_fsw"": ""AS19a20S2fe00S10006M514x510S19a20486x490"", ""source"": ""Adam Frost"", ""fps"": 29.97, ""duration"": 1.702, ""width"": 1280, ""height"": 720, ""codec"": ""h264""}"
videos/YouTube.mp4,0130a3687cf77b2182be3d22bbc4d672,0,0,en,ase,whatsthatsign,YouTube,"{""signpuddle_id"": ""1771"", ""sign_fsw"": ""AS19a20S2fe00S15a18S2fe00S21406S2e700S20500M520x524S15a18480x477S19a20492x476S2e700501x499"", ""source"": ""Adam Frost"", ""fps"": 29.97, ""duration"": 2.069, ""width"": 1280, ""height"": 720, ""codec"": ""h264""}"
videos/YouTube_YT.mp4,ba6ac0a6e23d0e19ad25f0d3170bf8d7,0,0,en,ase,whatsthatsign,"YouTube, YT","{""signpuddle_id"": ""1770"", ""sign_fsw"": ""AS19a20S2fe00S10006S1fb20M514x522S19a20486x479S1fb20493x503"", ""source"": ""Adam Frost"", ""fps"": 29.97, ""duration"": 1.735, ""width"": 1280, ""height"": 720, ""codec"": ""h264""}"
videos/Yugoslavia_Yugoslavian.mp4,adb6ad890d8a7f1aa3e07a070a2daf6a,0,0,en,ase,whatsthatsign,"Yugoslavia, Yugoslavian","{""signpuddle_id"": ""2229"", ""sign_fsw"": ""AS1821dS38511S10006S20500S22a05S20500M521x523S36d00479x478S1821d473x485S20500507x512S22a05494x497"", ""source"": ""Adam Frost"", ""fps"": 30.0, ""duration"": 1.8, ""width"": 1280, ""height"": 720, ""codec"": ""h264""}"
videos/Z.mp4,7a3ea62c85c1191912187c60f9eb76d0,0,0,en,ase,whatsthatsign,Z,"{""signpuddle_id"": ""17"", ""sign_fsw"": ""AS10020S2fe00S10006S2450aM518x517S10020482x487S2450a487x483"", ""source"": ""Adam Frost"", ""fps"": 29.97, ""duration"": 2.502, ""width"": 1280, ""height"": 720, ""codec"": ""h264""}"
videos/_1_1_dollar_one_dollar.mp4,56302cb1f48398ecd70360b4ab8e323b,0,0,en,ase,whatsthatsign,"$1, 1 dollar, one dollar, a dollar","{""signpuddle_id"": ""1793"", ""sign_fsw"": ""AS10020S2fe00S10006S2df00M517x526S10020502x496S2df00483x475"", ""source"": ""Adam Frost"", ""fps"": 29.97, ""duration"": 1.768, ""width"": 1280, ""height"": 720, ""codec"": ""h264""}"
videos/_2_2_dollars_two_dollars.mp4,cf4ccaf1350e3678dd92d1590aa13db5,0,0,en,ase,whatsthatsign,"$2, 2 dollars, two dollars","{""signpuddle_id"": ""1794"", ""sign_fsw"": ""AS10e20S2fe00S10006S2df00M517x526S10e20502x496S2df00483x475"", ""source"": ""Adam Frost"", ""fps"": 29.97, ""duration"": 1.835, ""width"": 1280, ""height"": 720, ""codec"": ""h264""}"
videos/_3D_object__fronted_.mp4,be46f3cc458e4f43bbe6f1f36d48e6e4,0,0,en,ase,whatsthatsign,"(3D object, fronted)","{""signpuddle_id"": ""661"", ""sign_fsw"": ""AS16d26S2fe00S10006S2f900M510x513S16d26490x488S2f900494x508"", ""source"": ""Adam Frost"", ""fps"": 29.97, ""duration"": 1.902, ""width"": 1280, ""height"": 720, ""codec"": ""h264""}"
videos/_3_3_dollars_three_dollars.mp4,cce4698c8dbf3c0ae1db7050133f0e74,0,0,en,ase,whatsthatsign,"$3, 3 dollars, three dollars","{""signpuddle_id"": ""1795"", ""sign_fsw"": ""AS11e20S2fe00S10006S2df00M517x526S11e20494x496S2df00483x475"", ""source"": ""Adam Frost"", ""fps"": 29.97, ""duration"": 1.902, ""width"": 1280, ""height"": 720, ""codec"": ""h264""}"
videos/_4_4_dollars_four_dollars.mp4,df226ec6ad47ca990f4e19743963a2e6,0,0,en,ase,whatsthatsign,"$4, 4 dollars, four dollars","{""signpuddle_id"": ""1796"", ""sign_fsw"": ""AS14420S2fe00S10006S2df00M520x525S14420498x494S2df00481x475"", ""source"": ""Adam Frost"", ""fps"": 29.97, ""duration"": 1.635, ""width"": 1280, ""height"": 720, ""codec"": ""h264""}"
videos/_5_5_dollars_five_dollars.mp4,9e0dd64009ab3923ee385b4ec2ea75c5,0,0,en,ase,whatsthatsign,"$5, 5 dollars, five dollars","{""signpuddle_id"": ""1797"", ""sign_fsw"": ""AS14c20S2fe00S10006S2df00M519x525S14c20496x494S2df00482x475"", ""source"": ""Adam Frost"", ""fps"": 29.97, ""duration"": 1.768, ""width"": 1280, ""height"": 720, ""codec"": ""h264""}"
videos/_6_6_dollars_six_dollars.mp4,90d0f29861e98282872918050a1828f2,0,0,en,ase,whatsthatsign,"$6, 6 dollars, six dollars","{""signpuddle_id"": ""1798"", ""sign_fsw"": ""AS18720S2fe00S10006S2df00M517x524S18720499x495S2df00483x476"", ""source"": ""Adam Frost"", ""fps"": 29.97, ""duration"": 1.902, ""width"": 1280, ""height"": 720, ""codec"": ""h264""}"
videos/_7_7_dollars_seven_dollars.mp4,b07ef59773d242214c75bcae10dc5c6f,0,0,en,ase,whatsthatsign,"$7, 7 dollars, seven dollars","{""signpuddle_id"": ""1799"", ""sign_fsw"": ""AS1a520S2fe00S10006S2df00M520x525S1a520499x497S2df00481x476"", ""source"": ""Adam Frost"", ""fps"": 29.97, ""duration"": 1.702, ""width"": 1280, ""height"": 720, ""codec"": ""h264""}"
videos/_8_8_dollars_eight_dollars.mp4,26a47bd2e8fa76ad56e782b3f4a9fe4a,0,0,en,ase,whatsthatsign,"$8, 8 dollars, eight dollars","{""signpuddle_id"": ""1800"", ""sign_fsw"": ""AS1bb20S2fe00S10006S2df00M520x525S1bb20499x497S2df00481x476"", ""source"": ""Adam Frost"", ""fps"": 30.0, ""duration"": 1.733, ""width"": 1280, ""height"": 720, ""codec"": ""h264""}"
videos/_9_9_dollars_nine_dollars.mp4,3193c6b16b1073f0a17934069494f5f0,0,0,en,ase,whatsthatsign,"$9, 9 dollars, nine dollars","{""signpuddle_id"": ""2005"", ""sign_fsw"": ""AS1ce20S2fe00S10006S2e000M517x530S1ce20495x500S2e000484x471"", ""source"": ""Adam Frost"", ""fps"": 30.0, ""duration"": 1.8, ""width"": 1280, ""height"": 720, ""codec"": ""h264""}"
videos/__48__zero.mp4,8ae09937d928b819fba3bbdcafba3552,0,0,en,ase,whatsthatsign,"&#48;, zero","{""signpuddle_id"": ""113"", ""sign_fsw"": ""AS17610S2fe00S10006M508x508S17610492x492"", ""source"": ""Adam Frost"", ""fps"": 30.0, ""duration"": 2.0, ""width"": 1280, ""height"": 720, ""codec"": ""h264""}"
videos/__at_symbol_at_sign.mp4,e541a3d0f85710131b475f5fd1bb0c96,0,0,en,ase,whatsthatsign,"@, at symbol, at sign","{""signpuddle_id"": ""1743"", ""sign_fsw"": ""AS1f720S2fe00S10006S2e300M512x523S1f720488x478S2e300489x496"", ""source"": ""Adam Frost"", ""fps"": 29.97, ""duration"": 1.935, ""width"": 1280, ""height"": 720, ""codec"": ""h264""}"
videos/_complex_3D_object_.mp4,4463634c28df50898dda2e9f60562177,0,0,en,ase,whatsthatsign,(complex 3D object),"{""signpuddle_id"": ""666"", ""sign_fsw"": ""AS1f540S2fe00S10006S2f900M508x516S1f540493x484S2f900495x511"", ""source"": ""Adam Frost"", ""fps"": 29.97, ""duration"": 2.169, ""width"": 1280, ""height"": 720, ""codec"": ""h264""}"
videos/_conical_object_.mp4,ff134e6c3ec50bd2b4ff0d3f875bf9a9,0,0,en,ase,whatsthatsign,(conical object),"{""signpuddle_id"": ""746"", ""sign_fsw"": ""AS16d40S2fe00S16d48S2fe00S38006S2f900S2f900S22a03S22a15S20340S20348S21400S20500M531x539S16d40513x461S16d48469x461S2f900517x483S2f900472x483S22a03507x490S22a15478x490S20340497x508S20348491x524"", ""source"": ""Adam Frost"", ""fps"": 30.0, ""duration"": 3.4, ""width"": 1280, ""height"": 720, ""codec"": ""h264""}"
videos/_cubic_object___block___box_.mp4,fe94390814a5fc4fdc02d5331c9f5981,0,0,en,ase,whatsthatsign,"(cubic object), ""block"", ""box"", ""cube""","{""signpuddle_id"": ""748"", ""sign_fsw"": ""AS15a10S2fe00S15a18S2fe00S38006S2f900S2f900S22a01S22a15S15a12S15a1aM532x532S15a10520x484S15a18468x484S2f900520x514S2f900468x514S22a01502x486S22a15483x503S15a12484x469S15a1a488x520"", ""source"": ""Adam Frost"", ""fps"": 29.97, ""duration"": 3.637, ""width"": 1280, ""height"": 720, ""codec"": ""h264""}"
videos/_dripping_substance___drip_.mp4,acbb41f92fd393c834eb8760e448a01f,0,0,en,ase,whatsthatsign,"(dripping substance), ""drip""","{""signpuddle_id"": ""2310"", ""sign_fsw"": ""AS20350S2fe00S10006S22a04S10004M508x533S20350493x467S22a04494x485S10004493x503"", ""source"": ""Adam Frost"", ""fps"": 30.0, ""duration"": 1.733, ""width"": 1280, ""height"": 720, ""codec"": ""h264""}"
videos/_elongated_3D_object__front-oriented_.mp4,3e9b231238f6dbf6e2984202be3428bd,0,0,en,ase,whatsthatsign,"(elongated 3D object, front-oriented)","{""signpuddle_id"": ""747"", ""sign_fsw"": ""AS16d20S2fe00S16d28S2fe00S21406S2f900S2f900S20500S26506S26512M539x514S16d20502x486S16d28481x486S2f900506x509S2f900484x509S26506524x489S26512462x489"", ""source"": ""Adam Frost"", ""fps"": 29.97, ""duration"": 3.07, ""width"": 1280, ""height"": 720, ""codec"": ""h264""}"
videos/_elongated_3D_object__top-oriented___counter___countertop_.mp4,2448938de906bf7b9b3124216fb57fbe,0,0,en,ase,whatsthatsign,"(elongated 3D object, top-oriented), ""counter"", ""countertop"", ""pipe"", ""log"", ""roll"", ""beam""","{""signpuddle_id"": ""662"", ""sign_fsw"": ""AS16d50S2fe00S16d58S2fe00S21406S2f900S2f900S20500S26506S26512M539x514S16d50502x486S16d58481x486S2f900506x509S2f900484x509S26506524x489S26512462x489"", ""source"": ""Adam Frost"", ""fps"": 29.97, ""duration"": 2.236, ""width"": 1280, ""height"": 720, ""codec"": ""h264""}"
videos/_feet_.mp4,271581445582921ad51e8d4671a6c64b,0,0,en,ase,whatsthatsign,(feet),"{""signpuddle_id"": ""2284"", ""sign_fsw"": ""AS15a50S2fe00S15a58S2fe00S38006S2f900S2f900M522x518S15a50510x482S15a58478x482S2f900511x513S2f900479x513"", ""source"": ""Adam Frost"", ""fps"": 30.0, ""duration"": 2.1, ""width"": 1280, ""height"": 720, ""codec"": ""h264""}"
videos/_flat-rounded_object__horizontal___disk___disc_.mp4,1289d9c8616e11401da4be6ede387948,0,0,en,ase,whatsthatsign,"(flat-rounded object, horizontal), ""disk"", ""disc"", ""CD"", ""DVD"", plate, dish, platter","{""signpuddle_id"": ""708"", ""sign_fsw"": ""AS1ed40S2fe00S1ed48S2fe00S38006S2f900S2f900M530x514S1ed40504x487S1ed48471x487S2f900517x509S2f900472x509"", ""source"": ""Adam Frost"", ""fps"": 29.97, ""duration"": 2.502, ""width"": 1280, ""height"": 720, ""codec"": ""h264""}"
videos/_flat-rounded_object__upright___disk___disc_.mp4,51985757a4d63f723a33adba1ad11ca7,0,0,en,ase,whatsthatsign,"(flat-rounded object, upright), ""disk"", ""disc"", ""CD"", ""DVD""","{""signpuddle_id"": ""745"", ""sign_fsw"": ""AS1ed10S2fe00S1ed18S2fe00S38006S2f900S2f900M532x515S1ed10506x486S1ed18469x486S2f900519x510S2f900471x510"", ""source"": ""Adam Frost"", ""fps"": 30.0, ""duration"": 3.6, ""width"": 1280, ""height"": 720, ""codec"": ""h264""}"
videos/_general_air_movement_.mp4,5a42ab6f0d49b4967c4fc34daa0464da,0,0,en,ase,whatsthatsign,(general air movement),"{""signpuddle_id"": ""2408"", ""sign_fsw"": ""AS14c40S2fe00S14c48S2fe00S38007S2f900S2f900M530x528S14c40506x473S14c48471x489S2f900513x507S2f900478x523"", ""source"": ""Adam Frost"", ""fps"": 30.0, ""duration"": 2.533, ""width"": 1280, ""height"": 720, ""codec"": ""h264""}"
videos/_gushing_forward_object___gushing___gushing_out_.mp4,847b719c13cf9d064a280b016b03ac2b,0,0,en,ase,whatsthatsign,"(gushing forward object), ""gushing"", ""gushing out"", ""spewing"", ""spewing out""","{""signpuddle_id"": ""2308"", ""sign_fsw"": ""AS20320S2fe00S10006S2f900S26500S14c20M512x539S20320493x516S2f900495x534S26500493x497S14c20489x461"", ""source"": ""Adam Frost"", ""fps"": 30.0, ""duration"": 2.533, ""width"": 1280, ""height"": 720, ""codec"": ""h264""}"
videos/_gushing_up_object___gushing___gushing_up_.mp4,c8593e9b379763167edfda700dbe3279,0,0,en,ase,whatsthatsign,"(gushing up object), ""gushing"", ""gushing up"", ""spewing"", ""spewing up""","{""signpuddle_id"": ""2298"", ""sign_fsw"": ""AS20330S2fe00S10006S2f900S22f00S14c30M513x538S20330493x515S2f900495x533S22f00488x497S14c30488x463"", ""source"": ""Adam Frost"", ""fps"": 30.0, ""duration"": 2.166, ""width"": 1280, ""height"": 720, ""codec"": ""h264""}"
videos/_head_.mp4,c0e294c5a0f27bc7065d76a9cb6a9088,0,0,en,ase,whatsthatsign,(head),"{""signpuddle_id"": ""2285"", ""sign_fsw"": ""AS20320S2fe00S10006S2f900M508x512S20320493x488S2f900495x507"", ""source"": ""Adam Frost"", ""fps"": 30.0, ""duration"": 2.133, ""width"": 1280, ""height"": 720, ""codec"": ""h264""}"
videos/_horizontal_flat_object_.mp4,bbfaf81cdb1fa5c23a825eca865fc464,0,0,en,ase,whatsthatsign,(horizontal flat object),"{""signpuddle_id"": ""664"", ""sign_fsw"": ""AS15a50S2fe00S10006S2f900M506x518S15a50494x483S2f900494x513"", ""source"": ""Adam Frost"", ""fps"": 30.0, ""duration"": 2.133, ""width"": 1280, ""height"": 720, ""codec"": ""h264""}"
videos/_leaking_substance___drain___draining_.mp4,7bf78372cb826f3356ae8fce42614ce7,0,0,en,ase,whatsthatsign,"(leaking substance), ""drain"", ""draining"", ""run"", ""running"", ""leak"", ""leaking"", ""escape"", ""escaping""","{""signpuddle_id"": ""2307"", ""sign_fsw"": ""AS14402S2fe00S10006S22f04M516x520S14402485x481S22f04491x506"", ""source"": ""Adam Frost"", ""fps"": 30.0, ""duration"": 2.166, ""width"": 1280, ""height"": 720, ""codec"": ""h264""}"
videos/_leg_pairs___legs_standing_.mp4,0d39f61f817644d8fe1fbf87f2a9b696,0,0,en,ase,whatsthatsign,"(leg pairs), (legs standing)","{""signpuddle_id"": ""2282"", ""sign_fsw"": ""AS10e04S2fe00S10006S2f900M508x519S10e04493x481S2f900493x514"", ""source"": ""Adam Frost"", ""fps"": 30.0, ""duration"": 1.967, ""width"": 1280, ""height"": 720, ""codec"": ""h264""}"
videos/_legs_extended_.mp4,c8293a5fe11ce3b1e1d2b10c9e226c42,0,0,en,ase,whatsthatsign,(legs extended),"{""signpuddle_id"": ""2283"", ""sign_fsw"": ""AS10040S2fe00S10048S2fe00S38006S2f900S2f900M525x520S10040510x481S10048475x481S2f900512x515S2f900476x515"", ""source"": ""Adam Frost"", ""fps"": 30.0, ""duration"": 2.133, ""width"": 1280, ""height"": 720, ""codec"": ""h264""}"
videos/_legs_together___long_horizontal_rectangular_flat_object_.mp4,d0983eca934f019b81b0acf5eb009882,0,0,en,ase,whatsthatsign,"(legs together), (long horizontal rectangular flat object)","{""signpuddle_id"": ""2049"", ""sign_fsw"": ""AS11550S2fe00S10006S2f900M508x519S11550493x481S2f900495x514"", ""source"": ""Adam Frost"", ""fps"": 29.97, ""duration"": 2.269, ""width"": 1280, ""height"": 720, ""codec"": ""h264""}"
videos/_mass_movement_.mp4,e802812a19c37e1260505b04bdaef4cc,0,0,en,ase,whatsthatsign,(mass movement),"{""signpuddle_id"": ""2306"", ""sign_fsw"": ""AS14c50S2fe00S14c58S2fe00S38006S2f900S2f900S22510S22510M532x527S14c50508x488S14c58469x488S22510509x473S22510470x473S2f900514x522S2f900475x522"", ""source"": ""Adam Frost"", ""fps"": 30.0, ""duration"": 2.266, ""width"": 1280, ""height"": 720, ""codec"": ""h264""}"
videos/_object_for_sitting___seated_entity_.mp4,e46c18eea04f4e55d1b2648e5af0a19a,0,0,en,ase,whatsthatsign,"(object for sitting), (seated entity)","{""signpuddle_id"": ""663"", ""sign_fsw"": ""AS11050S2fe00S10006S2f900M510x518S11050491x483S2f900497x513"", ""source"": ""Adam Frost"", ""fps"": 29.97, ""duration"": 2.202, ""width"": 1280, ""height"": 720, ""codec"": ""h264""}"
videos/_spherical_object_.mp4,3793fab2239acf77ce1e27d30e830663,0,0,en,ase,whatsthatsign,(spherical object),"{""signpuddle_id"": ""744"", ""sign_fsw"": ""AS15410S2fe00S15418S2fe00S38006S2f900S2f900M522x518S15410507x483S15418478x483S2f900508x513S2f900481x513"", ""source"": ""Adam Frost"", ""fps"": 29.97, ""duration"": 2.569, ""width"": 1280, ""height"": 720, ""codec"": ""h264""}"
videos/_spraying_object___shining_object___air_blowing_object_.mp4,fa91fdf83b766984b142e5d7809a15f5,0,0,en,ase,whatsthatsign,"(spraying object), (shining object), (air blowing object)","{""signpuddle_id"": ""2309"", ""sign_fsw"": ""AS15720S2fe00S10006S2f900M509x518S15720491x482S2f900498x513"", ""source"": ""Adam Frost"", ""fps"": 30.0, ""duration"": 2.4, ""width"": 1280, ""height"": 720, ""codec"": ""h264""}"
videos/_tall_3D_object_.mp4,9e044c92cb42491347391ed3be3380e0,0,0,en,ase,whatsthatsign,(tall 3D object),"{""signpuddle_id"": ""665"", ""sign_fsw"": ""AS16d26S2fe00S10006S2f900S22a04M510x522S16d26490x479S2f900494x499S22a04493x507"", ""source"": ""Adam Frost"", ""fps"": 29.97, ""duration"": 2.87, ""width"": 1280, ""height"": 720, ""codec"": ""h264""}"
videos/_upright_vertical_entity___upright_person___long_thin_entity_.mp4,cf56d0a1f5e507adbf9e1dfdbf8cb803,0,0,en,ase,whatsthatsign,"(upright vertical entity), (upright person), (long thin entity), (long thin object)","{""signpuddle_id"": ""481"", ""sign_fsw"": ""AS10020S2fe00S10006S2f900M508x519S10020493x481S2f900495x514"", ""source"": ""Adam Frost"", ""fps"": 29.97, ""duration"": 2.536, ""width"": 1280, ""height"": 720, ""codec"": ""h264""}"
videos/_vertical_flat_object_.mp4,cc1f76fa2e3548db15f790f60da333c3,0,0,en,ase,whatsthatsign,(vertical flat object),"{""signpuddle_id"": ""660"", ""sign_fsw"": ""AS15a20S2fe00S10006S2f900M506x518S15a20494x483S2f900494x513"", ""source"": ""Adam Frost"", ""fps"": 30.0, ""duration"": 1.867, ""width"": 1280, ""height"": 720, ""codec"": ""h264""}"
videos/a_little_bit_a_little_little_bit.mp4,f8ca509ff98a471523579e03c18f4d1d,0,0,en,ase,whatsthatsign,"a little bit, a little, little bit","{""signpuddle_id"": ""225"", ""sign_fsw"": ""AS1eb37S2fe00S10006S21d00M512x519S1eb37493x492S21d00489x482"", ""source"": ""Adam Frost"", ""fps"": 29.97, ""duration"": 1.969, ""width"": 1280, ""height"": 720, ""codec"": ""h264""}"
videos/a_thousand_one_thousand_1_thousand.mp4,c0516092ea740447e86d5b321bd661b4,0,0,en,ase,whatsthatsign,"a thousand, one thousand, 1 thousand, 1,000","{""signpuddle_id"": ""1898"", ""sign_fsw"": ""AS10020S2fe00S15a38S2fe00S21400S22a04S18251S20500M515x536S15a38485x509S10020498x465S22a04499x498S18251491x516"", ""source"": ""Adam Frost"", ""fps"": 29.97, ""duration"": 1.869, ""width"": 1280, ""height"": 720, ""codec"": ""h264""}"
videos/about.mp4,66da696d94edd09ba1c7581a6e44abef,0,0,en,ase,whatsthatsign,about,"{""signpuddle_id"": ""1703"", ""sign_fsw"": ""AS10002S2fe00S18548S2fe00S21400S2e700S20500M534x513S10002486x493S18548467x496S2e700519x488"", ""source"": ""Adam Frost"", ""fps"": 30.0, ""duration"": 1.833, ""width"": 1280, ""height"": 720, ""codec"": ""h264""}"
videos/above_over_more_than.mp4,02c20a7169011d088abc962a46b699f3,0,0,en,ase,whatsthatsign,"above, over, more than","{""signpuddle_id"": ""324"", ""sign_fsw"": ""AS18210S2fe00S18218S2fe00S21400S20500S22a00M520x520S18218481x505S18210497x499S22a00503x480"", ""source"": ""Adam Frost"", ""fps"": 29.97, ""duration"": 2.269, ""width"": 1280, ""height"": 720, ""codec"": ""h264""}"
videos/across_over_after.mp4,bbd4a88452e9f08846dc33cb66d8254e,0,0,en,ase,whatsthatsign,"across, over, after","{""signpuddle_id"": ""963"", ""sign_fsw"": ""AS15a10S2fe00S15a1aS2fe00S38004S2b700M520x527S15a10495x500S15a1a481x486S2b700501x473"", ""source"": ""Adam Frost"", ""fps"": 29.97, ""duration"": 2.469, ""width"": 1280, ""height"": 720, ""codec"": ""h264""}"
videos/addition_add_add_up.mp4,e1b4447b74552d27eeb757a598736c28,0,0,en,ase,whatsthatsign,"addition, add, add up","{""signpuddle_id"": ""1081"", ""sign_fsw"": ""AS14c41S2fe00S18548S2fe00S21404S22a00S18540S20500M522x535S14c41496x508S22a00503x489S18540496x472S18548478x466"", ""source"": ""Adam Frost"", ""fps"": 30.0, ""duration"": 2.533, ""width"": 1280, ""height"": 720, ""codec"": ""h264""}"
videos/address.mp4,3380b253153ebaca75588d2edd0acdf7,0,0,en,ase,whatsthatsign,address,"{""signpuddle_id"": ""2152"", ""sign_fsw"": ""AS1f702S38517S1f70aS38511S20e00S22f00S22f10M531x519S1f70a474x499S1f702511x499S20e00494x492S22f00506x482S22f10469x482"", ""source"": ""Adam Frost"", ""fps"": 29.97, ""duration"": 2.135, ""width"": 1280, ""height"": 720, ""codec"": ""h264""}"
videos/adjacent_next_to_by.mp4,558c94ce7d8cf1ec3c23e68d842fb06f,0,0,en,ase,whatsthatsign,"adjacent, next to, by, on the right side","{""signpuddle_id"": ""405"", ""sign_fsw"": ""AS15a40S2fe00S15a48S2fe00S21400S20500S2880aM523x522S15a48477x495S15a40485x478S2880a501x488"", ""source"": ""Adam Frost"", ""fps"": 29.97, ""duration"": 2.402, ""width"": 1280, ""height"": 720, ""codec"": ""h264""}"
videos/adjective_adj.mp4,0de3287a3d028d375a18ab14397aa246,0,0,en,ase,whatsthatsign,"adjective, adj","{""signpuddle_id"": ""391"", ""sign_fsw"": ""AS1f720S2fe00S10006S10120S19220S2a20cM519x544S1f720493x456S10120498x475S19220498x525S2a20c482x509"", ""source"": ""Adam Frost"", ""fps"": 29.97, ""duration"": 2.469, ""width"": 1280, ""height"": 720, ""codec"": ""h264""}"
videos/adopt_host_take.mp4,ac884c2c7b61329da6013eac1d2fc2b5,0,0,en,ase,whatsthatsign,"adopt, host, take, adopted, adoptive","{""signpuddle_id"": ""1377"", ""sign_fsw"": ""AS14c50S2fe00S14c58S2fe00S38006S22a00S22a10S20350S20358M530x534S14c50506x503S14c58471x503S22a00512x484S22a10476x484S20350511x466S20358475x466"", ""source"": ""Adam Frost"", ""fps"": 29.97, ""duration"": 2.069, ""width"": 1280, ""height"": 720, ""codec"": ""h264""}"
videos/adverb_adv.mp4,fc75d8fb5f4bd3643f07b6d38b464f7d,0,0,en,ase,whatsthatsign,"adverb, adv","{""signpuddle_id"": ""392"", ""sign_fsw"": ""AS1f720S2fe00S10006S10120S10e20M511x542S1f720490x459S10120495x478S10e20495x512"", ""source"": ""Adam Frost"", ""fps"": 29.97, ""duration"": 2.035, ""width"": 1280, ""height"": 720, ""codec"": ""h264""}"
videos/advice_counsel_counseling.mp4,7ea27e7c2c2781569a3a141ec5825382,0,0,en,ase,whatsthatsign,"advice, counsel, counseling, advising","{""signpuddle_id"": ""1635"", ""sign_fsw"": ""AS18521S2fe00S2031aS2fe00S21400S20e00S26a00S14c50M516x550S2031a484x535S18521485x515S20e00496x501S26a00489x484S14c50490x450"", ""source"": ""Adam Frost"", ""fps"": 30.0, ""duration"": 2.0, ""width"": 1280, ""height"": 720, ""codec"": ""h264""}"
videos/afternoon_p.m._pm.mp4,0b185cd46c4cf17c4aee3da1ecbfb673,0,0,en,ase,whatsthatsign,"afternoon, p.m., pm","{""signpuddle_id"": ""752"", ""sign_fsw"": ""AS15a50S2fe00S15a1aS38615S20500S22f04M527x532S15a50487x468S37800492x495S15a1a474x520S22f04502x477"", ""source"": ""Adam Frost"", ""fps"": 30.0, ""duration"": 2.267, ""width"": 1280, ""height"": 720, ""codec"": ""h264""}"
videos/again_repeat.mp4,d2a2d51c7c2138cd175fe5dfd71e6d23,0,0,en,ase,whatsthatsign,"again, repeat","{""signpuddle_id"": ""123"", ""sign_fsw"": ""AS18250S2fe00S15a39S2fe00S21400S28802S20500M528x514S15a39472x487S18250482x499S28802506x486"", ""source"": ""Adam Frost"", ""fps"": 30.0, ""duration"": 2.933, ""width"": 1280, ""height"": 720, ""codec"": ""h264""}"
videos/against_sue_suing.mp4,480ae7a85888fa8e852351b0d1fae50d,0,0,en,ase,whatsthatsign,"against, sue, suing, lawsuit, prosecute, prosecution","{""signpuddle_id"": ""1906"", ""sign_fsw"": ""AS15a40S2fe00S15a0aS2fe00S21414S26500S20500M514x526S15a0a487x475S15a40494x480S26500493x511"", ""source"": ""Adam Frost"", ""fps"": 29.97, ""duration"": 1.902, ""width"": 1280, ""height"": 720, ""codec"": ""h264""}"
videos/agree.mp4,12099c28c36d6af2d0932051d67224e5,0,0,en,ase,whatsthatsign,agree,"{""signpuddle_id"": ""1690"", ""sign_fsw"": ""AS10011S30007S10006S20500S10050S2fe00S10058S2fe00S21406S20500M537x561S2ff00482x483S10011516x491S22a03508x517S10050501x531S10058484x531"", ""source"": ""Adam Frost"", ""fps"": 29.97, ""duration"": 2.069, ""width"": 1280, ""height"": 720, ""codec"": ""h264""}"
videos/airplane_departs_airplane_takes_off.mp4,f0657500988ea64982215b4aa46543ef,0,0,en,ase,whatsthatsign,"airplane departs, airplane takes off","{""signpuddle_id"": ""1129"", ""sign_fsw"": ""AS19c50S2fe00S10006S25500M514x527S19c50486x498S25500496x473"", ""source"": ""Adam Frost"", ""fps"": 29.97, ""duration"": 2.202, ""width"": 1280, ""height"": 720, ""codec"": ""h264""}"
videos/airplane_lands_airplane_arrives.mp4,953395bce3b81dca41a78c6b578bfc2f,0,0,en,ase,whatsthatsign,"airplane lands, airplane arrives","{""signpuddle_id"": ""1130"", ""sign_fsw"": ""AS19c50S2fe00S10006S25504M514x528S19c50486x473S25504495x506"", ""source"": ""Adam Frost"", ""fps"": 29.97, ""duration"": 1.902, ""width"": 1280, ""height"": 720, ""codec"": ""h264""}"
videos/airplane_plane_pilot.mp4,02f631fb0c5104a88342a2e3b0908727,0,0,en,ase,whatsthatsign,"airplane, plane, pilot","{""signpuddle_id"": ""1128"", ""sign_fsw"": ""AS19c50S2fe00S10006S26a00M515x524S19c50486x495S26a00488x477"", ""source"": ""Adam Frost"", ""fps"": 29.97, ""duration"": 2.202, ""width"": 1280, ""height"": 720, ""codec"": ""h264""}"
videos/alien_aliens_extraterrestrial_being.mp4,29807b1fbcd613ef0dcdecc76d8bb16d,0,0,en,ase,whatsthatsign,"alien, aliens, extraterrestrial being, extraterrestrial beings, extraterrestrial, extraterrestrials","{""signpuddle_id"": ""1802"", ""sign_fsw"": ""AS10020S30007S10028S30001S27200S27214M541x518S2ff00482x483S10020511x462S10028474x462S27200501x439S27214459x439"", ""source"": ""Adam Frost"", ""fps"": 29.97, ""duration"": 2.135, ""width"": 1280, ""height"": 720, ""codec"": ""h264""}"
videos/all.mp4,6f018d21d846d41e88375d01b2be3207,0,0,en,ase,whatsthatsign,all,"{""signpuddle_id"": ""503"", ""sign_fsw"": ""AS1f720S2fe00S10006S1dc20S1dc20M512x542S1f720492x459S1dc20488x478S1dc20488x512"", ""source"": ""Adam Frost"", ""fps"": 29.97, ""duration"": 2.369, ""width"": 1280, ""height"": 720, ""codec"": ""h264""}"
videos/all_afternoon.mp4,ea6e1db8af90fb942f6b52bf0ccb5611,0,0,en,ase,whatsthatsign,all afternoon,"{""signpuddle_id"": ""718"", ""sign_fsw"": ""AS15a50S2fe00S15a1aS38615S20500S22a04S2f900M522x532S15a50491x468S37800496x495S15a1a478x520S22a04509x476S2f900510x493"", ""source"": ""Adam Frost"", ""fps"": 30.0, ""duration"": 2.4, ""width"": 1280, ""height"": 720, ""codec"": ""h264""}"
videos/all_day.mp4,ce1a9bd85d177155aa997698cf86cdc2,0,0,en,ase,whatsthatsign,all day,"{""signpuddle_id"": ""720"", ""sign_fsw"": ""AS15a17S2fe00S15a1aS38615S20500S28802M525x527S3780b488x493S15a1a476x515S15a17502x479S28802485x473"", ""source"": ""Adam Frost"", ""fps"": 29.97, ""duration"": 3.003, ""width"": 1280, ""height"": 720, ""codec"": ""h264""}"
videos/all_hour.mp4,4fd0cdebf91b878e0b68e1ce1ff126c9,0,0,en,ase,whatsthatsign,all hour,"{""signpuddle_id"": ""723"", ""sign_fsw"": ""AS10010S2fe00S15a18S2fe00S21406S2e700S20500S2f900M515x534S15a18485x489S10010498x467S2e700500x501S2f900500x529"", ""source"": ""Adam Frost"", ""fps"": 30.0, ""duration"": 2.533, ""width"": 1280, ""height"": 720, ""codec"": ""h264""}"
videos/all_month_whole_month_entire_month.mp4,12db837bdcea4265c2bd9e1684d860aa,0,0,en,ase,whatsthatsign,"all month, whole month, entire month","{""signpuddle_id"": ""722"", ""sign_fsw"": ""AS10002S2fe00S10028S2fe00S21414S21100S22a04S2f900M519x530S10028481x471S10002489x473S21100505x490S22a04505x507S2f900506x525"", ""source"": ""Adam Frost"", ""fps"": 29.97, ""duration"": 2.903, ""width"": 1280, ""height"": 720, ""codec"": ""h264""}"
videos/all_morning.mp4,750c5a6bc2175d1bd3ec46a6497898cb,0,0,en,ase,whatsthatsign,all morning,"{""signpuddle_id"": ""717"", ""sign_fsw"": ""AS15a30S2fe00S15a5aS38617S20500S22a00S2f900M514x542S15a30502x483S37800507x510S15a5a487x528S22a00501x465S2f900502x458"", ""source"": ""Adam Frost"", ""fps"": 29.97, ""duration"": 2.469, ""width"": 1280, ""height"": 720, ""codec"": ""h264""}"
videos/all_night.mp4,d0e1ea79557b997cc358386cb966e5fb,0,0,en,ase,whatsthatsign,all night,"{""signpuddle_id"": ""719"", ""sign_fsw"": ""AS15a1bS2fe00S15a1aS38617S20500S2880eM531x525S15a1a469x475S37803495x477S15a1b508x497S2880e490x513"", ""source"": ""Adam Frost"", ""fps"": 29.97, ""duration"": 2.703, ""width"": 1280, ""height"": 720, ""codec"": ""h264""}"
videos/all_over.mp4,e66fa1556341ef84bd6d80bcf16e9438,0,0,en,ase,whatsthatsign,all over,"{""signpuddle_id"": ""2288"", ""sign_fsw"": ""AS14c02S38517S14c0aS38511S22a04S22a14M536x526S36d00479x474S14c02505x486S14c0a464x486S22a04519x511S22a14468x511"", ""source"": ""Adam Frost"", ""fps"": 30.0, ""duration"": 2.0, ""width"": 1280, ""height"": 720, ""codec"": ""h264""}"
videos/all_week.mp4,f5a6ad8c6aaecf169f54e51631dd475a,0,0,en,ase,whatsthatsign,all week,"{""signpuddle_id"": ""721"", ""sign_fsw"": ""AS10050S2fe00S15a36S2fe00S21400S21100S26506S2f900M528x519S15a36472x507S10050477x482S21100497x495S26506513x496S2f900515x513"", ""source"": ""Adam Frost"", ""fps"": 30.0, ""duration"": 2.2, ""width"": 1280, ""height"": 720, ""codec"": ""h264""}"
videos/allergy_allergic.mp4,38d8fbcdc64ada7bcdb4d79bb56b1290,0,0,en,ase,whatsthatsign,"allergy, allergic","{""signpuddle_id"": ""1907"", ""sign_fsw"": ""AS10001S33200S10006S20500S10002S2fe00S1000aS2fe00S21406S20500S26506S26512M550x558S33100482x483S10001503x504S10002501x543S1000a469x543S26506535x543S26512450x543"", ""source"": ""Adam Frost"", ""fps"": 29.97, ""duration"": 1.835, ""width"": 1280, ""height"": 720, ""codec"": ""h264""}"
videos/alligator_alligators_crocodile.mp4,2a9e6452fd50330ff524140df1f6d49d,0,0,en,ase,whatsthatsign,"alligator, alligators, crocodile, crocodiles","{""signpuddle_id"": ""1461"", ""sign_fsw"": ""AS14e50S2fe00S14e38S2fe00S21400S20600M520x525S14e38480x494S14e50494x488S20600492x475"", ""source"": ""Adam Frost"", ""fps"": 29.97, ""duration"": 2.235, ""width"": 1280, ""height"": 720, ""codec"": ""h264""}"
videos/allow_let_permit.mp4,7bc14a6d2cc256e617dd0c9faf58fb5d,0,0,en,ase,whatsthatsign,"allow, let, permit, permission","{""signpuddle_id"": ""2153"", ""sign_fsw"": ""AS15a40S2fe00S15a48S2fe00S38006S2d200S2d211M530x527S15a40510x473S15a48479x473S2d200504x504S2d211471x504"", ""source"": ""Adam Frost"", ""fps"": 29.97, ""duration"": 1.835, ""width"": 1280, ""height"": 720, ""codec"": ""h264""}"
videos/alone_isolate_isolated.mp4,d815daacb329873faf08117fc453542d,0,0,en,ase,whatsthatsign,"alone, isolate, isolated, someone, something, some","{""signpuddle_id"": ""383"", ""sign_fsw"": ""AS10000S2fe00S10006S27106M517x522S10000484x479S27106502x482"", ""source"": ""Adam Frost"", ""fps"": 29.97, ""duration"": 2.135, ""width"": 1280, ""height"": 720, ""codec"": ""h264""}"
videos/always_all_the_time.mp4,108ba6830d35d17d9208a01e2c0b526a,0,0,en,ase,whatsthatsign,"always, all the time","{""signpuddle_id"": ""7"", ""sign_fsw"": ""AS10000S2fe00S10006S2ea06M513x524S10000491x494S2ea06488x476"", ""source"": ""Adam Frost"", ""fps"": 30.0, ""duration"": 3.1, ""width"": 1280, ""height"": 720, ""codec"": ""h264""}"
videos/and.mp4,e2a4843c02661e2f82b44b21b4539e3d,0,0,en,ase,whatsthatsign,and,"{""signpuddle_id"": ""658"", ""sign_fsw"": ""AS14c40S2fe00S10006S26506S18540M537x516S14c40464x485S26506492x496S18540511x501"", ""source"": ""Adam Frost"", ""fps"": 29.97, ""duration"": 1.968, ""width"": 1280, ""height"": 720, ""codec"": ""h264""}"
videos/and_then_and_next_and_after.mp4,7858a968e70f4e954e00d810bfa31aa5,0,0,en,ase,whatsthatsign,"and then, and next, and after, afterwards, proceed","{""signpuddle_id"": ""2320"", ""sign_fsw"": ""AS18240S2fe00S10006S26500M512x517S18240488x502S26500493x483"", ""source"": ""Adam Frost"", ""fps"": 30.0, ""duration"": 1.766, ""width"": 1280, ""height"": 720, ""codec"": ""h264""}"
videos/angel_angels.mp4,073de57a7a6b1b95a5047ce8b31fe88f,0,0,en,ase,whatsthatsign,"angel, angels","{""signpuddle_id"": ""1803"", ""sign_fsw"": ""AS18211S38507S18219S38501S20500S20500S2df08S2df10M565x517S36d00479x513S18211521x496S18219454x496S2df08544x484S2df10435x484"", ""source"": ""Adam Frost"", ""fps"": 30.0, ""duration"": 1.867, ""width"": 1280, ""height"": 720, ""codec"": ""h264""}"
videos/angry_enraged_livid.mp4,247703cb5359adf3077b7059b83530f5,0,0,en,ase,whatsthatsign,"angry, enraged, livid, mad","{""signpuddle_id"": ""1679"", ""sign_fsw"": ""AS14e02S38517S14e0aS38511S20e00S28809S28811M534x523S14e02503x498S14e0a466x498S20e00494x486S28809514x478S28811466x478"", ""source"": ""Adam Frost"", ""fps"": 29.97, ""duration"": 2.069, ""width"": 1280, ""height"": 720, ""codec"": ""h264""}"
videos/animal.mp4,fc04b0c62ef92e0a3fcba3dc6b077f46,0,0,en,ase,whatsthatsign,animal,"{""signpuddle_id"": ""372"", ""sign_fsw"": ""AS18241S38517S18249S38511S20500S20500S2f900S2f900S26a02S26a16M552x519S18241510x481S18249466x481S20500485x501S20500506x501S2f900506x514S2f900484x514S26a02538x483S26a16449x483"", ""source"": ""Adam Frost"", ""fps"": 29.97, ""duration"": 2.269, ""width"": 1280, ""height"": 720, ""codec"": ""h264""}"
videos/annually_yearly.mp4,28554333671136e7484358bea7e21d3e,0,0,en,ase,whatsthatsign,"annually, yearly","{""signpuddle_id"": ""1007"", ""sign_fsw"": ""AS20340S2fe00S20348S2fe00S21400S20500S26a00S10040M514x542S20340493x511S20348487x527S26a00487x493S10040493x459"", ""source"": ""Adam Frost"", ""fps"": 30.0, ""duration"": 2.533, ""width"": 1280, ""height"": 720, ""codec"": ""h264""}"
videos/anyway_whatever_doesn_t_matter.mp4,7e859f5746be9e8d54cb44db11e64a98,0,0,en,ase,whatsthatsign,"anyway, whatever, doesn't matter, no matter","{""signpuddle_id"": ""2017"", ""sign_fsw"": ""AS15a02S2fe00S15a0aS2fe00S21414S20e00S27100S27114M549x518S15a0a479x501S15a02494x506S20e00494x484S27100509x482S27114451x482"", ""source"": ""Adam Frost"", ""fps"": 29.97, ""duration"": 2.302, ""width"": 1280, ""height"": 720, ""codec"": ""h264""}"
videos/apartment_apt.mp4,5518b0f2c876015e737994f63cdfa6df,0,0,en,ase,whatsthatsign,"apartment, apt","{""signpuddle_id"": ""306"", ""sign_fsw"": ""AS1f720S2fe00S10006S14051S1fb20M516x533S1f720493x467S14051485x486S1fb20498x514"", ""source"": ""Adam Frost"", ""fps"": 29.97, ""duration"": 2.603, ""width"": 1280, ""height"": 720, ""codec"": ""h264""}"
videos/appear_show_up.mp4,5558049e64683c07082e922beb94c20d,0,0,en,ase,whatsthatsign,"appear, show up","{""signpuddle_id"": ""2154"", ""sign_fsw"": ""AS10020S2fe00S14c1aS2fe00S21406S22a00S20700M526x528S14c1a474x474S10020501x480S22a00502x513S20700508x472"", ""source"": ""Adam Frost"", ""fps"": 29.97, ""duration"": 2.002, ""width"": 1280, ""height"": 720, ""codec"": ""h264""}"
videos/apple.mp4,9b2dce5bf1013cc55b867d41361009a1,0,0,en,ase,whatsthatsign,apple,"{""signpuddle_id"": ""27"", ""sign_fsw"": ""AS10612S30005S10006S21100S2c400M563x526S2ff00482x483S10612515x511S2c400523x483"", ""source"": ""Adam Frost"", ""fps"": 29.97, ""duration"": 1.835, ""width"": 1280, ""height"": 720, ""codec"": ""h264""}"
videos/approximate_approximately_thereabout.mp4,93c4c80e737dbea909e23b3cfcbf3498,0,0,en,ase,whatsthatsign,"approximate, approximately, thereabout, about, area","{""signpuddle_id"": ""336"", ""sign_fsw"": ""AS14c20S2fe00S10006S2e300M512x531S14c20489x470S2e300489x504"", ""source"": ""Adam Frost"", ""fps"": 30.0, ""duration"": 2.067, ""width"": 1280, ""height"": 720, ""codec"": ""h264""}"
videos/architecture_alter.mp4,ae8bb4271ea30cca562ed2b0a5a3c2af,0,0,en,ase,whatsthatsign,"architecture, alter","{""signpuddle_id"": ""1804"", ""sign_fsw"": ""AS1f720S2fe00S1f728S2fe00S21406S20500S23b04S23b1cM543x513S1f720501x487S1f728480x487S23b04524x492S23b1c458x492"", ""source"": ""Adam Frost"", ""fps"": 29.97, ""duration"": 2.002, ""width"": 1280, ""height"": 720, ""codec"": ""h264""}"
videos/area_place.mp4,2be4aec432d3f9f00a355ec26c8d0a56,0,0,en,ase,whatsthatsign,"area, place","{""signpuddle_id"": ""346"", ""sign_fsw"": ""AS1f550S2fe00S1f558S2fe00S21406S20500S2d50aS2d512S20500M525x518S1f550501x482S1f558475x482S2d50a506x502S2d512475x502"", ""source"": ""Adam Frost"", ""fps"": 29.97, ""duration"": 2.236, ""width"": 1280, ""height"": 720, ""codec"": ""h264""}"
videos/area_space_thereabout.mp4,10524238cf982eaab7b7a5e6941dd3f8,0,0,en,ase,whatsthatsign,"area, space, thereabout","{""signpuddle_id"": ""281"", ""sign_fsw"": ""AS14c50S2fe00S10006S2e732M513x526S14c50489x474S2e732488x510"", ""source"": ""Adam Frost"", ""fps"": 29.97, ""duration"": 2.636, ""width"": 1280, ""height"": 720, ""codec"": ""h264""}"
videos/argue_quarrel_fight.mp4,a9977a181127c6a833adf84a78a30845,0,0,en,ase,whatsthatsign,"argue, quarrel, fight, bicker","{""signpuddle_id"": ""766"", ""sign_fsw"": ""AS10002S2fe00S1000aS2fe00S38006S23604S23610M548x518S10002509x483S1000a462x483S23604509x501S23610453x501"", ""source"": ""Adam Frost"", ""fps"": 30.0, ""duration"": 2.367, ""width"": 1280, ""height"": 720, ""codec"": ""h264""}"
videos/arm.mp4,e8dc00d50a7b6e143a9dad2a710f5cd8,0,0,en,ase,whatsthatsign,arm,"{""signpuddle_id"": ""1893"", ""sign_fsw"": ""AS1f720S2fe00S10006S11a20S18d20M510x539S1f720490x461S11a20495x480S18d20490x514"", ""source"": ""Adam Frost"", ""fps"": 30.0, ""duration"": 1.833, ""width"": 1280, ""height"": 720, ""codec"": ""h264""}"
videos/army_military_soldier.mp4,176140c6191b0845c1371b8ab858e4b5,0,0,en,ase,whatsthatsign,"army, military, soldier, armed forces","{""signpuddle_id"": ""1649"", ""sign_fsw"": ""AS1f702S38517S1f70aS38537S20600S20600M547x525S36d00479x475S1f702507x482S1f70a507x505S20600525x488S20600525x512"", ""source"": ""Adam Frost"", ""fps"": 29.97, ""duration"": 1.935, ""width"": 1280, ""height"": 720, ""codec"": ""h264""}"
videos/arrive_get_there.mp4,d3f07751ade7ea9b6627155d43ffdd7e,0,0,en,ase,whatsthatsign,"arrive, get there","{""signpuddle_id"": ""1662"", ""sign_fsw"": ""AS15a31S2fe00S15a39S2fe00S21400S2b700S20500M524x518S15a39476x483S15a31486x495S2b700505x490"", ""source"": ""Adam Frost"", ""fps"": 29.97, ""duration"": 1.869, ""width"": 1280, ""height"": 720, ""codec"": ""h264""}"
videos/ask.mp4,217cb7a20e843745688332b0ee4a4f0a,0,0,en,ase,whatsthatsign,ask,"{""signpuddle_id"": ""1486"", ""sign_fsw"": ""AS10020S2fe00S10006S26500S10620M511x538S10020496x508S26500497x492S10620490x463"", ""source"": ""Adam Frost"", ""fps"": 29.97, ""duration"": 1.768, ""width"": 1280, ""height"": 720, ""codec"": ""h264""}"
videos/asking_asking_continuously.mp4,b6044fb6ffc949ccb0d01a7356eea475,0,0,en,ase,whatsthatsign,"asking, asking continuously","{""signpuddle_id"": ""2245"", ""sign_fsw"": ""AS10020S2fe00S10006S2ea00S10620M529x515S10020514x485S2ea00496x488S10620472x489"", ""source"": ""Adam Frost"", ""fps"": 30.0, ""duration"": 2.033, ""width"": 1280, ""height"": 720, ""codec"": ""h264""}"
videos/asking_asking_repetitively.mp4,3edff35db4f6358bc9cdfac3f139e5a0,0,0,en,ase,whatsthatsign,"asking, asking repetitively","{""signpuddle_id"": ""2239"", ""sign_fsw"": ""AS10020S2fe00S10006S26a00S10620M514x538S10020493x508S26a00487x491S10620487x462"", ""source"": ""Adam Frost"", ""fps"": 30.0, ""duration"": 1.833, ""width"": 1280, ""height"": 720, ""codec"": ""h264""}"
videos/assertive.mp4,223c1cccc0d574ba7213b7a00cfa672b,0,0,en,ase,whatsthatsign,assertive,"{""signpuddle_id"": ""1687"", ""sign_fsw"": ""AS1f710S38517S1f718S38511S20500S20500S26500S26510M529x524S1f710509x495S1f718472x495S20500512x513S20500479x513S26500510x477S26510477x477"", ""source"": ""Adam Frost"", ""fps"": 29.97, ""duration"": 1.802, ""width"": 1280, ""height"": 720, ""codec"": ""h264""}"
videos/assistant_aid_aide.mp4,1cb70191e85df15ff603ea05ac895d8c,0,0,en,ase,whatsthatsign,"assistant, aid, aide","{""signpuddle_id"": ""1644"", ""sign_fsw"": ""AS1f540S2fe00S1f548S2fe00S21404S20600M519x525S1f540481x501S1f548481x476S20600497x497"", ""source"": ""Adam Frost"", ""fps"": 29.97, ""duration"": 2.336, ""width"": 1280, ""height"": 720, ""codec"": ""h264""}"
videos/attention.mp4,b05bb32362a7d81f8f61bcc21600d018,0,0,en,ase,whatsthatsign,attention,"{""signpuddle_id"": ""805"", ""sign_fsw"": ""AS15a10S30006S15a18S30002S26a00S26a10M540x518S2ff00482x483S15a10520x487S15a18468x487S26a00513x470S26a10461x470"", ""source"": ""Adam Frost"", ""fps"": 30.0, ""duration"": 2.267, ""width"": 1280, ""height"": 720, ""codec"": ""h264""}"
videos/attic.mp4,d7b4ec1cc063a5ca4ea7007eddee46cc,0,0,en,ase,whatsthatsign,attic,"{""signpuddle_id"": ""625"", ""sign_fsw"": ""AS1f720S2fe00S10006S1fb20S1fb20S19220S16d20M513x554S1f720487x446S1fb20492x465S1fb20492x488S19220492x511S16d20491x534"", ""source"": ""Adam Frost"", ""fps"": 29.97, ""duration"": 2.703, ""width"": 1280, ""height"": 720, ""codec"": ""h264""}"
videos/audience.mp4,a54c6ac15dbb6952295712208d8e8015,0,0,en,ase,whatsthatsign,audience,"{""signpuddle_id"": ""389"", ""sign_fsw"": ""AS14e00S2fe00S14e08S2fe00S38006S26500S26510M531x525S14e00506x494S14e08469x494S26500511x475S26510475x475"", ""source"": ""Adam Frost"", ""fps"": 30.0, ""duration"": 2.733, ""width"": 1280, ""height"": 720, ""codec"": ""h264""}"
videos/aunt.mp4,29c0f46201cc1db6967e94adaa656eaa,0,0,en,ase,whatsthatsign,aunt,"{""signpuddle_id"": ""1346"", ""sign_fsw"": ""AS1f720S30005S10006S27102M549x543S2ff00482x483S1f720510x515S27102534x503"", ""source"": ""Adam Frost"", ""fps"": 29.97, ""duration"": 2.102, ""width"": 1280, ""height"": 720, ""codec"": ""h264""}"
videos/autumn_fall.mp4,157cd6de3ade67ca0ecf01671c4a0f6a,0,0,en,ase,whatsthatsign,"autumn, fall","{""signpuddle_id"": ""767"", ""sign_fsw"": ""AS15a11S38611S10006S20e00S22f03M526x536S37602504x465S15a11500x499S20e00489x510S22f03474x515"", ""source"": ""Adam Frost"", ""fps"": 30.0, ""duration"": 3.367, ""width"": 1280, ""height"": 720, ""codec"": ""h264""}"
videos/available.mp4,d052ceaa6962ef4ba20d4a1b7cc8784f,0,0,en,ase,whatsthatsign,available,"{""signpuddle_id"": ""1036"", ""sign_fsw"": ""AS1c551S2fe00S2035aS2fe00S21400S20e00S26a06M532x519S2035a469x504S1c551474x482S20e00502x495S26a06518x488"", ""source"": ""Adam Frost"", ""fps"": 29.97, ""duration"": 2.302, ""width"": 1280, ""height"": 720, ""codec"": ""h264""}"
videos/awful_terrible_horrible.mp4,b06c55de7d2ac1a3488b190e30f528cd,0,0,en,ase,whatsthatsign,"awful, terrible, horrible","{""signpuddle_id"": ""1920"", ""sign_fsw"": ""AS1bb10S2fe00S1bb18S2fe00S38006S26500S26510S14c40S14c48M533x541S1bb10508x513S1bb18471x513S26500514x496S26510472x496S14c40509x460S14c48467x460"", ""source"": ""Adam Frost"", ""fps"": 29.97, ""duration"": 1.869, ""width"": 1280, ""height"": 720, ""codec"": ""h264""}"
videos/awful_terrible_horrific.mp4,268872f18dd0d727b7d09b20a30dbe3f,0,0,en,ase,whatsthatsign,"awful, terrible, horrific","{""signpuddle_id"": ""2311"", ""sign_fsw"": ""AS1bb10S2fe00S10006S26500S14c40M513x541S1bb10488x513S14c40489x460S26500494x496"", ""source"": ""Adam Frost"", ""fps"": 30.0, ""duration"": 1.833, ""width"": 1280, ""height"": 720, ""codec"": ""h264""}"
videos/awhile_after_awhile_later.mp4,3d5ef5df4575a7a3eb4b8b7f59a7572f,0,0,en,ase,whatsthatsign,"awhile, after awhile, later","{""signpuddle_id"": ""965"", ""sign_fsw"": ""AS1dc20S2fe00S15a18S2fe00S21406S21100S2c300M519x527S15a18482x500S1dc20490x497S2c300493x473"", ""source"": ""Adam Frost"", ""fps"": 29.97, ""duration"": 2.703, ""width"": 1280, ""height"": 720, ""codec"": ""h264""}"
videos/baby_infant_newborn.mp4,07df40e62094c97ac1cb0f89ffa6fe2c,0,0,en,ase,whatsthatsign,"baby, infant, newborn","{""signpuddle_id"": ""2312"", ""sign_fsw"": ""AS15a32S38622S15a3aS38624S20500S27122M537x520S37806485x506S15a3a510x501S15a32482x489S27122464x481"", ""source"": ""Adam Frost"", ""fps"": 30.0, ""duration"": 2.1, ""width"": 1280, ""height"": 720, ""codec"": ""h264""}"
videos/back_behind.mp4,a703394122e7f020bfbec3181be36a88,0,0,en,ase,whatsthatsign,"back, behind","{""signpuddle_id"": ""1891"", ""sign_fsw"": ""AS1f510S30006S10006S26504M539x528S2ff00482x483S1f510524x495S26504525x513"", ""source"": ""Adam Frost"", ""fps"": 30.0, ""duration"": 1.667, ""width"": 1280, ""height"": 720, ""codec"": ""h264""}"
videos/backpack.mp4,d047befa33432a6f005d5b434a141780,0,0,en,ase,whatsthatsign,backpack,"{""signpuddle_id"": ""299"", ""sign_fsw"": ""AS15411S38507S15419S38501S20600S20600M538x518S36d00479x499S15411514x483S20600512x507S15419462x483S20600467x507"", ""source"": ""Adam Frost"", ""fps"": 29.97, ""duration"": 2.703, ""width"": 1280, ""height"": 720, ""codec"": ""h264""}"
videos/backup_behind_in_back_of.mp4,32d975eeedba7dc446ac802c99d1d073,0,0,en,ase,whatsthatsign,"backup, behind, in back of","{""signpuddle_id"": ""2156"", ""sign_fsw"": ""AS1f540S2fe00S1f548S2fe00S21414S2d50aS20500M525x517S1f548476x483S1f540487x493S2d50a506x499"", ""source"": ""Adam Frost"", ""fps"": 29.97, ""duration"": 2.069, ""width"": 1280, ""height"": 720, ""codec"": ""h264""}"
videos/backyard.mp4,3811667c36095c45ec68674cd76f5f4f,0,0,en,ase,whatsthatsign,backyard,"{""signpuddle_id"": ""1914"", ""sign_fsw"": ""AS1f510S30006S10006S26504S19a20S2fe00S10006S1f720S11a20S10120M539x639S2ff00482x483S1f510524x493S26504525x511S19a20486x532S1f720488x556S11a20493x575S10120493x609"", ""source"": ""Adam Frost"", ""fps"": 29.97, ""duration"": 2.469, ""width"": 1280, ""height"": 720, ""codec"": ""h264""}"
videos/bacon.mp4,ef1ac42f874276022d7ef216683a165b,0,0,en,ase,whatsthatsign,bacon,"{""signpuddle_id"": ""996"", ""sign_fsw"": ""AS11512S2fe00S1151aS2fe00S21406S20500S22124S22124S26506S26512M552x513S11512503x498S1151a467x498S22124504x488S22124474x488S26506537x497S26512448x497"", ""source"": ""Adam Frost"", ""fps"": 29.97, ""duration"": 2.336, ""width"": 1280, ""height"": 720, ""codec"": ""h264""}"
videos/bad.mp4,64077b976897bab31e57c55e7904b3d9,0,0,en,ase,whatsthatsign,bad,"{""signpuddle_id"": ""1217"", ""sign_fsw"": ""AS15a00S30004S10006S24b04M518x570S2ff00482x483S15a00494x513S24b04490x544"", ""source"": ""Adam Frost"", ""fps"": 30.0, ""duration"": 1.767, ""width"": 1280, ""height"": 720, ""codec"": ""h264""}"
videos/bake.mp4,177ed5731688cd5f03270af31ab92710,0,0,en,ase,whatsthatsign,bake,"{""signpuddle_id"": ""2205"", ""sign_fsw"": ""AS15a30S2fe00S15a1aS2fe00S37f04S26500M520x522S15a1a481x479S15a30488x495S26500506x500"", ""source"": ""Adam Frost"", ""fps"": 30.0, ""duration"": 1.7, ""width"": 1280, ""height"": 720, ""codec"": ""h264""}"
videos/ball_softball.mp4,cbe4e3c4376d789e21c32a7e6c8573a4,0,0,en,ase,whatsthatsign,"ball, softball","{""signpuddle_id"": ""1776"", ""sign_fsw"": ""AS15410S2fe00S15418S2fe00S21406S20600M516x520S15410501x495S15418484x495S20600489x480"", ""source"": ""Adam Frost"", ""fps"": 29.97, ""duration"": 2.102, ""width"": 1280, ""height"": 720, ""codec"": ""h264""}"
videos/balloon.mp4,07c9e3b052950401241e4e8c762d2af5,0,0,en,ase,whatsthatsign,balloon,"{""signpuddle_id"": ""1915"", ""sign_fsw"": ""AS20310S33d00S20318S33d00S26506S26512S16d10S16d18M550x527S2ff00482x483S20318486x504S20310496x510S26506514x511S26512467x506S16d10533x507S16d18446x502"", ""source"": ""Adam Frost"", ""fps"": 29.97, ""duration"": 2.035, ""width"": 1280, ""height"": 720, ""codec"": ""h264""}"
videos/banana.mp4,b8893e7073761178f3ecd45cf55afa33,0,0,en,ase,whatsthatsign,banana,"{""signpuddle_id"": ""995"", ""sign_fsw"": ""AS18510S2fe00S10028S2fe00S21406S20e00S22a04S18537S20e00S22a04M521x553S10028479x447S18510496x448S20e00498x462S22a04498x476S10028479x494S18537495x495S20e00497x524S22a04497x538"", ""source"": ""Adam Frost"", ""fps"": 29.97, ""duration"": 2.436, ""width"": 1280, ""height"": 720, ""codec"": ""h264""}"
videos/bank.mp4,776f52a357e46ee5cce97d5bc1dcc760,0,0,en,ase,whatsthatsign,bank,"{""signpuddle_id"": ""1090"", ""sign_fsw"": ""AS14720S2fe00S10006S1f720S11920S14020M515x553S14720501x448S1f720495x474S11920494x493S14020486x523"", ""source"": ""Adam Frost"", ""fps"": 29.97, ""duration"": 1.902, ""width"": 1280, ""height"": 720, ""codec"": ""h264""}"
videos/bar_pub_saloon.mp4,8f833df9a4208993dd90899bb07a26ca,0,0,en,ase,whatsthatsign,"bar, pub, saloon","{""signpuddle_id"": ""1583"", ""sign_fsw"": ""AS1f527S33d00S10006S20600M527x533S33b00482x483S1f527505x511S20600483x521"", ""source"": ""Adam Frost"", ""fps"": 29.97, ""duration"": 1.768, ""width"": 1280, ""height"": 720, ""codec"": ""h264""}"
videos/bared_teeth.mp4,7bfdd3613be36901a28a89e1d49f673a,0,0,en,ase,whatsthatsign,bared teeth,"{""signpuddle_id"": ""420"", ""sign_fsw"": ""AS36100M518x518S36100482x483"", ""source"": ""Adam Frost"", ""fps"": 29.97, ""duration"": 1.635, ""width"": 1280, ""height"": 720, ""codec"": ""h264""}"
videos/bared_teeth_then_neutrally_open_mouth.mp4,9bddbe160660c27d4c30c035e0234055,0,0,en,ase,whatsthatsign,bared teeth then neutrally open mouth,"{""signpuddle_id"": ""421"", ""sign_fsw"": ""AS36100S34700M518x529S36100482x471S34710493x516S2ff10482x500"", ""source"": ""Adam Frost"", ""fps"": 29.97, ""duration"": 1.802, ""width"": 1280, ""height"": 720, ""codec"": ""h264""}"
videos/barking_barked.mp4,f6bdafcc9616e9053cab804d798673e4,0,0,en,ase,whatsthatsign,"barking, barked","{""signpuddle_id"": ""782"", ""sign_fsw"": ""AS15a50S2fe00S15a30S2fe00S38000S23000S23014M521x540S15a30487x492S15a50501x481S23000496x460S23014480x522"", ""source"": ""Adam Frost"", ""fps"": 30.0, ""duration"": 2.367, ""width"": 1280, ""height"": 720, ""codec"": ""h264""}"
videos/baseball.mp4,627b6916386e058d79a0de82b9e9aaa9,0,0,en,ase,whatsthatsign,baseball,"{""signpuddle_id"": ""1806"", ""sign_fsw"": ""AS20330S2fe00S20358S2fe00S21406S20500S26a20M556x518S36d00479x505S20330541x500S20358525x503S26a20526x482"", ""source"": ""Adam Frost"", ""fps"": 29.97, ""duration"": 2.035, ""width"": 1280, ""height"": 720, ""codec"": ""h264""}"
videos/basement_cellar.mp4,c406d9beb716f971bac1c3ed30a7d00e,0,0,en,ase,whatsthatsign,"basement, cellar","{""signpuddle_id"": ""628"", ""sign_fsw"": ""AS1f502S2fe00S15a1aS2fe00S37f04S2e732M524x520S15a1a476x481S1f502480x496S2e732499x502"", ""source"": ""Adam Frost"", ""fps"": 29.97, ""duration"": 2.336, ""width"": 1280, ""height"": 720, ""codec"": ""h264""}"
videos/basic_basically.mp4,bd45b107360d0142949a926ced2dbcbb,0,0,en,ase,whatsthatsign,"basic, basically","{""signpuddle_id"": ""2246"", ""sign_fsw"": ""AS15a50S2fe00S15a1aS2fe00S37f04S2e706M526x522S15a1a499x479S15a50505x495S2e706475x504"", ""source"": ""Adam Frost"", ""fps"": 30.0, ""duration"": 2.566, ""width"": 1280, ""height"": 720, ""codec"": ""h264""}"
videos/basketball.mp4,3a60e3bdc64a3f44ba120e0b3b9dcd79,0,0,en,ase,whatsthatsign,basketball,"{""signpuddle_id"": ""1807"", ""sign_fsw"": ""AS14e10S2fe00S14e18S2fe00S38006S23000S23010M537x527S14e10511x474S14e18463x474S23000512x509S23010463x508"", ""source"": ""Adam Frost"", ""fps"": 29.97, ""duration"": 2.269, ""width"": 1280, ""height"": 720, ""codec"": ""h264""}"
videos/bass.mp4,b7b4c78686388fa1ad4e61ad9400d9b0,0,0,en,ase,whatsthatsign,bass,"{""signpuddle_id"": ""1808"", ""sign_fsw"": ""AS14720S2fe00S10006S1f720S20320S20320M510x540S14720496x461S1f720490x487S20320495x506S20320495x525"", ""source"": ""Adam Frost"", ""fps"": 30.0, ""duration"": 1.833, ""width"": 1280, ""height"": 720, ""codec"": ""h264""}"
videos/bat_bats.mp4,a92c90415f8938c53a28892294968cb3,0,0,en,ase,whatsthatsign,"bat, bats","{""signpuddle_id"": ""1437"", ""sign_fsw"": ""AS10601S38511S10609S38517S20600S20600M536x529S37600488x506S10601471x484S10609506x484S20600464x472S20600514x472"", ""source"": ""Adam Frost"", ""fps"": 29.97, ""duration"": 2.035, ""width"": 1280, ""height"": 720, ""codec"": ""h264""}"
videos/bathe_take_a_bath_bath.mp4,3659dcfb7e34ece9435b66316e004cf6,0,0,en,ase,whatsthatsign,"bathe, take a bath, bath, bathtub","{""signpuddle_id"": ""683"", ""sign_fsw"": ""AS1f702S38517S1f70aS38511S21100S23600S23610M550x522S1f702511x502S1f70a475x502S21100494x479S23600511x479S23610451x479"", ""source"": ""Adam Frost"", ""fps"": 30.0, ""duration"": 1.967, ""width"": 1280, ""height"": 720, ""codec"": ""h264""}"
videos/bathroom_restroom_toilet.mp4,54b2c450dee79321e34356efec780979,0,0,en,ase,whatsthatsign,"bathroom, restroom, toilet","{""signpuddle_id"": ""326"", ""sign_fsw"": ""AS1fb20S2fe00S10006S27106M517x520S1fb20483x488S27106502x480"", ""source"": ""Adam Frost"", ""fps"": 29.97, ""duration"": 2.502, ""width"": 1280, ""height"": 720, ""codec"": ""h264""}"
videos/bathtub.mp4,dcef7f6110f5b309680c8acf0232b873,0,0,en,ase,whatsthatsign,bathtub,"{""signpuddle_id"": ""2373"", ""sign_fsw"": ""AS1f702S38517S1f70aS38511S21100S23600S23610S1fb20S2fe00S10006S11520S14720M550x567S1f702511x456S1f70a475x456S21100494x433S23600511x433S23610451x433S1fb20492x488S11520492x511S14720493x545"", ""source"": ""Adam Frost"", ""fps"": 30.0, ""duration"": 2.133, ""width"": 1280, ""height"": 720, ""codec"": ""h264""}"
videos/be_in_a_relationship_be_together_go_steady.mp4,0694f4b33f9928f2ffd9df6a43f71a15,0,0,en,ase,whatsthatsign,"be in a relationship, be together, go steady, <i>dating</i>, <i>steady</i>","{""signpuddle_id"": ""1322"", ""sign_fsw"": ""AS1f740S2fe00S1f748S2fe00S21406S20500S27120M521x517S1f748479x502S1f740501x502S27120481x484"", ""source"": ""Adam Frost"", ""fps"": 29.97, ""duration"": 2.402, ""width"": 1280, ""height"": 720, ""codec"": ""h264""}"
videos/beach.mp4,507cca46d7eb64497831d647bf7d8bab,0,0,en,ase,whatsthatsign,beach,"{""signpuddle_id"": ""1587"", ""sign_fsw"": ""AS14720S2fe00S10006S14a20S1f720S16d20S11502M516x552S14720501x449S14a20500x475S1f720495x494S16d20499x513S11502485x537"", ""source"": ""Adam Frost"", ""fps"": 29.97, ""duration"": 2.469, ""width"": 1280, ""height"": 720, ""codec"": ""h264""}"
videos/beans_peas.mp4,b15a34d422e1e367bdc0f242db19d911,0,0,en,ase,whatsthatsign,"beans, peas","{""signpuddle_id"": ""1048"", ""sign_fsw"": ""AS1eb20S2fe00S10059S2fe00S21415S20500S26507S20500M524x521S10059477x494S1eb20499x502S20500492x487S26507511x489S20500500x479"", ""source"": ""Adam Frost"", ""fps"": 30.0, ""duration"": 2.633, ""width"": 1280, ""height"": 720, ""codec"": ""h264""}"
videos/bear_bears.mp4,98c8a199847af50550112241d8253c96,0,0,en,ase,whatsthatsign,"bear, bears","{""signpuddle_id"": ""1438"", ""sign_fsw"": ""AS14e01S38511S14e09S38517S20e00S20e00S21800S21800M549x528S37600489x505S14e01466x483S14e09507x483S20e00452x486S20e00537x486S21800517x473S21800466x473"", ""source"": ""Adam Frost"", ""fps"": 29.97, ""duration"": 2.069, ""width"": 1280, ""height"": 720, ""codec"": ""h264""}"
videos/beard.mp4,750a22759b1fcd54219a9f964751e937,0,0,en,ase,whatsthatsign,beard,"{""signpuddle_id"": ""105"", ""sign_fsw"": ""AS15410S30005S15418S30003S21100S21100S2880dS28815M531x560S2ff00482x483S15410516x497S15418469x497S21100516x524S21100470x524S2880d506x540S28815473x540"", ""source"": ""Adam Frost"", ""fps"": 29.97, ""duration"": 2.669, ""width"": 1280, ""height"": 720, ""codec"": ""h264""}"
videos/beautiful_pretty.mp4,71af6701a0287b22d206d7de7de3234b,0,0,en,ase,whatsthatsign,"beautiful, pretty","{""signpuddle_id"": ""1487"", ""sign_fsw"": ""AS14c01S2ff00S10006S2e300S18500M536x547S2ff00482x483S14c01491x493S2e300489x520S18500512x522"", ""source"": ""Adam Frost"", ""fps"": 29.97, ""duration"": 2.102, ""width"": 1280, ""height"": 720, ""codec"": ""h264""}"
videos/become.mp4,0794cce998e6fd49451258275cd9a38b,0,0,en,ase,whatsthatsign,become,"{""signpuddle_id"": ""397"", ""sign_fsw"": ""AS15a21S2fe00S15a09S2fe00S21414S21100S2df24M517x526S15a09494x475S15a21493x475S21100484x494S2df24496x505"", ""source"": ""Adam Frost"", ""fps"": 29.97, ""duration"": 2.369, ""width"": 1280, ""height"": 720, ""codec"": ""h264""}"
videos/bed.mp4,69fe9cbbb3399a40fc3dd95ce314f593,0,0,en,ase,whatsthatsign,bed,"{""signpuddle_id"": ""633"", ""sign_fsw"": ""AS15a10S30006S10006S20500M529x518S2ff00482x483S15a10517x487"", ""source"": ""Adam Frost"", ""fps"": 29.97, ""duration"": 2.035, ""width"": 1280, ""height"": 720, ""codec"": ""h264""}"
videos/bedroom.mp4,33a4f1f57bd11b187bb1dbd33cfef0f4,0,0,en,ase,whatsthatsign,bedroom,"{""signpuddle_id"": ""2374"", ""sign_fsw"": ""AS15a10S30006S10006S20500S15a40S2fe00S15a48S2fe00S38005S26902S26916M529x576S2ff00482x483S15a10517x487S15a40512x549S15a48476x524S26902491x557S26916491x532"", ""source"": ""Adam Frost"", ""fps"": 30.0, ""duration"": 2.033, ""width"": 1280, ""height"": 720, ""codec"": ""h264""}"
videos/bee_bees.mp4,f6bbb0bd3610665b628cc64d97d450c5,0,0,en,ase,whatsthatsign,"bee, bees","{""signpuddle_id"": ""1465"", ""sign_fsw"": ""AS14720S2fe00S10006S14a20S14a20M508x530S14720494x470S14a20493x496S14a20493x515"", ""source"": ""Adam Frost"", ""fps"": 29.97, ""duration"": 1.702, ""width"": 1280, ""height"": 720, ""codec"": ""h264""}"
videos/beef.mp4,e592eee6a5e31d8624add420fea4a9e0,0,0,en,ase,whatsthatsign,beef,"{""signpuddle_id"": ""969"", ""sign_fsw"": ""AS14720S2fe00S10006S14a20S14a20S1ce20M511x547S14720491x453S14a20490x479S14a20490x498S1ce20489x517"", ""source"": ""Adam Frost"", ""fps"": 30.0, ""duration"": 2.267, ""width"": 1280, ""height"": 720, ""codec"": ""h264""}"
videos/bell_pepper.mp4,a6ec1d949c05945742957d172a0dd3a1,0,0,en,ase,whatsthatsign,bell pepper,"{""signpuddle_id"": ""970"", ""sign_fsw"": ""AS14720S2fe00S10006S14a20S1dc20S1dc20S14051S14a20S14051S14051S14a20S11a20M516x633S14720499x368S14a20498x394S1dc20490x413S1dc20490x447S14051485x481S14a20498x509S14051485x528S14051485x556S14a20498x584S11a20498x603"", ""source"": ""Adam Frost"", ""fps"": 29.97, ""duration"": 3.403, ""width"": 1280, ""height"": 720, ""codec"": ""h264""}"
videos/bell_ringing_alarm.mp4,ea8669a030331f4ae1b842735566b9aa,0,0,en,ase,whatsthatsign,"bell, ringing, alarm, alarm clock","{""signpuddle_id"": ""2065"", ""sign_fsw"": ""AS10020S2fe00S15a18S2fe00S21406S20600M520x522S15a18491x478S10020505x492S20600480x507"", ""source"": ""Adam Frost"", ""fps"": 29.97, ""duration"": 2.002, ""width"": 1280, ""height"": 720, ""codec"": ""h264""}"
videos/below_under_less_than.mp4,93b3d90226420cd6298b5bb0ec80cfcc,0,0,en,ase,whatsthatsign,"below, under, less than","{""signpuddle_id"": ""1137"", ""sign_fsw"": ""AS18210S2fe00S18218S2fe00S21404S20500S22a04M520x519S18218481x481S18210497x487S22a04501x504"", ""source"": ""Adam Frost"", ""fps"": 29.97, ""duration"": 2.202, ""width"": 1280, ""height"": 720, ""codec"": ""h264""}"
videos/bench_couch_sofa.mp4,5634d9cf71ab55b09a48e8892ee80ae0,0,0,en,ase,whatsthatsign,"bench, couch, sofa, love seat","{""signpuddle_id"": ""667"", ""sign_fsw"": ""AS11050S2fe00S1155aS2fe00S21400S20e00S26506M540x514S1155a460x489S11050487x487S20e00510x497S26506525x496"", ""source"": ""Adam Frost"", ""fps"": 30.0, ""duration"": 1.967, ""width"": 1280, ""height"": 720, ""codec"": ""h264""}"
videos/best.mp4,4b6f802d2abadd936f15b07493318648,0,0,en,ase,whatsthatsign,best,"{""signpuddle_id"": ""2025"", ""sign_fsw"": ""AS15a02S30004S10006S20e00S28807S1f502M548x521S2ff00482x483S15a02496x509S28807527x499S1f502533x471"", ""source"": ""Adam Frost"", ""fps"": 29.97, ""duration"": 2.002, ""width"": 1280, ""height"": 720, ""codec"": ""h264""}"
videos/better.mp4,abdba08e6cb36ce458ed987529c3f904,0,0,en,ase,whatsthatsign,better,"{""signpuddle_id"": ""2024"", ""sign_fsw"": ""AS15a02S30004S10006S20e00S26506S1f502M561x523S2ff00482x483S15a02496x509S26506527x508S1f502546x499"", ""source"": ""Adam Frost"", ""fps"": 29.97, ""duration"": 1.935, ""width"": 1280, ""height"": 720, ""codec"": ""h264""}"
videos/between.mp4,228b5e052cc71778177bd6d90c4b682b,0,0,en,ase,whatsthatsign,between,"{""signpuddle_id"": ""221"", ""sign_fsw"": ""AS15a41S2fe00S15a0aS2fe00S21400S20e00S27102M528x520S15a0a490x508S15a41505x497S20e00490x494S27102472x480"", ""source"": ""Adam Frost"", ""fps"": 29.97, ""duration"": 2.035, ""width"": 1280, ""height"": 720, ""codec"": ""h264""}"
videos/bi_bisexual.mp4,910fa042690a021c51adc9585e9bbe57,0,0,en,ase,whatsthatsign,"bi, bisexual","{""signpuddle_id"": ""1316"", ""sign_fsw"": ""AS14720S2fe00S10006S19220M511x523S14720491x478S19220490x504"", ""source"": ""Adam Frost"", ""fps"": 29.97, ""duration"": 2.069, ""width"": 1280, ""height"": 720, ""codec"": ""h264""}"
videos/bicycle_bike_bicycling.mp4,7457720f73f58ef242bd818bc2df7b95,0,0,en,ase,whatsthatsign,"bicycle, bike, bicycling, biking","{""signpuddle_id"": ""279"", ""sign_fsw"": ""AS20350S2fe00S20358S2fe00S38006S2ea00S2ea4cM522x522S20350505x478S20358478x478S2ea00507x497S2ea4c480x497"", ""source"": ""Adam Frost"", ""fps"": 29.97, ""duration"": 2.369, ""width"": 1280, ""height"": 720, ""codec"": ""h264""}"
videos/big_large_huge.mp4,d104174db9cda4a336f51c0ab3d81378,0,0,en,ase,whatsthatsign,"big, large, huge","{""signpuddle_id"": ""2115"", ""sign_fsw"": ""AS1e140S2fe00S1e148S2fe00S38006S28805S2881dM536x525S1e140512x475S1e148466x475S28805516x505S2881d465x505"", ""source"": ""Adam Frost"", ""fps"": 30.0, ""duration"": 1.866, ""width"": 1280, ""height"": 720, ""codec"": ""h264""}"
videos/billion_billions.mp4,eaeab065e0445c153da0463b1e2c1347,0,0,en,ase,whatsthatsign,"billion, billions","{""signpuddle_id"": ""1885"", ""sign_fsw"": ""AS14720S2fe00S10006S2e508M512x527S14720493x474S2e508489x500"", ""source"": ""Adam Frost"", ""fps"": 29.97, ""duration"": 1.969, ""width"": 1280, ""height"": 720, ""codec"": ""h264""}"
videos/bills.mp4,54e007867ad3afc6699c2e24b032b00c,0,0,en,ase,whatsthatsign,bills,"{""signpuddle_id"": ""1530"", ""sign_fsw"": ""AS14720S2fe00S10006S19220S1dc20S1dc20S20320M515x566S14720495x434S19220494x460S1dc20485x483S1dc20485x517S20320494x551"", ""source"": ""Adam Frost"", ""fps"": 30.0, ""duration"": 1.8, ""width"": 1280, ""height"": 720, ""codec"": ""h264""}"
videos/biology_biological.mp4,ebd36420e84d664e86eb180312f245f2,0,0,en,ase,whatsthatsign,"biology, biological","{""signpuddle_id"": ""1809"", ""sign_fsw"": ""AS14721S2fe00S14729S2fe00S38006S2ea04S2ea48M525x525S14721504x475S14729476x475S2ea04510x500S2ea48480x500"", ""source"": ""Adam Frost"", ""fps"": 29.97, ""duration"": 2.102, ""width"": 1280, ""height"": 720, ""codec"": ""h264""}"
videos/bird_chicken_poultry.mp4,09fb1440c31d3dfacef0b782dedca9a9,0,0,en,ase,whatsthatsign,"bird, chicken, poultry, Twitter","{""signpuddle_id"": ""365"", ""sign_fsw"": ""AS1f420S30004S10006S20500S22114M518x528S2ff00482x483S1f420479x513S22114454x506"", ""source"": ""Adam Frost"", ""fps"": 30.0, ""duration"": 2.067, ""width"": 1280, ""height"": 720, ""codec"": ""h264""}"
videos/birthday.mp4,9f60780675821a842530f7ee7af597d2,0,0,en,ase,whatsthatsign,birthday,"{""signpuddle_id"": ""1597"", ""sign_fsw"": ""AS1c507S30004S10006S20500S22a04S20500M524x573S2ff00482x483S1c507499x517S22a04496x544S20500498x562"", ""source"": ""Adam Frost"", ""fps"": 29.97, ""duration"": 1.501, ""width"": 1280, ""height"": 720, ""codec"": ""h264""}"
videos/bite_bit.mp4,03532ceacd9e022c3b05553ddb1ad5d0,0,0,en,ase,whatsthatsign,"bite, bit","{""signpuddle_id"": ""815"", ""sign_fsw"": ""AS16d20S2fe00S15a59S2fe00S21415S26501S20800M523x521S15a59478x479S16d20493x488S20800482x505S26501510x508"", ""source"": ""Adam Frost"", ""fps"": 29.97, ""duration"": 2.502, ""width"": 1280, ""height"": 720, ""codec"": ""h264""}"
videos/bite_nails_chew_nails_biting_nails.mp4,68f4f75a69f706d5542a1c6de9b8c85c,0,0,en,ase,whatsthatsign,"bite nails, chew nails, biting nails, nail biting","{""signpuddle_id"": ""844"", ""sign_fsw"": ""AS14e00S36110S10006S26506S36200M525x540S36200482x483S14e00482x509S26506510x521"", ""source"": ""Adam Frost"", ""fps"": 29.97, ""duration"": 2.102, ""width"": 1280, ""height"": 720, ""codec"": ""h264""}"
videos/black.mp4,81f927e2533506e0a9cd46fb7888c947,0,0,en,ase,whatsthatsign,black,"{""signpuddle_id"": ""14"", ""sign_fsw"": ""AS10012S30000S10006S20e00S26506M568x518S2ff00482x483S10012505x488S20e00538x489S26506553x487"", ""source"": ""Adam Frost"", ""fps"": 30.0, ""duration"": 2.3, ""width"": 1280, ""height"": 720, ""codec"": ""h264""}"
videos/blackout_power_outage_power_down.mp4,4b42d83a521e82dc38084d0ca7419534,0,0,en,ase,whatsthatsign,"blackout, power outage, power down, shutdown, lights out, all lights off","{""signpuddle_id"": ""2293"", ""sign_fsw"": ""AS18551S30007S18559S30001S22105S22103S26506S26516M564x518S2ff00482x483S18551537x472S18559451x472S22105531x473S22103474x473S26506515x476S26516433x476"", ""source"": ""Adam Frost"", ""fps"": 30.0, ""duration"": 2.2, ""width"": 1280, ""height"": 720, ""codec"": ""h264""}"
videos/blanket_quilt.mp4,7bf6c218d548fb1626244f48a37c137c,0,0,en,ase,whatsthatsign,"blanket, quilt","{""signpuddle_id"": ""677"", ""sign_fsw"": ""AS18541S38517S18549S38511S22a00S22a10S20500S20500M536x525S18541509x475S18549465x475S20500516x496S20500475x496S22a00515x510S22a10474x510"", ""source"": ""Adam Frost"", ""fps"": 29.97, ""duration"": 1.902, ""width"": 1280, ""height"": 720, ""codec"": ""h264""}"
videos/blinds_venetian_blinds_horizontal_blinds.mp4,29d2c6291a46a88c6825e519e3deb996,0,0,en,ase,whatsthatsign,"blinds, venetian blinds, horizontal blinds","{""signpuddle_id"": ""668"", ""sign_fsw"": ""AS11502S2fe00S1150aS2fe00S37f04S22a04S2c404M547x523S1150a453x477S11502474x489S22a04490x508S2c404509x485"", ""source"": ""Adam Frost"", ""fps"": 30.0, ""duration"": 2.467, ""width"": 1280, ""height"": 720, ""codec"": ""h264""}"
videos/block_prevent_protect.mp4,4fd8d8d25d3b041b0b7b22163ec39158,0,0,en,ase,whatsthatsign,"block, prevent, protect","{""signpuddle_id"": ""1887"", ""sign_fsw"": ""AS15a11S2fe00S15a19S2fe00S21414S20500M512x512S15a19488x489S15a11489x489"", ""source"": ""Adam Frost"", ""fps"": 29.97, ""duration"": 1.835, ""width"": 1280, ""height"": 720, ""codec"": ""h264""}"
videos/blood_bleed.mp4,aa89edd7a6ce43d5e6c6c847216c1998,0,0,en,ase,whatsthatsign,"blood, bleed","{""signpuddle_id"": ""407"", ""sign_fsw"": ""AS14c01S2fe00S15a0aS2fe00S21410S20e00S22511S22a04M519x535S14c01493x476S15a0a486x491S22511482x465S20e00507x505S22a04506x520"", ""source"": ""Adam Frost"", ""fps"": 30.0, ""duration"": 1.933, ""width"": 1280, ""height"": 720, ""codec"": ""h264""}"
videos/blue.mp4,f3b461c929aa7e677a04066ae8ef5eaf,0,0,en,ase,whatsthatsign,blue,"{""signpuddle_id"": ""684"", ""sign_fsw"": ""AS14710S2fe00S10006S2df08M511x523S14710492x501S2df08490x478"", ""source"": ""Adam Frost"", ""fps"": 30.0, ""duration"": 1.6, ""width"": 1280, ""height"": 720, ""codec"": ""h264""}"
videos/blueberry.mp4,38c8966dd39d4a4c9fdbf394e131085c,0,0,en,ase,whatsthatsign,blueberry,"{""signpuddle_id"": ""2333"", ""sign_fsw"": ""AS14710S2fe00S10006S2df08S17610S2fe00S19209S2fe00S21406S20a00S2c400M541x539S14710492x485S2df08490x462S17610482x521S19209460x519S2c400501x516"", ""source"": ""Adam Frost"", ""fps"": 30.0, ""duration"": 1.933, ""width"": 1280, ""height"": 720, ""codec"": ""h264""}"
videos/blunt_straight_sober.mp4,e1a15794113d2c4ca01fcb6169804d38,0,0,en,ase,whatsthatsign,"blunt, straight, sober","{""signpuddle_id"": ""1388"", ""sign_fsw"": ""AS14710S33200S10006S20500S26500M529x523S33100482x483S14710498x501S26500515x507"", ""source"": ""Adam Frost"", ""fps"": 29.97, ""duration"": 2.102, ""width"": 1280, ""height"": 720, ""codec"": ""h264""}"
videos/board_up_put_up_place.mp4,840a430cb843c839e3b65c3a43d9b49e,0,0,en,ase,whatsthatsign,"board up, put up, place","{""signpuddle_id"": ""826"", ""sign_fsw"": ""AS15a20S2fe00S15a28S2fe00S38006S2f900S2f900S26a00S26606M534x518S15a28467x483S15a20485x483S2f900485x513S26606504x497S26a00501x488S2f900467x513"", ""source"": ""Adam Frost"", ""fps"": 29.97, ""duration"": 2.97, ""width"": 1280, ""height"": 720, ""codec"": ""h264""}"
videos/boat_boating.mp4,f726660a423bcb5e7c07146b70a2f767,0,0,en,ase,whatsthatsign,"boat, boating","{""signpuddle_id"": ""1657"", ""sign_fsw"": ""AS15a30S2fe00S15a38S2fe00S21406S20500S26a20M514x522S15a30501x495S15a38488x495S26a20487x478"", ""source"": ""Adam Frost"", ""fps"": 30.0, ""duration"": 2.2, ""width"": 1280, ""height"": 720, ""codec"": ""h264""}"
videos/body.mp4,2c71d8afd90e18ad309ff85c3f222763,0,0,en,ase,whatsthatsign,body,"{""signpuddle_id"": ""1900"", ""sign_fsw"": ""AS15a02S38517S15a0aS38511S20500S20500S22a04S22a14S20500S20500M532x529S15a02505x471S15a0a469x471S20500509x486S20500482x486S22a04508x500S22a14481x500S20500510x518S20500482x518"", ""source"": ""Adam Frost"", ""fps"": 29.97, ""duration"": 1.935, ""width"": 1280, ""height"": 720, ""codec"": ""h264""}"
videos/body_odor_reek_reeks.mp4,b0cc19a97242542e327fb8303c3338f3,0,0,en,ase,whatsthatsign,"body odor, reek, reeks, stink, stinks","{""signpuddle_id"": ""816"", ""sign_fsw"": ""AS20350S38517S20358S38511S20500S20500S26500S26510S14c50S14c58S22510S22510M541x542S36d00479x520S20350516x527S20358469x527S26500522x509S26510464x509S14c50517x475S14c58459x475S22510518x459S22510460x460"", ""source"": ""Adam Frost"", ""fps"": 29.97, ""duration"": 2.402, ""width"": 1280, ""height"": 720, ""codec"": ""h264""}"
videos/boil.mp4,5fc2d44564df5773d3681ce56e78a23c,0,0,en,ase,whatsthatsign,boil,"{""signpuddle_id"": ""2203"", ""sign_fsw"": ""AS14c00S2fe00S15a1aS2fe00S37f04S22520M516x531S15a1a485x469S14c00488x500S22520484x486"", ""source"": ""Adam Frost"", ""fps"": 30.0, ""duration"": 1.833, ""width"": 1280, ""height"": 720, ""codec"": ""h264""}"
videos/bone_bones_poison.mp4,ea18f71974b0ea4492955f4f83b5a7de,0,0,en,ase,whatsthatsign,"bone, bones, poison","{""signpuddle_id"": ""1916"", ""sign_fsw"": ""AS11001S2fe00S11009S2fe00S21414S20600M524x520S11009496x481S11001477x481S20600490x509"", ""source"": ""Adam Frost"", ""fps"": 29.97, ""duration"": 1.902, ""width"": 1280, ""height"": 720, ""codec"": ""h264""}"
videos/book_textbook_text.mp4,061649dc60a5b6ef7b12820b60c6805a,0,0,en,ase,whatsthatsign,"book, textbook, text","{""signpuddle_id"": ""134"", ""sign_fsw"": ""AS15a40S2fe00S15a48S2fe00S21406S20600S2a308S2a310M536x529S15a40502x502S15a48487x502S2a308513x472S2a310465x472"", ""source"": ""Adam Frost"", ""fps"": 30.0, ""duration"": 2.8, ""width"": 1280, ""height"": 720, ""codec"": ""h264""}"
videos/bookstore.mp4,7a85cb27818e5e1724a4d41d20f24cb0,0,0,en,ase,whatsthatsign,bookstore,"{""signpuddle_id"": ""1233"", ""sign_fsw"": ""AS15a40S2fe00S15a48S2fe00S21406S20500S2a208S2a210S18521S2fe00S18529S2fe00S38006S2d200S2d211M537x548S15a40500x469S15a48487x469S2a208512x453S2a210465x453S18521510x529S18529464x529S2d200502x502S2d211473x502"", ""source"": ""Adam Frost"", ""fps"": 29.97, ""duration"": 2.069, ""width"": 1280, ""height"": 720, ""codec"": ""h264""}"
videos/bored_with_not_up_for_it_don_t_wanna_do_it.mp4,4d1419aad6d5b01b6f7e03d09a786452,0,0,en,ase,whatsthatsign,"bored with, not up for it, don't wanna do it","{""signpuddle_id"": ""1709"", ""sign_fsw"": ""AS10011S33200S10006S20500S28107M543x534S33100482x483S10011503x504S28107520x492"", ""source"": ""Adam Frost"", ""fps"": 30.0, ""duration"": 1.767, ""width"": 1280, ""height"": 720, ""codec"": ""h264""}"
videos/boring_bored_bore.mp4,30101df2dddfb58adbdfb3bf9602530e,0,0,en,ase,whatsthatsign,"boring, bored, bore","{""signpuddle_id"": ""1708"", ""sign_fsw"": ""AS10011S33200S10006S21100S2c300M548x534S33100482x483S10011503x504S2c300522x498"", ""source"": ""Adam Frost"", ""fps"": 30.0, ""duration"": 1.667, ""width"": 1280, ""height"": 720, ""codec"": ""h264""}"
videos/born_birth.mp4,96b18ed1ce690a3b7fbbecba9185f8b8,0,0,en,ase,whatsthatsign,"born, birth","{""signpuddle_id"": ""1332"", ""sign_fsw"": ""AS15a02S2fe00S15a0aS2fe00S21414S20e00S2d200M535x512S15a0a465x492S15a02479x497S2d200509x489"", ""source"": ""Adam Frost"", ""fps"": 29.97, ""duration"": 2.035, ""width"": 1280, ""height"": 720, ""codec"": ""h264""}"
videos/borrow.mp4,029bce224df114187dd0cc9bf853331b,0,0,en,ase,whatsthatsign,borrow,"{""signpuddle_id"": ""817"", ""sign_fsw"": ""AS14040S2fe00S14048S2fe00S21400S20500S2c324M525x533S14048496x476S14040476x468S2c324483x509"", ""source"": ""Adam Frost"", ""fps"": 29.97, ""duration"": 2.202, ""width"": 1280, ""height"": 720, ""codec"": ""h264""}"
videos/boss_coach_chief.mp4,787967c27a07514ddb555ae5e7cccf84,0,0,en,ase,whatsthatsign,"boss, coach, chief","{""signpuddle_id"": ""1631"", ""sign_fsw"": ""AS15411S38507S10006S20600M539x518S36d00479x511S15411515x495S20600515x482"", ""source"": ""Adam Frost"", ""fps"": 29.97, ""duration"": 2.102, ""width"": 1280, ""height"": 720, ""codec"": ""h264""}"
videos/both.mp4,b471343d1fc7ce67fe87b109eadeb66e,0,0,en,ase,whatsthatsign,both,"{""signpuddle_id"": ""486"", ""sign_fsw"": ""AS10e00S2fe00S16d0aS2fe00S21414S21000S22a04S11500M521x535S10e00481x465S16d0a479x497S11500479x505S21000501x491S22a04504x508"", ""source"": ""Adam Frost"", ""fps"": 29.97, ""duration"": 3.07, ""width"": 1280, ""height"": 720, ""codec"": ""h264""}"
videos/bother_annoy.mp4,5bf501bd99ed1cd6646ec055967f3999,0,0,en,ase,whatsthatsign,"bother, annoy","{""signpuddle_id"": ""818"", ""sign_fsw"": ""AS15a41S2fe00S15a0aS2fe00S21400S20710S22f03M538x518S15a0a501x506S15a41500x492S20710463x498S22f03517x482"", ""source"": ""Adam Frost"", ""fps"": 29.97, ""duration"": 2.569, ""width"": 1280, ""height"": 720, ""codec"": ""h264""}"
videos/bowl.mp4,7320055ac1cefa2dfae21086c11934ad,0,0,en,ase,whatsthatsign,bowl,"{""signpuddle_id"": ""2067"", ""sign_fsw"": ""AS17131S2fe00S17139S2fe00S21406S20500S28807S2881fM545x512S17131501x496S17139480x496S28807525x489S2881f456x489"", ""source"": ""Adam Frost"", ""fps"": 29.97, ""duration"": 2.002, ""width"": 1280, ""height"": 720, ""codec"": ""h264""}"
videos/bowling.mp4,c7582832cf855705f77fdf828419eeb4,0,0,en,ase,whatsthatsign,bowling,"{""signpuddle_id"": ""1325"", ""sign_fsw"": ""AS1540bS2fe00S10006S26b00M514x523S1540b489x499S26b00487x477"", ""source"": ""Adam Frost"", ""fps"": 29.97, ""duration"": 2.369, ""width"": 1280, ""height"": 720, ""codec"": ""h264""}"
videos/boxing.mp4,2a21da8a514706b1fb915e0bef9dd824,0,0,en,ase,whatsthatsign,boxing,"{""signpuddle_id"": ""1780"", ""sign_fsw"": ""AS20341S2fe00S20349S2fe00S38006S26a00S26a10S2fd04M530x531S20341505x487S20349474x504S26a00503x469S26a10470x488S2fd04492x525"", ""source"": ""Adam Frost"", ""fps"": 29.97, ""duration"": 2.102, ""width"": 1280, ""height"": 720, ""codec"": ""h264""}"
videos/boy.mp4,3b389d7fbb27a41fba744892046300a4,0,0,en,ase,whatsthatsign,boy,"{""signpuddle_id"": ""810"", ""sign_fsw"": ""AS18510S30007S10006S22104M539x518S2ff00482x483S18510514x487S22104515x477"", ""source"": ""Adam Frost"", ""fps"": 29.97, ""duration"": 1.935, ""width"": 1280, ""height"": 720, ""codec"": ""h264""}"
videos/boyfriend.mp4,7fe702300575618dfbe5a05d99b27b16,0,0,en,ase,whatsthatsign,boyfriend,"{""signpuddle_id"": ""351"", ""sign_fsw"": ""AS18510S30007S10006S22104S10651S2fe00S1063aS2fe00S21400S20900S2c300S2c314M557x564S2ff00482x483S18510514x487S22104517x477S10651496x536S1063a475x542S20900489x527S2c300531x533S2c314444x540"", ""source"": ""Adam Frost"", ""fps"": 29.97, ""duration"": 2.569, ""width"": 1280, ""height"": 720, ""codec"": ""h264""}"
videos/bread.mp4,bbc6cd74631255699c8e7d5f037a5c40,0,0,en,ase,whatsthatsign,bread,"{""signpuddle_id"": ""994"", ""sign_fsw"": ""AS18201S2fe00S15a06S2fe00S21410S20e00S22f04M527x522S15a06474x498S18201481x479S20e00507x493S22f04502x508"", ""source"": ""Adam Frost"", ""fps"": 29.97, ""duration"": 2.436, ""width"": 1280, ""height"": 720, ""codec"": ""h264""}"
videos/break_break_time_halftime.mp4,c2e93073c0aeb181a2f617aa2544e96c,0,0,en,ase,whatsthatsign,"break, break time, halftime, recess, intermission, interlude","{""signpuddle_id"": ""1810"", ""sign_fsw"": ""AS15a50S2fe00S14c0aS2fe00S21406S20700M527x521S14c0a473x480S15a50495x494S20700509x485"", ""source"": ""Adam Frost"", ""fps"": 30.0, ""duration"": 2.067, ""width"": 1280, ""height"": 720, ""codec"": ""h264""}"
videos/break_breaks_breaking.mp4,844f7b692a5764a9d8a94d950427e5b5,0,0,en,ase,whatsthatsign,"break, breaks, breaking, broke, broken","{""signpuddle_id"": ""768"", ""sign_fsw"": ""AS20350S2fe00S20358S2fe00S21406S20500S2a208S2a210M540x517S20350501x502S20358484x502S2a208517x483S2a210460x483"", ""source"": ""Adam Frost"", ""fps"": 29.97, ""duration"": 2.836, ""width"": 1280, ""height"": 720, ""codec"": ""h264""}"
videos/break_time_off_retire.mp4,a8c73cc53c5abf5f428df72f26d5ccce,0,0,en,ase,whatsthatsign,"break, time off, retire","{""signpuddle_id"": ""1360"", ""sign_fsw"": ""AS14c11S38517S14c19S38511S20500S20500M529x517S14c11502x490S14c19472x490S20500519x483S20500471x483"", ""source"": ""Adam Frost"", ""fps"": 29.97, ""duration"": 2.169, ""width"": 1280, ""height"": 720, ""codec"": ""h264""}"
videos/break_up_breakup.mp4,e550951a1ca3c6345a5a4bfd5a8ca8c3,0,0,en,ase,whatsthatsign,"break up, breakup","{""signpuddle_id"": ""2300"", ""sign_fsw"": ""AS20350S2fe00S20358S2fe00S21406S20500S2a208S2a210S11520S2fe00S11528S2fe00S38006S14051S14059M563x531S20350501x488S20358484x488S2a208517x469S2a210460x469S11520545x473S11528440x473S14051532x507S14059438x507"", ""source"": ""Adam Frost"", ""fps"": 30.0, ""duration"": 1.9, ""width"": 1280, ""height"": 720, ""codec"": ""h264""}"
videos/breakfast.mp4,584a127c1186a1bd59486e0847ebc3af,0,0,en,ase,whatsthatsign,breakfast,"{""signpuddle_id"": ""1518"", ""sign_fsw"": ""AS14710S30004S10006S20e00S22f00M542x532S2ff00482x483S14710493x510S20e00523x520S22f00517x504"", ""source"": ""Adam Frost"", ""fps"": 30.0, ""duration"": 1.967, ""width"": 1280, ""height"": 720, ""codec"": ""h264""}"
videos/breakfast_B_name_sign_on_chin.mp4,f6e2eb6e5f48b685ad4d2679224282c4,0,0,en,ase,whatsthatsign,"breakfast, B name sign on chin","{""signpuddle_id"": ""1517"", ""sign_fsw"": ""AS14710S30004S10006S20600M533x532S2ff00482x483S14710493x510S20600511x516"", ""source"": ""Adam Frost"", ""fps"": 30.0, ""duration"": 1.933, ""width"": 1280, ""height"": 720, ""codec"": ""h264""}"
videos/breakup.mp4,c80209cfd3ddacbc50d186890dbf3949,0,0,en,ase,whatsthatsign,breakup,"{""signpuddle_id"": ""2301"", ""sign_fsw"": ""AS20320S2fe00S20328S2fe00S21406S20500S22a07S22a11S10e20S10e28M545x529S20320501x514S20328484x514S22a07516x502S22a11471x502S10e20530x471S10e28455x471"", ""source"": ""Adam Frost"", ""fps"": 30.0, ""duration"": 1.933, ""width"": 1280, ""height"": 720, ""codec"": ""h264""}"
videos/bring_deliver_carry.mp4,03d9128d042276a2969ed93836df80f3,0,0,en,ase,whatsthatsign,"bring, deliver, carry, carry over","{""signpuddle_id"": ""463"", ""sign_fsw"": ""AS15a30S2fe00S15a38S2fe00S38006S2880aS2881aM536x519S15a30503x492S15a38464x492S2880a514x481S2881a475x481"", ""source"": ""Adam Frost"", ""fps"": 30.0, ""duration"": 2.167, ""width"": 1280, ""height"": 720, ""codec"": ""h264""}"
videos/broke_pennyless_bankrupt.mp4,7b3447e1e27eff8ed9b31d14b39ae0df,0,0,en,ase,whatsthatsign,"broke, pennyless, bankrupt, bankruptcy","{""signpuddle_id"": ""769"", ""sign_fsw"": ""AS18201S38453S10006S26502S20500M546x523S36a00482x477S18201503x506S26502531x509"", ""source"": ""Adam Frost"", ""fps"": 30.0, ""duration"": 1.733, ""width"": 1280, ""height"": 720, ""codec"": ""h264""}"
videos/broom_sweep.mp4,9b8aadc5da3cd8b6e2aa37f191629dbf,0,0,en,ase,whatsthatsign,"broom, sweep","{""signpuddle_id"": ""1524"", ""sign_fsw"": ""AS15a41S2fe00S15a36S2fe00S21400S20e00S2880eS2880eM522x530S15a41499x502S15a36483x518S20e00484x501S2880e479x486S2880e479x471"", ""source"": ""Adam Frost"", ""fps"": 29.97, ""duration"": 2.169, ""width"": 1280, ""height"": 720, ""codec"": ""h264""}"
videos/brother.mp4,e6490643f4756c181e66137dc4b65da3,0,0,en,ase,whatsthatsign,brother,"{""signpuddle_id"": ""476"", ""sign_fsw"": ""AS1dc20S30007S1dc0aS2fe00S20500S22a03S1dc41S21400S20500M535x560S2ff00482x483S1dc20511x471S22a03513x513S1dc0a505x536S1dc41488x521"", ""source"": ""Adam Frost"", ""fps"": 29.97, ""duration"": 1.935, ""width"": 1280, ""height"": 720, ""codec"": ""h264""}"
videos/brother_in_law_brother-in-law.mp4,06506664425307bca0cc432ccfdcfba8,0,0,en,ase,whatsthatsign,"brother in law, brother-in-law","{""signpuddle_id"": ""1343"", ""sign_fsw"": ""AS1dc20S30007S1dc0aS2fe00S20500S22a03S1dc41S21400S1dc40S2fe00S15a18S2fe00S21406S20500S22a04S20500M535x613S2ff00482x483S1dc20511x471S22a03513x513S1dc0a505x536S1dc41488x521S15a18488x584S1dc40501x568S22a04517x595S20500503x602"", ""source"": ""Adam Frost"", ""fps"": 30.0, ""duration"": 2.6, ""width"": 1280, ""height"": 720, ""codec"": ""h264""}"
videos/brown.mp4,b55e82a1f5817881d6d4191b34f725f9,0,0,en,ase,whatsthatsign,brown,"{""signpuddle_id"": ""73"", ""sign_fsw"": ""AS14720S30005S10006S20e00S22f04M527x555S2ff00482x483S14720507x503S20e00508x527S22f04502x541"", ""source"": ""Adam Frost"", ""fps"": 29.97, ""duration"": 2.803, ""width"": 1280, ""height"": 720, ""codec"": ""h264""}"
videos/brush_comb.mp4,ca5b59020b590d438343fcab8f5ca300,0,0,en,ase,whatsthatsign,"brush, comb","{""signpuddle_id"": ""1918"", ""sign_fsw"": ""AS1f710S30007S10006S26a04M546x518S2ff00482x483S1f710521x482S26a04519x500"", ""source"": ""Adam Frost"", ""fps"": 29.97, ""duration"": 2.002, ""width"": 1280, ""height"": 720, ""codec"": ""h264""}"
videos/brush_teeth_toothbrush.mp4,1d94ea23bf9a9c8b04feeee0fe20483d,0,0,en,ase,whatsthatsign,"brush teeth, toothbrush","{""signpuddle_id"": ""1988"", ""sign_fsw"": ""AS10012S36110S10006S27102M529x554S36100482x483S10012499x520S27102479x514"", ""source"": ""Adam Frost"", ""fps"": 29.97, ""duration"": 1.935, ""width"": 1280, ""height"": 720, ""codec"": ""h264""}"
videos/build_building.mp4,fddfd45f3725f6f4da56dc5ddaacffd3,0,0,en,ase,whatsthatsign,"build, building","{""signpuddle_id"": ""1228"", ""sign_fsw"": ""AS11512S2fe00S1151aS2fe00S21400S20e00S23604S23610M548x522S11512494x478S1151a477x487S20e00494x507S23604509x505S23610452x505"", ""source"": ""Adam Frost"", ""fps"": 29.97, ""duration"": 1.968, ""width"": 1280, ""height"": 720, ""codec"": ""h264""}"
videos/bull_bulls.mp4,db5cc749b63e525136198acd5611e126,0,0,en,ase,whatsthatsign,"bull, bulls","{""signpuddle_id"": ""1457"", ""sign_fsw"": ""AS19a20S30000S10006S20600M535x518S2ff00482x483S19a20486x470S20600513x477"", ""source"": ""Adam Frost"", ""fps"": 30.0, ""duration"": 2.067, ""width"": 1280, ""height"": 720, ""codec"": ""h264""}"
videos/burger_hamburger.mp4,c331eb2cfd45dcf4865ee4a20d856845,0,0,en,ase,whatsthatsign,"burger, hamburger","{""signpuddle_id"": ""831"", ""sign_fsw"": ""AS17151S2fe00S17137S2fe00S21400S20800S1713fS17159S21404S20800M515x529S17137494x472S17151490x481S20800485x473S1713f490x504S17159490x513S20800505x505"", ""source"": ""Adam Frost"", ""fps"": 29.97, ""duration"": 2.436, ""width"": 1280, ""height"": 720, ""codec"": ""h264""}"
videos/burrito.mp4,feabbb1dee3f75def588dceae0d37952,0,0,en,ase,whatsthatsign,burrito,"{""signpuddle_id"": ""2341"", ""sign_fsw"": ""AS14720S2fe00S10006S11520S11a20S11a20S19220S1fb20S17620M511x595S14720491x405S11520490x431S11a20490x465S11a20490x499S19220490x533S1fb20490x556S17620490x579"", ""source"": ""Adam Frost"", ""fps"": 30.0, ""duration"": 2.467, ""width"": 1280, ""height"": 720, ""codec"": ""h264""}"
videos/bus.mp4,96cb484dfa058be2b4dea5ab21f11e99,0,0,en,ase,whatsthatsign,bus,"{""signpuddle_id"": ""447"", ""sign_fsw"": ""AS14720S2fe00S10006S11520S20320M508x538S14720494x463S11520493x489S20320493x523"", ""source"": ""Adam Frost"", ""fps"": 29.97, ""duration"": 2.603, ""width"": 1280, ""height"": 720, ""codec"": ""h264""}"
videos/butter.mp4,0fa3a89cc07b4a0c767233bcf6a0296e,0,0,en,ase,whatsthatsign,butter,"{""signpuddle_id"": ""1000"", ""sign_fsw"": ""AS11551S2fe00S15a39S2fe00S21400S20e00S26a05M523x524S15a39487x476S11551496x485S20e00477x497S26a05483x503"", ""source"": ""Adam Frost"", ""fps"": 29.97, ""duration"": 2.336, ""width"": 1280, ""height"": 720, ""codec"": ""h264""}"
videos/butterfly_butterflies.mp4,96970fc15d05d85354cc241fe05d3936,0,0,en,ase,whatsthatsign,"butterfly, butterflies","{""signpuddle_id"": ""1453"", ""sign_fsw"": ""AS15a01S2fe00S15a09S2fe00S21414S20800S22115S22113M533x518S15a09497x495S15a01481x495S20800496x491S22115468x482S22113514x482"", ""source"": ""Adam Frost"", ""fps"": 29.97, ""duration"": 1.969, ""width"": 1280, ""height"": 720, ""codec"": ""h264""}"
videos/buy_purchase.mp4,cf4167a8118b9526eb769aa099a98027,0,0,en,ase,whatsthatsign,"buy, purchase","{""signpuddle_id"": ""2006"", ""sign_fsw"": ""AS1851cS2fe00S15a39S2fe00S21400S20e00S26507M531x526S15a39469x503S1851c481x499S20e00506x487S26507518x474"", ""source"": ""Adam Frost"", ""fps"": 29.97, ""duration"": 1.935, ""width"": 1280, ""height"": 720, ""codec"": ""h264""}"
videos/cabin.mp4,9bfd4d119bed34ea1c516607dc3b94a8,0,0,en,ase,whatsthatsign,cabin,"{""signpuddle_id"": ""2280"", ""sign_fsw"": ""AS16d20S2fe00S10006S1f720S14720S19220S11920M514x559S16d20492x441S1f720488x465S14720494x484S19220493x510S11920487x533"", ""source"": ""Adam Frost"", ""fps"": 30.0, ""duration"": 2.166, ""width"": 1280, ""height"": 720, ""codec"": ""h264""}"
videos/cabinet_cupboard.mp4,6254f6c0d9dc46d00de4763fd50eac88,0,0,en,ase,whatsthatsign,"cabinet, cupboard","{""signpuddle_id"": ""689"", ""sign_fsw"": ""AS20340S2fe00S20348S2fe00S38006S2d503S2d51bM536x518S20340517x482S20348469x482S2d503517x503S2d51b465x503"", ""source"": ""Adam Frost"", ""fps"": 29.97, ""duration"": 2.202, ""width"": 1280, ""height"": 720, ""codec"": ""h264""}"
videos/cafeteria.mp4,48630d61ff0125f7f357185b5e34169e,0,0,en,ase,whatsthatsign,cafeteria,"{""signpuddle_id"": ""1223"", ""sign_fsw"": ""AS16d10S30005S10006S20e00S22a04S26502S30003S20e00S22a04M520x565S2ff00482x483S16d10503x507S20e00484x531S22a04483x550S26502493x540S20e00506x531S22a04506x550"", ""source"": ""Adam Frost"", ""fps"": 29.97, ""duration"": 1.869, ""width"": 1280, ""height"": 720, ""codec"": ""h264""}"
videos/cake.mp4,d33eb0f9be97556fc674a54d333e189e,0,0,en,ase,whatsthatsign,cake,"{""signpuddle_id"": ""2069"", ""sign_fsw"": ""AS15451S2fe00S15a39S2fe00S21400S20500S22a00M516x526S15a39493x503S15451485x493S22a00489x475"", ""source"": ""Adam Frost"", ""fps"": 29.97, ""duration"": 1.869, ""width"": 1280, ""height"": 720, ""codec"": ""h264""}"
videos/call_phone_call.mp4,02f8419a9c4287c0057012d51409f249,0,0,en,ase,whatsthatsign,"call, phone call","{""signpuddle_id"": ""1041"", ""sign_fsw"": ""AS19a02S30006S10006S20500S26500M533x518S2ff00482x483S19a02513x490S26500517x473"", ""source"": ""Adam Frost"", ""fps"": 30.0, ""duration"": 2.333, ""width"": 1280, ""height"": 720, ""codec"": ""h264""}"
videos/calm_calm_down_soothe.mp4,55dde8512ce4157cb8163b93503ddc7f,0,0,en,ase,whatsthatsign,"calm, calm down, soothe, settle, settle down, drain","{""signpuddle_id"": ""770"", ""sign_fsw"": ""AS14c50S2fe00S14c58S2fe00S38006S22a04S22a14M532x525S14c50508x476S14c58469x476S22a04514x510S22a14474x510"", ""source"": ""Adam Frost"", ""fps"": 30.0, ""duration"": 2.6, ""width"": 1280, ""height"": 720, ""codec"": ""h264""}"
videos/camera_take_pictures_taking_pictures.mp4,fc34e6e4516dabdeb0c195cdcd677ac9,0,0,en,ase,whatsthatsign,"camera, take pictures, taking pictures","{""signpuddle_id"": ""229"", ""sign_fsw"": ""AS1ed10S30007S1ed18S30001S21800M546x518S2ff00482x483S1ed10520x486S1ed18454x486S21800517x476"", ""source"": ""Adam Frost"", ""fps"": 30.0, ""duration"": 2.933, ""width"": 1280, ""height"": 720, ""codec"": ""h264""}"
videos/camp_camping_tent.mp4,b6c9937d97b8a2534a7f7da491b3975d,0,0,en,ase,whatsthatsign,"camp, camping, tent","{""signpuddle_id"": ""186"", ""sign_fsw"": ""AS1a011S2fe00S1a019S2fe00S21406S20500S22f05S22f13M542x528S1a019471x485S1a011501x485S20500495x472S22f05521x507S22f13459x507"", ""source"": ""Adam Frost"", ""fps"": 30.0, ""duration"": 2.833, ""width"": 1280, ""height"": 720, ""codec"": ""h264""}"
videos/can_may.mp4,67cc660268e7ebc343b9b8f1b6f47b52,0,0,en,ase,whatsthatsign,"can, may","{""signpuddle_id"": ""1705"", ""sign_fsw"": ""AS20350S2fe00S20358S2fe00S38006S22a04S22a14M524x517S20350509x484S20358476x484S22a04510x502S22a14477x502"", ""source"": ""Adam Frost"", ""fps"": 29.97, ""duration"": 1.602, ""width"": 1280, ""height"": 720, ""codec"": ""h264""}"
videos/can_t_cannot_can_not.mp4,bbd7e57b19bec08e7b8f06d955acc754,0,0,en,ase,whatsthatsign,"can't, cannot, can not","{""signpuddle_id"": ""724"", ""sign_fsw"": ""AS10051S2fe00S10059S2fe00S21400S20e00S22a04M527x521S10059473x479S10051497x479S20e00494x491S22a04493x506"", ""source"": ""Adam Frost"", ""fps"": 30.0, ""duration"": 2.467, ""width"": 1280, ""height"": 720, ""codec"": ""h264""}"
videos/cancel_critique_correct.mp4,73093da2875c09b36a48952601992ddf,0,0,en,ase,whatsthatsign,"cancel, critique, correct, discriminate, discrimination","{""signpuddle_id"": ""1903"", ""sign_fsw"": ""AS10050S2fe00S15a0aS2fe00S21414S20e00S2330bM514x537S15a0a487x464S10050493x469S20e00494x501S2330b488x515"", ""source"": ""Adam Frost"", ""fps"": 29.97, ""duration"": 1.969, ""width"": 1280, ""height"": 720, ""codec"": ""h264""}"
videos/candle_candle_flame_flame.mp4,d2bf3cb45ad2e12bef4e149ce0231434,0,0,en,ase,whatsthatsign,"candle, candle flame, flame","{""signpuddle_id"": ""2076"", ""sign_fsw"": ""AS14c10S2fe00S10018S2fe00S21400S20500S22510M513x538S10018498x508S14c10487x478S22510488x462"", ""source"": ""Adam Frost"", ""fps"": 29.97, ""duration"": 1.935, ""width"": 1280, ""height"": 720, ""codec"": ""h264""}"
videos/candy.mp4,3ef7717cfe8b0759005e381e91306610,0,0,en,ase,whatsthatsign,candy,"{""signpuddle_id"": ""9"", ""sign_fsw"": ""AS10011S30005S10006S21100S2c400M561x538S2ff00482x483S10011516x508S2c400521x490"", ""source"": ""Adam Frost"", ""fps"": 30.0, ""duration"": 2.233, ""width"": 1280, ""height"": 720, ""codec"": ""h264""}"
videos/car_driving_drive.mp4,274b67ab0e77eb0515c1b9d6f4c99654,0,0,en,ase,whatsthatsign,"car, driving, drive, drives, drove","{""signpuddle_id"": ""444"", ""sign_fsw"": ""AS20301S2fe00S20309S2fe00S38006S23603S23611M542x519S20301521x481S20309458x481S23603503x489S23611466x489"", ""source"": ""Adam Frost"", ""fps"": 30.0, ""duration"": 2.3, ""width"": 1280, ""height"": 720, ""codec"": ""h264""}"
videos/cards_playing_cards_play_cards.mp4,52f5020e80a917696a9a62917df2a3b5,0,0,en,ase,whatsthatsign,"cards, playing cards, play cards, deal cards, deal","{""signpuddle_id"": ""2216"", ""sign_fsw"": ""AS1ea42S2fe00S1ea48S2fe00S21400S20e00S26a00M519x533S1ea42492x486S1ea48481x512S26a00492x467"", ""source"": ""Adam Frost"", ""fps"": 30.0, ""duration"": 1.9, ""width"": 1280, ""height"": 720, ""codec"": ""h264""}"
videos/carrot.mp4,a8612b6e65f466dd43f549ad45b7aa48,0,0,en,ase,whatsthatsign,carrot,"{""signpuddle_id"": ""1020"", ""sign_fsw"": ""AS20320S30005S10006S26502S20500S36200M540x524S36200482x483S20320506x509S26502525x509"", ""source"": ""Adam Frost"", ""fps"": 29.97, ""duration"": 2.202, ""width"": 1280, ""height"": 720, ""codec"": ""h264""}"
videos/cat.mp4,d849a295b231545d94caa6d2129e487b,0,0,en,ase,whatsthatsign,cat,"{""signpuddle_id"": ""363"", ""sign_fsw"": ""AS1ce10S30005S10006S20e00S26a06M563x521S2ff00482x483S1ce10513x484S26a06549x494S20e00534x501"", ""source"": ""Adam Frost"", ""fps"": 29.97, ""duration"": 2.236, ""width"": 1280, ""height"": 720, ""codec"": ""h264""}"
videos/catch_up.mp4,fd63f9d3b82b991dec4e7a2f5c66c7e5,0,0,en,ase,whatsthatsign,catch up,"{""signpuddle_id"": ""2158"", ""sign_fsw"": ""AS14c40S2fe00S14c48S2fe00S21414S26500S21600S20340S20500M516x555S14c40492x524S14c48484x456S26500497x506S21600492x446S20340497x488"", ""source"": ""Adam Frost"", ""fps"": 29.97, ""duration"": 2.002, ""width"": 1280, ""height"": 720, ""codec"": ""h264""}"
videos/ceiling_fan.mp4,16ebbf9061acc699e3bb889665728b4e,0,0,en,ase,whatsthatsign,ceiling fan,"{""signpuddle_id"": ""686"", ""sign_fsw"": ""AS10000S30006S10006S2ea06M550x518S10000528x488S2ea06525x470S2ff00482x483"", ""source"": ""Adam Frost"", ""fps"": 29.97, ""duration"": 2.002, ""width"": 1280, ""height"": 720, ""codec"": ""h264""}"
videos/celebrate_celebration_anniversary.mp4,52ac0e2ed915706b0b1f0030c970c5fd,0,0,en,ase,whatsthatsign,"celebrate, celebration, anniversary, festival, ceremony, carnival, jamboree","{""signpuddle_id"": ""1588"", ""sign_fsw"": ""AS1ea07S2fe00S1ea0fS2fe00S38006S2ea06S2ea12M536x524S1ea07515x496S1ea0f464x496S2ea06510x477S2ea12464x477"", ""source"": ""Adam Frost"", ""fps"": 29.97, ""duration"": 2.169, ""width"": 1280, ""height"": 720, ""codec"": ""h264""}"
videos/cemetry_graveyard.mp4,f9a1a1443a604fc971abe8a856555ab3,0,0,en,ase,whatsthatsign,"cemetry, graveyard","{""signpuddle_id"": ""1949"", ""sign_fsw"": ""AS17150S2fe00S17158S2fe00S38006S2b704S2b715S14c50S2fe00S10006S2e732M521x552S17150503x448S17158479x448S2b704505x471S2b715481x471S14c50489x501S2e732488x536"", ""source"": ""Adam Frost"", ""fps"": 29.97, ""duration"": 2.402, ""width"": 1280, ""height"": 720, ""codec"": ""h264""}"
videos/cent_cents_penny.mp4,f523f6db141a82bc82a5dc777c1e183f,0,0,en,ase,whatsthatsign,"cent, cents, penny, one cent, a cent, 1¢","{""signpuddle_id"": ""1811"", ""sign_fsw"": ""AS10001S30007S10006S20500S26500M528x520S2ff00482x483S10001507x490S26500513x479"", ""source"": ""Adam Frost"", ""fps"": 29.97, ""duration"": 1.702, ""width"": 1280, ""height"": 720, ""codec"": ""h264""}"
videos/center_central_middle.mp4,5e53f6581df286269567504432cc5137,0,0,en,ase,whatsthatsign,"center, central, middle","{""signpuddle_id"": ""1921"", ""sign_fsw"": ""AS18250S2fe00S15a39S2fe00S21400S2e736S20500M525x517S15a39475x489S18250483x502S2e736500x483"", ""source"": ""Adam Frost"", ""fps"": 29.97, ""duration"": 2.069, ""width"": 1280, ""height"": 720, ""codec"": ""h264""}"
videos/ceramic.mp4,6dda53c1b92bdbee14334c0e77ded2a0,0,0,en,ase,whatsthatsign,ceramic,"{""signpuddle_id"": ""1895"", ""sign_fsw"": ""AS16d20S2fe00S10006S14a20S11a20S1f720S18d20S19220S16d20M513x584S16d20491x416S14a20492x440S11a20492x459S1f720487x493S18d20487x512S19220492x541S16d20491x564"", ""source"": ""Adam Frost"", ""fps"": 29.97, ""duration"": 2.436, ""width"": 1280, ""height"": 720, ""codec"": ""h264""}"
videos/cereal.mp4,2291ebf0ab16b870bbce5569e2b1b1a2,0,0,en,ase,whatsthatsign,cereal,"{""signpuddle_id"": ""997"", ""sign_fsw"": ""AS10612S30004S10006S21800S21100S26502M531x537S2ff00482x483S10612505x512S21800506x529S21100490x519S26502472x519"", ""source"": ""Adam Frost"", ""fps"": 29.97, ""duration"": 2.436, ""width"": 1280, ""height"": 720, ""codec"": ""h264""}"
videos/chair_seat.mp4,f1f42360cd3ff537c926d467ed050948,0,0,en,ase,whatsthatsign,"chair, seat","{""signpuddle_id"": ""53"", ""sign_fsw"": ""AS11551S2fe00S11559S2fe00S21400S20900M524x519S11559477x494S11551497x494S20900489x481"", ""source"": ""Adam Frost"", ""fps"": 30.0, ""duration"": 2.333, ""width"": 1280, ""height"": 720, ""codec"": ""h264""}"
videos/change_modify_transform.mp4,18d0759b3ca079f50f5976e28da1720e,0,0,en,ase,whatsthatsign,"change, modify, transform, adjust, adapt, alter, amend","{""signpuddle_id"": ""2052"", ""sign_fsw"": ""AS10651S2fe00S10639S2fe00S21400S21100S2a228M522x535S10639499x507S10651479x515S21100496x497S2a228492x465"", ""source"": ""Adam Frost"", ""fps"": 30.0, ""duration"": 1.7, ""width"": 1280, ""height"": 720, ""codec"": ""h264""}"
videos/chapter_chapters.mp4,7ae2ef3c588e15845cc08bd7f48f9f64,0,0,en,ase,whatsthatsign,"chapter, chapters","{""signpuddle_id"": ""555"", ""sign_fsw"": ""AS16d40S2fe00S15a48S2fe00S21406S20e00S22a04M516x521S15a48485x479S16d40498x483S22a04501x506"", ""source"": ""Adam Frost"", ""fps"": 30.0, ""duration"": 2.467, ""width"": 1280, ""height"": 720, ""codec"": ""h264""}"
videos/character_characters_characteristic.mp4,e00ca1d4f7df344afef17efdb4afac47,0,0,en,ase,whatsthatsign,"character, characters, characteristic, characteristics","{""signpuddle_id"": ""1812"", ""sign_fsw"": ""AS16d10S38511S10006S2ef00S20500M521x515S36d00479x486S16d10474x495S2ef00493x495"", ""source"": ""Adam Frost"", ""fps"": 30.0, ""duration"": 1.8, ""width"": 1280, ""height"": 720, ""codec"": ""h264""}"
videos/charge_charged_charging.mp4,f990d0df60a083d18fe4fd0b155eaad9,0,0,en,ase,whatsthatsign,"charge, charged, charging, charge a battery, charged a battery, charging a battery","{""signpuddle_id"": ""1746"", ""sign_fsw"": ""AS10602S2fe00S1060aS2fe00S21406S20500M527x508S10602501x493S1060a474x493"", ""source"": ""Adam Frost"", ""fps"": 29.97, ""duration"": 2.002, ""width"": 1280, ""height"": 720, ""codec"": ""h264""}"
videos/chase_pursue_run_after.mp4,0b136d6147475678e36485eb2daafdc1,0,0,en,ase,whatsthatsign,"chase, pursue, run after","{""signpuddle_id"": ""2081"", ""sign_fsw"": ""AS1f540S2fe00S1f548S2fe00S38005S2e508S26520M516x545S1f548485x470S1f540497x491S2e508493x518S26520493x455"", ""source"": ""Adam Frost"", ""fps"": 29.97, ""duration"": 2.069, ""width"": 1280, ""height"": 720, ""codec"": ""h264""}"
videos/chat_chatting_talk.mp4,3ffdf22158c5c91c1fe5e3b5a406f99b,0,0,en,ase,whatsthatsign,"chat, chatting, talk, talking","{""signpuddle_id"": ""96"", ""sign_fsw"": ""AS14c47S2fe00S14c4fS2fe00S38006S23004S23014M534x525S14c47507x476S14c4f467x476S23004505x507S23014472x507"", ""source"": ""Adam Frost"", ""fps"": 30.0, ""duration"": 2.5, ""width"": 1280, ""height"": 720, ""codec"": ""h264""}"
videos/cheap.mp4,76fb7a12b624622a04267855bc56eefe,0,0,en,ase,whatsthatsign,cheap,"{""signpuddle_id"": ""1902"", ""sign_fsw"": ""AS15a50S2fe00S15a48S2fe00S21406S20e00S28804M520x528S15a48481x473S15a50494x481S20e00494x510S28804508x506"", ""source"": ""Adam Frost"", ""fps"": 29.97, ""duration"": 1.969, ""width"": 1280, ""height"": 720, ""codec"": ""h264""}"
videos/check_check_out_inspect.mp4,d045b93ca1089f030bf5e4f6d83daeb5,0,0,en,ase,whatsthatsign,"check, check out, inspect","{""signpuddle_id"": ""1539"", ""sign_fsw"": ""AS10050S2fe00S15a0aS2fe00S21414S20e00S23f09M527x519S15a0a473x481S10050481x486S20e00504x481S23f09506x496"", ""source"": ""Adam Frost"", ""fps"": 29.97, ""duration"": 1.735, ""width"": 1280, ""height"": 720, ""codec"": ""h264""}"
videos/cheerleader_cheerleading_cheerlead.mp4,727f91155300f8a0b61a560e3ae98397,0,0,en,ase,whatsthatsign,"cheerleader, cheerleading, cheerlead, cheerled, blanket, satisfaction, satisfying","{""signpuddle_id"": ""1814"", ""sign_fsw"": ""AS15a12S38510S15a1aS38530S20600S20600M515x526S15a12486x487S15a1a488x514S20600491x474S20600488x501"", ""source"": ""Adam Frost"", ""fps"": 30.0, ""duration"": 1.967, ""width"": 1280, ""height"": 720, ""codec"": ""h264""}"
videos/cheese.mp4,9364cfa365908c87641141e42fd3cddd,0,0,en,ase,whatsthatsign,cheese,"{""signpuddle_id"": ""1019"", ""sign_fsw"": ""AS14c51S2fe00S15a39S2fe00S21400S21100S2e108M521x530S15a39498x507S14c51480x502S2e108493x470"", ""source"": ""Adam Frost"", ""fps"": 29.97, ""duration"": 2.402, ""width"": 1280, ""height"": 720, ""codec"": ""h264""}"
videos/chemisty_chemical.mp4,29a808b3bfc562f0bf62af8f00097484,0,0,en,ase,whatsthatsign,"chemisty, chemical","{""signpuddle_id"": ""1815"", ""sign_fsw"": ""AS16d21S2fe00S16d29S2fe00S38006S2ea04S2ea48M524x525S16d21503x476S16d29476x476S2ea04509x500S2ea48479x500"", ""source"": ""Adam Frost"", ""fps"": 29.97, ""duration"": 1.935, ""width"": 1280, ""height"": 720, ""codec"": ""h264""}"
videos/cherry_berry.mp4,b0033791b9e8ebd2e9a337b326a9f818,0,0,en,ase,whatsthatsign,"cherry, berry","{""signpuddle_id"": ""998"", ""sign_fsw"": ""AS17610S2fe00S19209S2fe00S21406S20a00S2c400M541x512S17610482x494S19209460x492S2c400501x489"", ""source"": ""Adam Frost"", ""fps"": 29.97, ""duration"": 2.603, ""width"": 1280, ""height"": 720, ""codec"": ""h264""}"
videos/child.mp4,a90aee374274fb6123ec1199c3588d30,0,0,en,ase,whatsthatsign,child,"{""signpuddle_id"": ""1318"", ""sign_fsw"": ""AS18220S2fe00S10006S22f04M513x517S18220488x484S22f04488x503"", ""source"": ""Adam Frost"", ""fps"": 29.97, ""duration"": 2.135, ""width"": 1280, ""height"": 720, ""codec"": ""h264""}"
videos/children.mp4,3c861dba84477f9eb0450bbc668305d8,0,0,en,ase,whatsthatsign,children,"{""signpuddle_id"": ""361"", ""sign_fsw"": ""AS15a50S2fe00S15a58S2fe00S38006S2920aS29212M552x514S15a50505x487S15a58484x487S2920a521x498S29212449x498"", ""source"": ""Adam Frost"", ""fps"": 30.0, ""duration"": 2.467, ""width"": 1280, ""height"": 720, ""codec"": ""h264""}"
videos/chocolate.mp4,b339574d5d0b023dd16f04fd3e21f780,0,0,en,ase,whatsthatsign,chocolate,"{""signpuddle_id"": ""110"", ""sign_fsw"": ""AS16d20S2fe00S2031aS2fe00S21400S21100S2ea32M516x519S2031a485x504S16d20484x482S21100503x488"", ""source"": ""Adam Frost"", ""fps"": 29.97, ""duration"": 2.769, ""width"": 1280, ""height"": 720, ""codec"": ""h264""}"
videos/cholesterol_Clairemont.mp4,b9e91644e150058ba50810f80e1e14de,0,0,en,ase,whatsthatsign,"cholesterol, Clairemont","{""signpuddle_id"": ""111"", ""sign_fsw"": ""AS16d20S2fe00S10006S27106M518x520S16d20483x489S27106503x480"", ""source"": ""Adam Frost"", ""fps"": 29.97, ""duration"": 1.935, ""width"": 1280, ""height"": 720, ""codec"": ""h264""}"
videos/chop_chop_up_cut_up.mp4,86b2ee373d95f1a9e867a9a6fce4bb67,0,0,en,ase,whatsthatsign,"chop, chop up, cut up","{""signpuddle_id"": ""820"", ""sign_fsw"": ""AS15a40S2fe00S16d58S2fe00S38006S22f04S26606M536x514S16d58464x492S15a40488x487S26606506x489S22f04503x500"", ""source"": ""Adam Frost"", ""fps"": 30.0, ""duration"": 3.433, ""width"": 1280, ""height"": 720, ""codec"": ""h264""}"
videos/choreograph_choreography.mp4,f242c77ba9df1d7a532bcfa870006bef,0,0,en,ase,whatsthatsign,"choreograph, choreography","{""signpuddle_id"": ""1816"", ""sign_fsw"": ""AS16d20S2fe00S15a3aS2fe00S37f00S28806S2880eS28806M529x523S15a3a471x511S16d20485x487S28806506x507S2880e506x492S28806507x477"", ""source"": ""Adam Frost"", ""fps"": 29.97, ""duration"": 2.002, ""width"": 1280, ""height"": 720, ""codec"": ""h264""}"
videos/church.mp4,b6db081299407f89aaed3ec25a207a08,0,0,en,ase,whatsthatsign,church,"{""signpuddle_id"": ""1221"", ""sign_fsw"": ""AS16d20S2fe00S2031aS2fe00S21400S20600M520x519S16d20480x482S2031a481x504S20600498x497"", ""source"": ""Adam Frost"", ""fps"": 29.97, ""duration"": 1.869, ""width"": 1280, ""height"": 720, ""codec"": ""h264""}"
videos/circle.mp4,1dfc6bb2201d344c8662110d6488a535,0,0,en,ase,whatsthatsign,circle,"{""signpuddle_id"": ""975"", ""sign_fsw"": ""AS10051S2fe00S10058S2fe00S21406S20500S2e30eS20500M523x527S10051493x497S10058477x497S2e30e489x473"", ""source"": ""Adam Frost"", ""fps"": 29.97, ""duration"": 2.936, ""width"": 1280, ""height"": 720, ""codec"": ""h264""}"
videos/city_town.mp4,48aae9d07bbf7fe5102be6a76db172f8,0,0,en,ase,whatsthatsign,"city, town","{""signpuddle_id"": ""1225"", ""sign_fsw"": ""AS15a11S2fe00S15a19S2fe00S21406S20e00S27100S27114M549x520S15a11502x497S15a19477x497S20e00495x483S27100509x480S27114452x480"", ""source"": ""Adam Frost"", ""fps"": 30.0, ""duration"": 2.067, ""width"": 1280, ""height"": 720, ""codec"": ""h264""}"
videos/city_town_downtown.mp4,f843fdededac49b14b2a8062d7c156e4,0,0,en,ase,whatsthatsign,"city, town, downtown","{""signpuddle_id"": ""125"", ""sign_fsw"": ""AS15a11S2fe00S15a19S2fe00S21406S20600M524x518S15a11501x495S15a19476x495S20600489x482"", ""source"": ""Adam Frost"", ""fps"": 29.97, ""duration"": 2.402, ""width"": 1280, ""height"": 720, ""codec"": ""h264""}"
videos/clap_clapping_complement.mp4,3570982778e2444365b43762a2ab2734,0,0,en,ase,whatsthatsign,"clap, clapping, complement, complements, beat, rhythm","{""signpuddle_id"": ""1817"", ""sign_fsw"": ""AS15a51S2fe00S15a39S2fe00S21400S20c00M527x518S15a39474x482S15a51482x495S20c00499x489"", ""source"": ""Adam Frost"", ""fps"": 30.0, ""duration"": 2.033, ""width"": 1280, ""height"": 720, ""codec"": ""h264""}"
videos/clash_fight_argue.mp4,55885061dcfcb4593f01939ff601160c,0,0,en,ase,whatsthatsign,"clash, fight, argue, quarrel, brawl, feud","{""signpuddle_id"": ""2050"", ""sign_fsw"": ""AS18510S2fe00S18518S2fe00S21406S26502S26516S14c10S14c18S20500M565x516S18510540x496S18518435x496S26502524x497S26516461x497S14c10497x485S14c18480x485"", ""source"": ""Adam Frost"", ""fps"": 30.0, ""duration"": 2.0, ""width"": 1280, ""height"": 720, ""codec"": ""h264""}"
videos/clashing_crossing_conflicting.mp4,bf9e4b77b70a3163a7df3d7506f71209,0,0,en,ase,whatsthatsign,"clashing, crossing, conflicting, mixed, mixed breed, cross","{""signpuddle_id"": ""1357"", ""sign_fsw"": ""AS10041S2fe00S10049S2fe00S21407S26a02S26a16S20600M532x517S10049484x483S10041495x483S26a02518x490S26a16468x490"", ""source"": ""Adam Frost"", ""fps"": 29.97, ""duration"": 1.802, ""width"": 1280, ""height"": 720, ""codec"": ""h264""}"
videos/class_category.mp4,09b44c400347a43a2aaf54883b20877e,0,0,en,ase,whatsthatsign,"class, category","{""signpuddle_id"": ""149"", ""sign_fsw"": ""AS16d10S2fe00S16d18S2fe00S38006S2df06S2df1eM522x524S16d10505x504S16d18478x504S2df06502x476S2df1e478x476"", ""source"": ""Adam Frost"", ""fps"": 29.97, ""duration"": 2.502, ""width"": 1280, ""height"": 720, ""codec"": ""h264""}"
videos/classic.mp4,3732c0e6df915dfd757dd5e1328c9a4c,0,0,en,ase,whatsthatsign,classic,"{""signpuddle_id"": ""2342"", ""sign_fsw"": ""AS16d20S2fe00S10006S1dc20S1f720S20320S20320S19220S16d20M515x579S16d20493x421S1dc20486x445S1f720489x479S20320494x498S20320494x517S19220494x536S16d20493x559"", ""source"": ""Adam Frost"", ""fps"": 30.0, ""duration"": 2.267, ""width"": 1280, ""height"": 720, ""codec"": ""h264""}"
videos/classroom.mp4,5b45ec8257c6fcbedbdcb4274541b904,0,0,en,ase,whatsthatsign,classroom,"{""signpuddle_id"": ""1224"", ""sign_fsw"": ""AS16d10S2fe00S16d18S2fe00S38006S2df06S2df1eS15a40S2fe00S15a48S2fe00S38005S26902S26916M524x553S16d10506x476S16d18479x476S2df06503x448S2df1e479x448S15a40512x526S15a48476x501S26902491x534S26916491x509"", ""source"": ""Adam Frost"", ""fps"": 29.97, ""duration"": 2.069, ""width"": 1280, ""height"": 720, ""codec"": ""h264""}"
videos/clay.mp4,da97f7d276e9db208fad7367741fcc5d,0,0,en,ase,whatsthatsign,clay,"{""signpuddle_id"": ""1894"", ""sign_fsw"": ""AS16d20S2fe00S10006S1dc20S1f720S19a20M515x549S16d20493x452S1dc20485x476S1f720489x510S19a20487x529"", ""source"": ""Adam Frost"", ""fps"": 29.97, ""duration"": 1.768, ""width"": 1280, ""height"": 720, ""codec"": ""h264""}"
videos/clean.mp4,a471ea8c788beb9c0a2b1d1efaf58188,0,0,en,ase,whatsthatsign,clean,"{""signpuddle_id"": ""429"", ""sign_fsw"": ""AS15a51S2fe00S15a39S2fe00S21400S20e00S26507M519x523S15a39496x500S15a51482x500S20e00494x491S26507506x478"", ""source"": ""Adam Frost"", ""fps"": 29.97, ""duration"": 3.67, ""width"": 1280, ""height"": 720, ""codec"": ""h264""}"
videos/cleaning_clean.mp4,c2c741a7e0a0db86ff6e2bdff9a0a19a,0,0,en,ase,whatsthatsign,"cleaning, clean","{""signpuddle_id"": ""2272"", ""sign_fsw"": ""AS15a51S2fe00S15a39S2fe00S21400S20e00S26a07M520x525S15a39495x502S15a51480x502S20e00492x492S26a07499x476"", ""source"": ""Adam Frost"", ""fps"": 30.0, ""duration"": 1.866, ""width"": 1280, ""height"": 720, ""codec"": ""h264""}"
videos/clock.mp4,31745f1f8a065037ca44cdb9cfb7155b,0,0,en,ase,whatsthatsign,clock,"{""signpuddle_id"": ""671"", ""sign_fsw"": ""AS10650S38630S2035aS2fe00S20500S1ed10S2fe00S1ed18S2fe00S38006M534x534S10650488x480S2035a500x472S20500485x467S1ed10508x515S1ed18467x515"", ""source"": ""Adam Frost"", ""fps"": 29.97, ""duration"": 3.303, ""width"": 1280, ""height"": 720, ""codec"": ""h264""}"
videos/close_closed_close_downward.mp4,b4ea1a8aef97f1bbcd0919cefbc50575,0,0,en,ase,whatsthatsign,"close, closed, close downward, closed downward, lower, lowered, close off, shut out","{""signpuddle_id"": ""107"", ""sign_fsw"": ""AS15a02S2fe00S15a0aS2fe00S21400S22a04S20500M516x522S15a02489x496S15a0a485x510S22a04498x478"", ""source"": ""Adam Frost"", ""fps"": 30.0, ""duration"": 2.6, ""width"": 1280, ""height"": 720, ""codec"": ""h264""}"
videos/close_fold_close_book.mp4,a01e4dce75412212ea05bd43157e0fd1,0,0,en,ase,whatsthatsign,"close, fold, close book","{""signpuddle_id"": ""136"", ""sign_fsw"": ""AS15a40S2fe00S15a48S2fe00S21406S2a200S2a218S20500M536x524S15a40501x497S15a48488x497S2a200513x476S2a218465x476"", ""source"": ""Adam Frost"", ""fps"": 30.0, ""duration"": 2.833, ""width"": 1280, ""height"": 720, ""codec"": ""h264""}"
videos/close_shut.mp4,327292d182d66d7180f8491882273956,0,0,en,ase,whatsthatsign,"close, shut","{""signpuddle_id"": ""500"", ""sign_fsw"": ""AS14720S2fe00S14728S2fe00S21406S2df0cS20500M528x513S14720489x487S14728473x487S2df0c507x492"", ""source"": ""Adam Frost"", ""fps"": 29.97, ""duration"": 2.669, ""width"": 1280, ""height"": 720, ""codec"": ""h264""}"
videos/closet.mp4,b26e4994d2ecc367f2e36e3b067fc8f0,0,0,en,ase,whatsthatsign,closet,"{""signpuddle_id"": ""635"", ""sign_fsw"": ""AS10620S2fe00S1001aS2fe00S21400S20900S26506M524x527S1001a477x505S10620503x501S20900489x489S26506493x474"", ""source"": ""Adam Frost"", ""fps"": 29.97, ""duration"": 1.935, ""width"": 1280, ""height"": 720, ""codec"": ""h264""}"
videos/clothes.mp4,95e3fc001f22877be22f4d2fea163319,0,0,en,ase,whatsthatsign,clothes,"{""signpuddle_id"": ""85"", ""sign_fsw"": ""AS14c03S38517S14c0bS38511S20e00S2c601S2c610S2c601S2c610M557x519S14c03505x483S14c0b468x483S20e00494x481S2c601524x493S2c601538x493S2c610457x493S2c610443x493"", ""source"": ""Adam Frost"", ""fps"": 29.97, ""duration"": 2.502, ""width"": 1280, ""height"": 720, ""codec"": ""h264""}"
videos/cloud_clouds.mp4,f02eec3fbd5e68cca863999616daa281,0,0,en,ase,whatsthatsign,"cloud, clouds","{""signpuddle_id"": ""1818"", ""sign_fsw"": ""AS15451S30006S1543fS30006S2ea06S2ea42M576x527S2ff00482x483S15451523x481S1543f519x503S2ea06551x486S2ea42547x505"", ""source"": ""Adam Frost"", ""fps"": 29.97, ""duration"": 2.269, ""width"": 1280, ""height"": 720, ""codec"": ""h264""}"
videos/clown_circus.mp4,f8ebc94dc5dcc19aeb912c21a898ba7a,0,0,en,ase,whatsthatsign,"clown, circus","{""signpuddle_id"": ""1923"", ""sign_fsw"": ""AS15400S33200S10006S2a400M547x528S33100482x483S15400503x498S2a400522x492"", ""source"": ""Adam Frost"", ""fps"": 29.97, ""duration"": 1.735, ""width"": 1280, ""height"": 720, ""codec"": ""h264""}"
videos/club.mp4,c2de14c2ec87cb58552d3a8184bd5f50,0,0,en,ase,whatsthatsign,club,"{""signpuddle_id"": ""1589"", ""sign_fsw"": ""AS16d20S2fe00S10006S1dc20S11520S14720M513x557S16d20496x443S1dc20488x467S11520497x501S14720498x535"", ""source"": ""Adam Frost"", ""fps"": 30.0, ""duration"": 1.8, ""width"": 1280, ""height"": 720, ""codec"": ""h264""}"
videos/coffee.mp4,4d2ed709656063ac72204154d8dc1b78,0,0,en,ase,whatsthatsign,coffee,"{""signpuddle_id"": ""264"", ""sign_fsw"": ""AS20340S2fe00S20348S2fe00S21400S21100S2ea32M516x516S20340501x484S20348492x501S21100484x484"", ""source"": ""Adam Frost"", ""fps"": 30.0, ""duration"": 2.233, ""width"": 1280, ""height"": 720, ""codec"": ""h264""}"
videos/coffee_table.mp4,6f0689ebdf9b2aa4b9a9983b8ad3357c,0,0,en,ase,whatsthatsign,coffee table,"{""signpuddle_id"": ""2382"", ""sign_fsw"": ""AS20340S2fe00S20348S2fe00S21400S21100S2ea3eS15a12S38620S15a1aS38626S20600M539x535S20340501x466S20348492x483S21100484x466S15a1a512x523S15a12482x509S37806487x523S20600462x518"", ""source"": ""Adam Frost"", ""fps"": 30.0, ""duration"": 2.266, ""width"": 1280, ""height"": 720, ""codec"": ""h264""}"
videos/cold_freezer_winter.mp4,ccf50d23467ce52818d06618775d93f8,0,0,en,ase,whatsthatsign,"cold, freezer, winter","{""signpuddle_id"": ""688"", ""sign_fsw"": ""AS20310S2fe00S20318S2fe00S38006S27102S27116M541x520S20310507x493S20318478x493S27102526x480S27116460x480"", ""source"": ""Adam Frost"", ""fps"": 30.0, ""duration"": 2.867, ""width"": 1280, ""height"": 720, ""codec"": ""h264""}"
videos/cold_handkerchief_tissue.mp4,c8008892b7991d8b7c298cf53e2bd659,0,0,en,ase,whatsthatsign,"cold, handkerchief, tissue, wipe","{""signpuddle_id"": ""709"", ""sign_fsw"": ""AS1e101S33200S10006S20e00S22f04M542x529S33100482x483S1e101486x500S20e00523x500S22f04517x515"", ""source"": ""Adam Frost"", ""fps"": 30.0, ""duration"": 1.767, ""width"": 1280, ""height"": 720, ""codec"": ""h264""}"
videos/collapse_breakdown_meltdown.mp4,fe9687ebf71c5c76ec2eabab5419f8e4,0,0,en,ase,whatsthatsign,"collapse, breakdown, meltdown, fall apart, break apart","{""signpuddle_id"": ""2159"", ""sign_fsw"": ""AS14e11S2fe00S14e19S2fe00S21406S20700S22e04S22e14M530x524S14e11500x476S14e19472x476S22e04513x506S22e14471x506"", ""source"": ""Adam Frost"", ""fps"": 29.97, ""duration"": 1.835, ""width"": 1280, ""height"": 720, ""codec"": ""h264""}"
videos/collect_earn.mp4,d856b519c65e633b6daf61282cac346f,0,0,en,ase,whatsthatsign,"collect, earn","{""signpuddle_id"": ""1653"", ""sign_fsw"": ""AS15441S2fe00S15a39S2fe00S21400S20e00S2d502S20341M529x527S15a39492x494S15441505x473S20e00493x482S2d502472x487S20341475x506"", ""source"": ""Adam Frost"", ""fps"": 29.97, ""duration"": 2.169, ""width"": 1280, ""height"": 720, ""codec"": ""h264""}"
videos/college.mp4,581db81a5e4298d4fe7df95d491189b0,0,0,en,ase,whatsthatsign,college,"{""signpuddle_id"": ""142"", ""sign_fsw"": ""AS15a51S2fe00S15a39S2fe00S21400S20e00S28800M519x528S15a39496x505S15a51482x504S20e00495x495S28800506x473"", ""source"": ""Adam Frost"", ""fps"": 29.97, ""duration"": 2.035, ""width"": 1280, ""height"": 720, ""codec"": ""h264""}"
videos/collision_crash_accident.mp4,d15bf80f28e07111467235ae43241976,0,0,en,ase,whatsthatsign,"collision, crash, accident, car accident, car crash","{""signpuddle_id"": ""2157"", ""sign_fsw"": ""AS14c02S2fe00S14c0aS2fe00S21406S26502S26516S20302S2030aS20500M568x512S14c02537x489S14c0a432x489S26502519x493S26516466x493S20302501x492S2030a484x492"", ""source"": ""Adam Frost"", ""fps"": 29.97, ""duration"": 1.768, ""width"": 1280, ""height"": 720, ""codec"": ""h264""}"
videos/color.mp4,6c7c103da8a0bcecd45cc54253b33dad,0,0,en,ase,whatsthatsign,color,"{""signpuddle_id"": ""79"", ""sign_fsw"": ""AS14c00S30004S10006S20500S22510M534x544S2ff00482x483S14c00488x513S22510512x513"", ""source"": ""Adam Frost"", ""fps"": 29.97, ""duration"": 2.703, ""width"": 1280, ""height"": 720, ""codec"": ""h264""}"
videos/comb_brush.mp4,c061db7ce9cfe0df5d40aa41ca491e3f,0,0,en,ase,whatsthatsign,"comb, brush","{""signpuddle_id"": ""1917"", ""sign_fsw"": ""AS14e01S30007S10006S26a04M547x522S2ff00482x483S14e01519x478S26a04520x508"", ""source"": ""Adam Frost"", ""fps"": 29.97, ""duration"": 2.035, ""width"": 1280, ""height"": 720, ""codec"": ""h264""}"
videos/come.mp4,a2c5a6492a22c711ed6ca594e210d0f5,0,0,en,ase,whatsthatsign,come,"{""signpuddle_id"": ""2143"", ""sign_fsw"": ""AS10000S2fe00S10006S2b704M509x529S10000494x472S2b704492x505"", ""source"": ""Adam Frost"", ""fps"": 30.0, ""duration"": 1.7, ""width"": 1280, ""height"": 720, ""codec"": ""h264""}"
videos/come_come_here_come_in.mp4,513a4e6005f8d0f6053868e632f7286e,0,0,en,ase,whatsthatsign,"come, come here, come in","{""signpuddle_id"": ""2358"", ""sign_fsw"": ""AS15a30S2fe00S10006S26904M508x525S15a30494x476S26904492x507"", ""source"": ""Adam Frost"", ""fps"": 30.0, ""duration"": 2.133, ""width"": 1280, ""height"": 720, ""codec"": ""h264""}"
videos/come_to_me_approach_me.mp4,dcad61c6208a79107147f14632e2aecb,0,0,en,ase,whatsthatsign,"come to me, approach me","{""signpuddle_id"": ""819"", ""sign_fsw"": ""AS10000S2fe00S10006S2f900S26504M508x528S10000493x472S2f900495x505S26504493x513"", ""source"": ""Adam Frost"", ""fps"": 30.0, ""duration"": 2.467, ""width"": 1280, ""height"": 720, ""codec"": ""h264""}"
videos/comfortable_comfort.mp4,4f02cdd5a563f74a87398fd389c3a3ce,0,0,en,ase,whatsthatsign,"comfortable, comfort","{""signpuddle_id"": ""1070"", ""sign_fsw"": ""AS17150S2fe00S15a1bS2fe00S21407S20e00S22a05S15a13S17158S20e00S22a13M533x534S15a1b487x474S17150489x466S20e00509x473S22a05520x483S15a13491x511S17158494x503S20e00480x510S22a13468x520"", ""source"": ""Adam Frost"", ""fps"": 30.0, ""duration"": 2.533, ""width"": 1280, ""height"": 720, ""codec"": ""h264""}"
videos/common.mp4,2f7fb823a6e0a00d21c767fdd8babd49,0,0,en,ase,whatsthatsign,common,"{""signpuddle_id"": ""2343"", ""sign_fsw"": ""AS16d20S2fe00S10006S17620S18d20S18d20S17620S11920M511x574S16d20494x426S17620495x450S18d20490x470S18d20490x499S17620495x528S11920489x548"", ""source"": ""Adam Frost"", ""fps"": 30.0, ""duration"": 2.133, ""width"": 1280, ""height"": 720, ""codec"": ""h264""}"
videos/communication_communicate.mp4,749bc3293de8949c55f0f93171a20b82,0,0,en,ase,whatsthatsign,"communication, communicate","{""signpuddle_id"": ""1819"", ""sign_fsw"": ""AS16d10S30005S16d18S30003S27100S27114M541x564S2ff00482x483S16d10505x519S16d18478x527S27100501x541S27114459x549"", ""source"": ""Adam Frost"", ""fps"": 29.97, ""duration"": 2.002, ""width"": 1280, ""height"": 720, ""codec"": ""h264""}"
videos/community_city_town.mp4,b5f04ac03fc9eca11f58479e5ceaf9da,0,0,en,ase,whatsthatsign,"community, city, town","{""signpuddle_id"": ""1226"", ""sign_fsw"": ""AS15a11S2fe00S15a19S2fe00S21406S20500S2e106S2e112M524x536S15a11501x465S15a19476x465S2e106502x493S2e112476x491"", ""source"": ""Adam Frost"", ""fps"": 29.97, ""duration"": 1.869, ""width"": 1280, ""height"": 720, ""codec"": ""h264""}"
videos/complain.mp4,2cd660a05a4d46eab44a1bb0e7feb591,0,0,en,ase,whatsthatsign,complain,"{""signpuddle_id"": ""789"", ""sign_fsw"": ""AS15402S38510S10006S20600M513x515S15402488x486S20600489x504"", ""source"": ""Adam Frost"", ""fps"": 30.0, ""duration"": 2.333, ""width"": 1280, ""height"": 720, ""codec"": ""h264""}"
videos/computer.mp4,e0ce83f6997e2b50bb799fd791d1f5b7,0,0,en,ase,whatsthatsign,computer,"{""signpuddle_id"": ""151"", ""sign_fsw"": ""AS16d10S30007S10006S20600M543x518S2ff00482x483S16d10512x471S20600521x493"", ""source"": ""Adam Frost"", ""fps"": 29.97, ""duration"": 2.336, ""width"": 1280, ""height"": 720, ""codec"": ""h264""}"
videos/condo.mp4,5e16c6648074d499b267e1ee2963d8a4,0,0,en,ase,whatsthatsign,condo,"{""signpuddle_id"": ""1189"", ""sign_fsw"": ""AS16d20S2fe00S10006S17620S11920S10120S17620M511x562S16d20494x438S17620495x462S11920489x482S10120495x512S17620495x546"", ""source"": ""Adam Frost"", ""fps"": 29.97, ""duration"": 1.869, ""width"": 1280, ""height"": 720, ""codec"": ""h264""}"
videos/conflict.mp4,875b3e3a1cee777162fb29c780c9ce54,0,0,en,ase,whatsthatsign,conflict,"{""signpuddle_id"": ""1356"", ""sign_fsw"": ""AS10041S2fe00S10049S2fe00S21407S26502S26516S20500M534x515S10049485x485S10041496x485S26502519x498S26516467x498"", ""source"": ""Adam Frost"", ""fps"": 30.0, ""duration"": 1.867, ""width"": 1280, ""height"": 720, ""codec"": ""h264""}"
videos/confuse_baffle_confound.mp4,db0e8beeb97824d694e02ed7577aeaa0,0,0,en,ase,whatsthatsign,"confuse, baffle, confound, discombobulate, confused, baffled, confounded, discombobulated","{""signpuddle_id"": ""1681"", ""sign_fsw"": ""AS10011S30007S10006S20500S15451S2fe00S1543fS2fe00S37f00S2ea06S2ea42M539x573S2ff00482x483S10011516x491S15451486x527S1543f482x549S2ea06514x532S2ea42510x551"", ""source"": ""Adam Frost"", ""fps"": 30.0, ""duration"": 2.067, ""width"": 1280, ""height"": 720, ""codec"": ""h264""}"
videos/control_manage_handle.mp4,fa7166feace0f68b6b33f7acbda819ad,0,0,en,ase,whatsthatsign,"control, manage, handle, rule, reign, regulate, govern","{""signpuddle_id"": ""1642"", ""sign_fsw"": ""AS10640S2fe00S10648S2fe00S38007S27100S27114M537x536S10640506x484S10648480x510S27100497x465S27114463x492"", ""source"": ""Adam Frost"", ""fps"": 30.0, ""duration"": 1.933, ""width"": 1280, ""height"": 720, ""codec"": ""h264""}"
videos/cook_cooking.mp4,ec9a76ef32cde16269d72040ae8a5a96,0,0,en,ase,whatsthatsign,"cook, cooking","{""signpuddle_id"": ""141"", ""sign_fsw"": ""AS15a51S2fe00S15a39S2fe00S21400S20500S2a208S20500M527x523S15a39474x491S15a51485x500S20600482x477S2a208504x486"", ""source"": ""Adam Frost"", ""fps"": 29.97, ""duration"": 1.835, ""width"": 1280, ""height"": 720, ""codec"": ""h264""}"
videos/cookie.mp4,58f01930bb76cd84b86c9229a5910f12,0,0,en,ase,whatsthatsign,cookie,"{""signpuddle_id"": ""1670"", ""sign_fsw"": ""AS15412S2fe00S15a39S2fe00S21400S20500S2df08S20500M524x526S15a39500x500S15412488x498S20600476x515S2df08503x475"", ""source"": ""Adam Frost"", ""fps"": 29.97, ""duration"": 2.102, ""width"": 1280, ""height"": 720, ""codec"": ""h264""}"
videos/cool_neat_swell.mp4,64497bdfc05f4dbaec365f44119bc3fa,0,0,en,ase,whatsthatsign,"cool, neat, swell","{""signpuddle_id"": ""1699"", ""sign_fsw"": ""AS14c10S38510S10006S20500S22510M518x524S14c10483x493S20500508x506S22510484x477"", ""source"": ""Adam Frost"", ""fps"": 29.97, ""duration"": 1.568, ""width"": 1280, ""height"": 720, ""codec"": ""h264""}"
videos/cop_police_police_officer.mp4,467773e65ef445dec832ae095daa3d64,0,0,en,ase,whatsthatsign,"cop, police, police officer, policeman, policewoman","{""signpuddle_id"": ""1626"", ""sign_fsw"": ""AS16d10S38511S10006S20600M521x520S36d00479x481S16d10474x487S20600472x509"", ""source"": ""Adam Frost"", ""fps"": 29.97, ""duration"": 1.802, ""width"": 1280, ""height"": 720, ""codec"": ""h264""}"
videos/copy___paste_copy_and_paste.mp4,43fa47f2556ce9a61e1df311e5db63b3,0,0,en,ase,whatsthatsign,"copy & paste, copy and paste","{""signpuddle_id"": ""1753"", ""sign_fsw"": ""AS10e40S2fe00S10e48S2fe00S38006S2d524S11040S11048S10e40S10e48M557x536S10e40470x465S10e48444x465S2d524490x496S11040506x509S11048479x509S10e40542x465S10e48515x465"", ""source"": ""Adam Frost"", ""fps"": 29.97, ""duration"": 1.935, ""width"": 1280, ""height"": 720, ""codec"": ""h264""}"
videos/copy_duplicate.mp4,0baebab7268430e1f578841040e72c55,0,0,en,ase,whatsthatsign,"copy, duplicate","{""signpuddle_id"": ""2105"", ""sign_fsw"": ""AS14c31S2fe00S15a1aS2fe00S21404S20500S22a04S1853dM517x539S15a1a483x462S14c31485x474S22a04498x504S1853d490x520"", ""source"": ""Adam Frost"", ""fps"": 30.0, ""duration"": 2.1, ""width"": 1280, ""height"": 720, ""codec"": ""h264""}"
videos/copy_imitate_duplicate.mp4,8365ccfdc74956585ea3244200cf9b09,0,0,en,ase,whatsthatsign,"copy, imitate, duplicate","{""signpuddle_id"": ""81"", ""sign_fsw"": ""AS14c11S2fe00S15a18S2fe00S21406S20500S26506S18510M541x514S15a18460x487S14c11467x486S26506497x499S18510516x499"", ""source"": ""Adam Frost"", ""fps"": 29.97, ""duration"": 2.536, ""width"": 1280, ""height"": 720, ""codec"": ""h264""}"
videos/copy_me_imitate_me.mp4,16fc291df2a346667d1fc237502a0bcb,0,0,en,ase,whatsthatsign,"copy me, imitate me","{""signpuddle_id"": ""2103"", ""sign_fsw"": ""AS14c01S2fe00S15a28S2fe00S21410S20500S26500S18501M517x536S14c01491x502S15a28484x509S26500495x484S18501489x465"", ""source"": ""Adam Frost"", ""fps"": 30.0, ""duration"": 2.133, ""width"": 1280, ""height"": 720, ""codec"": ""h264""}"
videos/copy_you_imitate_you.mp4,537b687ea00813a39a1fc3a08b71196c,0,0,en,ase,whatsthatsign,"copy you, imitate you","{""signpuddle_id"": ""2104"", ""sign_fsw"": ""AS14c21S2fe00S15a08S2fe00S21414S20500S26504S18527M516x543S15a08484x458S14c21487x470S26504500x499S18527497x516"", ""source"": ""Adam Frost"", ""fps"": 30.0, ""duration"": 2.133, ""width"": 1280, ""height"": 720, ""codec"": ""h264""}"
videos/corn.mp4,7a54a35f360a90a13b52af0c950c8e6a,0,0,en,ase,whatsthatsign,corn,"{""signpuddle_id"": ""1069"", ""sign_fsw"": ""AS10012S33d00S10006S2860eM573x529S33b00482x483S10012502x512S2860e536x509"", ""source"": ""Adam Frost"", ""fps"": 29.97, ""duration"": 1.935, ""width"": 1280, ""height"": 720, ""codec"": ""h264""}"
videos/cost_price_charge.mp4,70a16aafbd888dcf870f48fb2b15fea2,0,0,en,ase,whatsthatsign,"cost, price, charge","{""signpuddle_id"": ""1919"", ""sign_fsw"": ""AS10640S2fe00S15a0aS2fe00S21414S20e00S22a04M517x522S15a0a484x478S10640485x491S20e00504x492S22a04504x507"", ""source"": ""Adam Frost"", ""fps"": 29.97, ""duration"": 1.702, ""width"": 1280, ""height"": 720, ""codec"": ""h264""}"
videos/cotton.mp4,608e2a667f260db580a1fc3451c717db,0,0,en,ase,whatsthatsign,cotton,"{""signpuddle_id"": ""2344"", ""sign_fsw"": ""AS16d20S2fe00S10006S17620S1fb20S1fb20S17620S11920M511x568S16d20494x432S17620495x456S1fb20495x476S1fb20495x499S17620495x522S11920489x542"", ""source"": ""Adam Frost"", ""fps"": 30.0, ""duration"": 2.3, ""width"": 1280, ""height"": 720, ""codec"": ""h264""}"
videos/couch_sofa.mp4,8ff76feb0f87bc14ae7356bb0b4f061d,0,0,en,ase,whatsthatsign,"couch, sofa","{""signpuddle_id"": ""2393"", ""sign_fsw"": ""AS11551S2fe00S11559S2fe00S21400S20800S16d50S2fe00S16d58S2fe00S21406S2f900S2f900S20500S26506S26512M539x539S11559477x474S11551497x474S20800495x461S16d50502x511S16d58481x511S2f900506x534S2f900484x534S26506524x514S26512462x514"", ""source"": ""Adam Frost"", ""fps"": 30.0, ""duration"": 2.066, ""width"": 1280, ""height"": 720, ""codec"": ""h264""}"
videos/cough_coughing_coughs.mp4,2fd42c8a83154e5af905e52369e99f63,0,0,en,ase,whatsthatsign,"cough, coughing, coughs, congestion","{""signpuddle_id"": ""2013"", ""sign_fsw"": ""AS15402S38510S10006S20500S2c500M520x528S15402486x499S20500493x517S2c500480x472"", ""source"": ""Adam Frost"", ""fps"": 29.97, ""duration"": 1.735, ""width"": 1280, ""height"": 720, ""codec"": ""h264""}"
videos/counselor_adviser.mp4,7b58d4b5d657efe3eba7f60956901a2a,0,0,en,ase,whatsthatsign,"counselor, adviser","{""signpuddle_id"": ""1636"", ""sign_fsw"": ""AS18521S2fe00S2031aS2fe00S21400S20e00S26500S14c50S15a40S2fe00S15a48S2fe00S38006S22a04S22a14M523x578S2031a485x508S18521486x488S20e00497x474S26500496x457S14c50491x423S15a40510x533S15a48478x533S22a04510x563S22a14477x563"", ""source"": ""Adam Frost"", ""fps"": 29.97, ""duration"": 2.236, ""width"": 1280, ""height"": 720, ""codec"": ""h264""}"
videos/count_counts_score.mp4,67d6d19f976882a596eb435ec2821958,0,0,en,ase,whatsthatsign,"count, counts, score","{""signpuddle_id"": ""2118"", ""sign_fsw"": ""AS1ce50S2fe00S15a38S2fe00S21400S20e00S26500M516x532S15a38485x499S1ce50494x502S20e00497x487S26500496x469"", ""source"": ""Adam Frost"", ""fps"": 30.0, ""duration"": 1.733, ""width"": 1280, ""height"": 720, ""codec"": ""h264""}"
videos/counting_count_accounting.mp4,2946ee1fbb1c165c7ce99b5a4bec05ff,0,0,en,ase,whatsthatsign,"counting, count, accounting, score","{""signpuddle_id"": ""103"", ""sign_fsw"": ""AS1ce50S2fe00S15a38S2fe00S21400S20e00S26a00M516x531S15a38484x498S1ce50493x501S20e00496x486S26a00489x470"", ""source"": ""Adam Frost"", ""fps"": 29.97, ""duration"": 2.402, ""width"": 1280, ""height"": 720, ""codec"": ""h264""}"
videos/country.mp4,d1c4da01f0da4284ff7b0492f543b71d,0,0,en,ase,whatsthatsign,country,"{""signpuddle_id"": ""1219"", ""sign_fsw"": ""AS19a01S38611S10006S21410S21100S2e500M521x527S37602499x473S19a01480x494S21100481x513"", ""source"": ""Adam Frost"", ""fps"": 29.97, ""duration"": 2.135, ""width"": 1280, ""height"": 720, ""codec"": ""h264""}"
videos/country_county_rural.mp4,79cf23b02fb47ad0a3a6db07ddc34236,0,0,en,ase,whatsthatsign,"country, county, rural, countryside","{""signpuddle_id"": ""1218"", ""sign_fsw"": ""AS15a01S38611S10006S21410S21100S2e500M518x529S37602496x472S15a01491x500S21100483x515"", ""source"": ""Adam Frost"", ""fps"": 29.97, ""duration"": 2.402, ""width"": 1280, ""height"": 720, ""codec"": ""h264""}"
videos/course.mp4,a7cf60521cf31d254838ab98ad0f8872,0,0,en,ase,whatsthatsign,course,"{""signpuddle_id"": ""1820"", ""sign_fsw"": ""AS16d10S2fe00S15a08S2fe00S21414S20500S22a04S20500M520x518S15a08481x489S16d10489x482S22a04507x500S20500495x507"", ""source"": ""Adam Frost"", ""fps"": 29.97, ""duration"": 2.035, ""width"": 1280, ""height"": 720, ""codec"": ""h264""}"
videos/cousin.mp4,97eda0fdad8fe38e66612d5e4af833fb,0,0,en,ase,whatsthatsign,cousin,"{""signpuddle_id"": ""1347"", ""sign_fsw"": ""AS16d10S30006S10006S2e00cM541x544S2ff00482x483S16d10522x492S2e00c520x516"", ""source"": ""Adam Frost"", ""fps"": 29.97, ""duration"": 2.035, ""width"": 1280, ""height"": 720, ""codec"": ""h264""}"
videos/cousin_female_cousin.mp4,a162a7c26e282fa6b4487e94f5e4c9de,0,0,en,ase,whatsthatsign,"cousin, female cousin","{""signpuddle_id"": ""1349"", ""sign_fsw"": ""AS16d10S30005S10006S2e00cM535x561S2ff00482x483S16d10516x509S2e00c514x533"", ""source"": ""Adam Frost"", ""fps"": 29.97, ""duration"": 2.035, ""width"": 1280, ""height"": 720, ""codec"": ""h264""}"
videos/cousin_male_cousin.mp4,cbcb6a2283eb8c1cd3a2f037f055f30c,0,0,en,ase,whatsthatsign,"cousin, male cousin","{""signpuddle_id"": ""1348"", ""sign_fsw"": ""AS16d10S30007S10006S2e00cM541x529S2ff00482x483S16d10522x477S2e00c520x501"", ""source"": ""Adam Frost"", ""fps"": 29.97, ""duration"": 1.935, ""width"": 1280, ""height"": 720, ""codec"": ""h264""}"
videos/cow_cows.mp4,c4732c9f6cf0d2b706c553af5f49e57b,0,0,en,ase,whatsthatsign,"cow, cows","{""signpuddle_id"": ""1458"", ""sign_fsw"": ""AS19a20S30007S10006S20500S2c400M548x518S2ff00482x483S19a20515x482S2c400508x456"", ""source"": ""Adam Frost"", ""fps"": 29.97, ""duration"": 1.702, ""width"": 1280, ""height"": 720, ""codec"": ""h264""}"
videos/crab_crabs.mp4,c7f0126623ad6295e3d8c0ccfa5e6253,0,0,en,ase,whatsthatsign,"crab, crabs","{""signpuddle_id"": ""1459"", ""sign_fsw"": ""AS10e50S2fe00S10e58S2fe00S38006S22716S22712M533x515S10e50518x485S10e58468x485S22716505x485S22712486x485"", ""source"": ""Adam Frost"", ""fps"": 29.97, ""duration"": 1.902, ""width"": 1280, ""height"": 720, ""codec"": ""h264""}"
videos/cracked_crack_fracture.mp4,566d241119cf799540314e969e6d2b3c,0,0,en,ase,whatsthatsign,"cracked, crack, fracture","{""signpuddle_id"": ""2294"", ""sign_fsw"": ""AS15a10S2fe00S15a09S2fe00S21414S20e00S2480cM514x531S15a09491x479S15a10489x470S2480c487x503"", ""source"": ""Adam Frost"", ""fps"": 30.0, ""duration"": 2.233, ""width"": 1280, ""height"": 720, ""codec"": ""h264""}"
videos/cramps.mp4,8b342f4c71b3c4348b42ead6aa884570,0,0,en,ase,whatsthatsign,cramps,"{""signpuddle_id"": ""727"", ""sign_fsw"": ""AS20350S38530S20358S38530S2c300S21600M549x532S36d00479x469S20350501x514S20358484x517S2c300523x507S21600504x502"", ""source"": ""Adam Frost"", ""fps"": 29.97, ""duration"": 2.402, ""width"": 1280, ""height"": 720, ""codec"": ""h264""}"
videos/crazy_insane_lunatic.mp4,4bc4d4b1aa23bbe2e4199dfbae3993d6,0,0,en,ase,whatsthatsign,"crazy, insane, lunatic, nuts, cuckoo, loopy, loony, bananas, loco, bonkers, wacko","{""signpuddle_id"": ""1711"", ""sign_fsw"": ""AS10012S33010S10006S2ea00M567x518S33010479x483S10012519x489S2ea00552x485"", ""source"": ""Adam Frost"", ""fps"": 30.0, ""duration"": 1.833, ""width"": 1280, ""height"": 720, ""codec"": ""h264""}"
videos/cream.mp4,c861a05dffd2c6e8601e714ec5cb52b9,0,0,en,ase,whatsthatsign,cream,"{""signpuddle_id"": ""1047"", ""sign_fsw"": ""AS16d40S2fe00S15a39S2fe00S21400S21100S26a03S20340M521x522S15a39494x499S16d40503x479S26a03479x480S20340484x505"", ""source"": ""Adam Frost"", ""fps"": 29.97, ""duration"": 2.569, ""width"": 1280, ""height"": 720, ""codec"": ""h264""}"
videos/cruise_on_a_cruise_cruise_ship.mp4,dc95a031d01d3baa7b6387becf300fd7,0,0,en,ase,whatsthatsign,"cruise, on a cruise, cruise ship","{""signpuddle_id"": ""1659"", ""sign_fsw"": ""AS15a41S2fe00S15a49S2fe00S21406S20500S26520M524x521S15a41501x498S15a49477x498S26520493x480"", ""source"": ""Adam Frost"", ""fps"": 29.97, ""duration"": 2.202, ""width"": 1280, ""height"": 720, ""codec"": ""h264""}"
videos/crumple_crush_scrunch.mp4,dbe235c1668de754c38f6ef140e3a358,0,0,en,ase,whatsthatsign,"crumple, crush, scrunch","{""signpuddle_id"": ""260"", ""sign_fsw"": ""AS1f750S2fe00S1f738S2fe00S21400S20500S21800S21800S2a228S20500M528x523S1f738473x498S1f750481x487S21800485x477S21800475x515S2a228505x477"", ""source"": ""Adam Frost"", ""fps"": 29.97, ""duration"": 2.169, ""width"": 1280, ""height"": 720, ""codec"": ""h264""}"
videos/cry.mp4,010713cbd45ec28f3a42f1238caf2d44,0,0,en,ase,whatsthatsign,cry,"{""signpuddle_id"": ""822"", ""sign_fsw"": ""AS10000S31410S10008S31420S20e00S20e00S22f04S22f14S10600S10608S2fd04M540x564S31400482x483S10000498x498S10008487x516S20e00521x495S20e00466x508S22f04515x509S22f14460x522S10600510x525S10608475x538S2fd04494x556"", ""source"": ""Adam Frost"", ""fps"": 30.0, ""duration"": 3.0, ""width"": 1280, ""height"": 720, ""codec"": ""h264""}"
videos/culture.mp4,f4568051a86f4079bf7ed23fe9f0afc0,0,0,en,ase,whatsthatsign,culture,"{""signpuddle_id"": ""1060"", ""sign_fsw"": ""AS14c20S2fe00S10018S2fe00S21410S2df06S18540S20500M525x526S10018477x480S14c20493x495S2df06505x476S18540475x474"", ""source"": ""Adam Frost"", ""fps"": 29.97, ""duration"": 3.27, ""width"": 1280, ""height"": 720, ""codec"": ""h264""}"
videos/cup_can.mp4,5ee4a45c439cb8adb7df4220bdf2e543,0,0,en,ase,whatsthatsign,"cup, can","{""signpuddle_id"": ""297"", ""sign_fsw"": ""AS16d40S2fe00S15a39S2fe00S21400S20600M517x520S15a39494x480S16d40484x487S20600485x509"", ""source"": ""Adam Frost"", ""fps"": 29.97, ""duration"": 2.236, ""width"": 1280, ""height"": 720, ""codec"": ""h264""}"
videos/curtains_drapes_shades.mp4,354a93bed4c7c1295a938ee939010136,0,0,en,ase,whatsthatsign,"curtains, drapes, shades","{""signpuddle_id"": ""672"", ""sign_fsw"": ""AS14420S2fe00S14428S2fe00S38006S22a04S22a14M536x525S14420514x475S14428465x475S22a04516x510S22a14471x510"", ""source"": ""Adam Frost"", ""fps"": 29.97, ""duration"": 1.768, ""width"": 1280, ""height"": 720, ""codec"": ""h264""}"
videos/cut_hair.mp4,d669644317c72b5dccd80ea47314aef5,0,0,en,ase,whatsthatsign,cut hair,"{""signpuddle_id"": ""1543"", ""sign_fsw"": ""AS10e10S30007S10006S22712S26504M550x529S2ff00482x483S10e10521x481S22712540x481S26504522x514"", ""source"": ""Adam Frost"", ""fps"": 29.97, ""duration"": 1.635, ""width"": 1280, ""height"": 720, ""codec"": ""h264""}"
videos/cut_half.mp4,d7cc4969f697654b5f0b9bd1487f623f,0,0,en,ase,whatsthatsign,"cut, half","{""signpuddle_id"": ""1376"", ""sign_fsw"": ""AS10041S2fe00S10049S2fe00S21400S20e00S22a05M529x528S10041487x478S10049471x473S20e00505x503S22a05516x514"", ""source"": ""Adam Frost"", ""fps"": 29.97, ""duration"": 1.835, ""width"": 1280, ""height"": 720, ""codec"": ""h264""}"
videos/cute.mp4,e2d2b5cf42e6feb568e19d7544d0b2fa,0,0,en,ase,whatsthatsign,cute,"{""signpuddle_id"": ""800"", ""sign_fsw"": ""AS11500S30004S10006S20e00S22a04M523x546S2ff00482x483S11500489x510S20e00510x516S22a04510x531"", ""source"": ""Adam Frost"", ""fps"": 29.97, ""duration"": 1.835, ""width"": 1280, ""height"": 720, ""codec"": ""h264""}"
videos/cute_candy.mp4,2c63c4297702617aeff7652e18e3a50c,0,0,en,ase,whatsthatsign,"cute, candy","{""signpuddle_id"": ""302"", ""sign_fsw"": ""AS11500S30004S10006S20e00S22f04M532x546S2ff00482x483S11500489x510S20e00513x517S22f04507x532"", ""source"": ""Adam Frost"", ""fps"": 30.0, ""duration"": 2.4, ""width"": 1280, ""height"": 720, ""codec"": ""h264""}"
videos/cycle_tire_year_round.mp4,7840b065581e95d29d03045c42db384c,0,0,en,ase,whatsthatsign,"cycle, tire, year round, all year","{""signpuddle_id"": ""862"", ""sign_fsw"": ""AS10012S2fe00S1001aS2fe00S21406S2e700S20500M532x520S1001a469x481S10012502x481S2e700502x495"", ""source"": ""Adam Frost"", ""fps"": 30.0, ""duration"": 2.367, ""width"": 1280, ""height"": 720, ""codec"": ""h264""}"
videos/dad_papa_father.mp4,d9619fb1a7cb3e54db55f884bed86310,0,0,en,ase,whatsthatsign,"dad, papa, father","{""signpuddle_id"": ""354"", ""sign_fsw"": ""AS14c20S30007S10006S20600M538x518S2ff00482x483S14c20515x472S20600490x471"", ""source"": ""Adam Frost"", ""fps"": 30.0, ""duration"": 2.4, ""width"": 1280, ""height"": 720, ""codec"": ""h264""}"
videos/dance_dancing.mp4,e1700ecc5139c8c7d63a296c2300fe61,0,0,en,ase,whatsthatsign,"dance, dancing","{""signpuddle_id"": ""34"", ""sign_fsw"": ""AS10e04S2fe00S15a3aS2fe00S37f00S28806S2880eS28806M531x528S15a3a470x516S10e04488x483S28806508x502S2880e508x487S28806509x472"", ""source"": ""Adam Frost"", ""fps"": 30.0, ""duration"": 2.467, ""width"": 1280, ""height"": 720, ""codec"": ""h264""}"
videos/dancer.mp4,5613cc1bda332c17a8d9f177dd508596,0,0,en,ase,whatsthatsign,dancer,"{""signpuddle_id"": ""1821"", ""sign_fsw"": ""AS10e04S2fe00S15a3aS2fe00S37f00S28806S2880eS28806S15a40S2fe00S15a48S2fe00S38006S22a04S22a14M531x556S15a3a470x489S10e04488x456S28806508x475S2880e508x460S28806509x445S15a40510x511S15a48478x511S22a04510x541S22a14477x541"", ""source"": ""Adam Frost"", ""fps"": 29.97, ""duration"": 2.135, ""width"": 1280, ""height"": 720, ""codec"": ""h264""}"
videos/danger_dangerous_risk.mp4,ba58c9bd897389e95a7d18f6347b1e12,0,0,en,ase,whatsthatsign,"danger, dangerous, risk","{""signpuddle_id"": ""2058"", ""sign_fsw"": ""AS1f540S2fe00S1f50aS2fe00S21410S20e00S22f00M515x532S1f540496x501S1f50a485x508S20e00497x486S22f00490x469"", ""source"": ""Adam Frost"", ""fps"": 29.97, ""duration"": 2.002, ""width"": 1280, ""height"": 720, ""codec"": ""h264""}"
videos/dark.mp4,3192b94f2fc3d43c0d1a30fd96f27143,0,0,en,ase,whatsthatsign,dark,"{""signpuddle_id"": ""977"", ""sign_fsw"": ""AS15a01S30006S15a07S30002S28803S2881bM531x541S2ff00482x483S15a01508x497S15a07469x498S28803500x521S2881b481x521"", ""source"": ""Adam Frost"", ""fps"": 30.0, ""duration"": 2.733, ""width"": 1280, ""height"": 720, ""codec"": ""h264""}"
videos/darn_shoot_drats.mp4,c0aeb188325fd7070267e4fc3aaa8261,0,0,en,ase,whatsthatsign,"darn, shoot, drats, dang it, crap","{""signpuddle_id"": ""2368"", ""sign_fsw"": ""AS14040S2fe00S10006S20e00S22904S2880eM519x531S14040490x489S20e00488x483S22904489x470S2880e482x519"", ""source"": ""Adam Frost"", ""fps"": 30.0, ""duration"": 1.833, ""width"": 1280, ""height"": 720, ""codec"": ""h264""}"
videos/date.mp4,7fe05635b5508fb2d0d2abf852c1aef1,0,0,en,ase,whatsthatsign,date,"{""signpuddle_id"": ""1323"", ""sign_fsw"": ""AS10110S2fe00S10118S2fe00S21406S20600M517x522S10110501x479S10118483x479S20600489x511"", ""source"": ""Adam Frost"", ""fps"": 29.97, ""duration"": 2.035, ""width"": 1280, ""height"": 720, ""codec"": ""h264""}"
videos/daughter.mp4,90416343bf08b29b39f64db0eb8c3e81,0,0,en,ase,whatsthatsign,daughter,"{""signpuddle_id"": ""359"", ""sign_fsw"": ""AS15a10S30005S15a3aS2fe00S20500S22a03S15a32S38622S20500M527x566S2ff00482x483S15a10506x508S37806475x559S15a3a500x554S15a32472x542S22a03490x524"", ""source"": ""Adam Frost"", ""fps"": 29.97, ""duration"": 2.202, ""width"": 1280, ""height"": 720, ""codec"": ""h264""}"
videos/daughter_in_law_daughter-in-law.mp4,9dc341a6264ee51a0db6f7ef37551889,0,0,en,ase,whatsthatsign,"daughter in law, daughter-in-law","{""signpuddle_id"": ""1382"", ""sign_fsw"": ""AS15a10S30005S15a3aS2fe00S20500S22a03S15a32S38622S20500S1dc40S2fe00S15a18S2fe00S21406S20500S22a04S20500M527x616S2ff00482x483S15a10506x508S37806475x559S15a3a500x554S15a32472x542S22a03490x524S15a18485x587S1dc40498x571S22a04513x598S20500500x605"", ""source"": ""Adam Frost"", ""fps"": 29.97, ""duration"": 2.469, ""width"": 1280, ""height"": 720, ""codec"": ""h264""}"
videos/day.mp4,a4f2986adcc279de4aedc2c4d5217362,0,0,en,ase,whatsthatsign,day,"{""signpuddle_id"": ""2265"", ""sign_fsw"": ""AS10000S2fe00S15a1aS38615S20500S28803M522x537S15a1a495x525S10000503x464S28803479x483S37800510x494"", ""source"": ""Adam Frost"", ""fps"": 30.0, ""duration"": 2.333, ""width"": 1280, ""height"": 720, ""codec"": ""h264""}"
videos/dead_die_died.mp4,f9326356edaa44740c07ece43b57bbc8,0,0,en,ase,whatsthatsign,"dead, die, died","{""signpuddle_id"": ""1362"", ""sign_fsw"": ""AS15a50S2fe00S10006S2a208M518x522S15a50483x495S2a208495x478"", ""source"": ""Adam Frost"", ""fps"": 29.97, ""duration"": 1.969, ""width"": 1280, ""height"": 720, ""codec"": ""h264""}"
videos/deaf_deaf_person_deaf_people.mp4,f3669e679a978d6a9050d3f00859c999,0,0,en,ase,whatsthatsign,"deaf, deaf person, deaf people","{""signpuddle_id"": ""10"", ""sign_fsw"": ""AS10011S30006S10006S20500S22a03S30005S20500M539x529S2ff00482x483S10011518x499S20500502x518"", ""source"": ""Adam Frost"", ""fps"": 30.0, ""duration"": 1.7, ""width"": 1280, ""height"": 720, ""codec"": ""h264""}"
videos/decide_decision.mp4,a0fe902ea593974a88141b59738fab8a,0,0,en,ase,whatsthatsign,"decide, decision","{""signpuddle_id"": ""2160"", ""sign_fsw"": ""AS10011S30007S10006S20500S1ce40S2fe00S1ce48S2fe00S38006S22a04S22a14M537x578S2ff00482x483S10011516x491S1ce40508x530S1ce48470x530S22a04510x563S22a14477x563"", ""source"": ""Adam Frost"", ""fps"": 29.97, ""duration"": 1.869, ""width"": 1280, ""height"": 720, ""codec"": ""h264""}"
videos/deck.mp4,c14a24a11ac7c335188cd374f359ebc3,0,0,en,ase,whatsthatsign,deck,"{""signpuddle_id"": ""629"", ""sign_fsw"": ""AS10120S2fe00S10006S14a20S16d20S14020M515x554S10120499x447S14a20499x481S16d20498x500S14020485x524"", ""source"": ""Adam Frost"", ""fps"": 30.0, ""duration"": 2.467, ""width"": 1280, ""height"": 720, ""codec"": ""h264""}"
videos/decoration_decorate_decorating.mp4,d9c1adbc63ca00f662cab79fdada27cd,0,0,en,ase,whatsthatsign,"decoration, decorate, decorating","{""signpuddle_id"": ""1924"", ""sign_fsw"": ""AS15420S2fe00S15428S2fe00S38006S29508S29510M528x530S15420513x505S15428473x505S29508513x470S29510475x471"", ""source"": ""Adam Frost"", ""fps"": 29.97, ""duration"": 2.336, ""width"": 1280, ""height"": 720, ""codec"": ""h264""}"
videos/decrease_lower_take_off.mp4,0a0a93e0df27dde713579e078cda82cf,0,0,en,ase,whatsthatsign,"decrease, lower, take off, lose","{""signpuddle_id"": ""2045"", ""sign_fsw"": ""AS11551S2fe00S11559S2fe00S21400S20500S2880aM534x514S11559466x489S11551486x489S2880a512x487"", ""source"": ""Adam Frost"", ""fps"": 29.97, ""duration"": 2.035, ""width"": 1280, ""height"": 720, ""codec"": ""h264""}"
videos/deer_deers.mp4,5012a9a85668e9c461ec9255a42c8104,0,0,en,ase,whatsthatsign,"deer, deers","{""signpuddle_id"": ""1462"", ""sign_fsw"": ""AS14c20S30007S14c28S30001S20600S20600M541x518S2ff00482x483S14c20515x472S14c28462x472S20600519x505S20600459x505"", ""source"": ""Adam Frost"", ""fps"": 29.97, ""duration"": 2.169, ""width"": 1280, ""height"": 720, ""codec"": ""h264""}"
videos/defend_protect.mp4,4492fd8b8452457bbbe345d338da2960,0,0,en,ase,whatsthatsign,"defend, protect","{""signpuddle_id"": ""1889"", ""sign_fsw"": ""AS20311S2fe00S20319S2fe00S21414S20500M516x511S20319495x490S20311485x490"", ""source"": ""Adam Frost"", ""fps"": 29.97, ""duration"": 1.768, ""width"": 1280, ""height"": 720, ""codec"": ""h264""}"
videos/defense_defendant_protection.mp4,114c8646943ce055447a769a406d8d58,0,0,en,ase,whatsthatsign,"defense, defendant, protection","{""signpuddle_id"": ""1890"", ""sign_fsw"": ""AS20311S2fe00S20319S2fe00S21414S20600M516x518S20319495x483S20311485x483S20600490x507"", ""source"": ""Adam Frost"", ""fps"": 29.97, ""duration"": 1.869, ""width"": 1280, ""height"": 720, ""codec"": ""h264""}"
videos/deflated_flat_deflate.mp4,dd6e11118eb2f2ffd1cc882ac5e5adf2,0,0,en,ase,whatsthatsign,"deflated, flat, deflate","{""signpuddle_id"": ""2295"", ""sign_fsw"": ""AS18520S2fe00S15a59S2fe00S21400S20500S22104M518x519S15a59482x496S18520493x491S22104496x482"", ""source"": ""Adam Frost"", ""fps"": 30.0, ""duration"": 1.933, ""width"": 1280, ""height"": 720, ""codec"": ""h264""}"
videos/delegate_delegates_delegacy.mp4,c3e22d8ea7be2b71a8808072ec5989c9,0,0,en,ase,whatsthatsign,"delegate, delegates, delegacy","{""signpuddle_id"": ""1564"", ""sign_fsw"": ""AS10102S38517S10006S20e00S22f04M549x520S36d00479x481S10102497x490S20e00530x492S22f04524x506"", ""source"": ""Adam Frost"", ""fps"": 29.97, ""duration"": 1.902, ""width"": 1280, ""height"": 720, ""codec"": ""h264""}"
videos/delete_eliminate_remove.mp4,cc848f006eeaea63cb22260c2e44220b,0,0,en,ase,whatsthatsign,"delete, eliminate, remove","{""signpuddle_id"": ""1751"", ""sign_fsw"": ""AS1ea40S2fe00S10006S22a07S1f540M527x527S1ea40473x506S22a07496x499S1f540512x473"", ""source"": ""Adam Frost"", ""fps"": 29.97, ""duration"": 1.802, ""width"": 1280, ""height"": 720, ""codec"": ""h264""}"
videos/delicious.mp4,c5a01cb922da6b5e9b16f6b45506e325,0,0,en,ase,whatsthatsign,delicious,"{""signpuddle_id"": ""1671"", ""sign_fsw"": ""AS1bb07S33d00S10006S20500S26500S1bb00S20e00S22804M550x520S33b00482x483S1bb07506x496S26500521x484S1bb00515x453S20e00538x468S22804539x482"", ""source"": ""Adam Frost"", ""fps"": 29.97, ""duration"": 1.802, ""width"": 1280, ""height"": 720, ""codec"": ""h264""}"
videos/demote_small-time_minor.mp4,0c81f70d2a8267ffe020800280ad5928,0,0,en,ase,whatsthatsign,"demote, small-time, minor, unimportant, lowly","{""signpuddle_id"": ""396"", ""sign_fsw"": ""AS18210S2fe00S18218S2fe00S38006S22a04S22a14M526x517S18210503x483S18218474x483S22a04507x502S22a14480x502"", ""source"": ""Adam Frost"", ""fps"": 29.97, ""duration"": 2.636, ""width"": 1280, ""height"": 720, ""codec"": ""h264""}"
videos/dentist_tooth_glass.mp4,f2b1276b09138707d0ea35973a3304de,0,0,en,ase,whatsthatsign,"dentist, tooth, glass","{""signpuddle_id"": ""1549"", ""sign_fsw"": ""AS10600S36110S10006S20600M538x533S36100482x483S10600496x507S20600516x512"", ""source"": ""Adam Frost"", ""fps"": 29.97, ""duration"": 2.135, ""width"": 1280, ""height"": 720, ""codec"": ""h264""}"
videos/deposit_down_payment_tape.mp4,0c024d575430135c4ff090d411042c5b,0,0,en,ase,whatsthatsign,"deposit, down payment, tape, paste","{""signpuddle_id"": ""1752"", ""sign_fsw"": ""AS1f550S2fe00S1f558S2fe00S21406S20500S28805S2881dM525x520S1f550501x481S1f558475x481S28805503x500S2881d477x500"", ""source"": ""Adam Frost"", ""fps"": 29.97, ""duration"": 2.002, ""width"": 1280, ""height"": 720, ""codec"": ""h264""}"
videos/depressed_dispirited_demoralized.mp4,e4e45c0cb068e2a369bf2ce76dcef54f,0,0,en,ase,whatsthatsign,"depressed, dispirited, demoralized, dejected, down, sad","{""signpuddle_id"": ""456"", ""sign_fsw"": ""AS1c501S38517S1c509S38511S21100S21100S22a04S22a14M533x530S1c501508x470S1c509468x470S21100503x498S21100485x498S22a04503x515S22a14485x515"", ""source"": ""Adam Frost"", ""fps"": 30.0, ""duration"": 1.967, ""width"": 1280, ""height"": 720, ""codec"": ""h264""}"
videos/design_on_shirt_picture_on_shirt.mp4,dacffcbcc5f083c01f6bebec4b3844fd,0,0,en,ase,whatsthatsign,"design on shirt, picture on shirt","{""signpuddle_id"": ""1087"", ""sign_fsw"": ""AS1dc03S38517S1dc0bS38511S20500S20500M539x518S1dc03509x482S1dc0b462x482S20500525x507S20500467x507"", ""source"": ""Adam Frost"", ""fps"": 29.97, ""duration"": 2.469, ""width"": 1280, ""height"": 720, ""codec"": ""h264""}"
videos/desk.mp4,e01c400b8a7c70dece4784ef58ce5871,0,0,en,ase,whatsthatsign,desk,"{""signpuddle_id"": ""630"", ""sign_fsw"": ""AS10120S2fe00S10006S14a20S20320S14020M515x551S10120499x449S14a20499x483S20320499x502S14020485x521"", ""source"": ""Adam Frost"", ""fps"": 30.0, ""duration"": 2.833, ""width"": 1280, ""height"": 720, ""codec"": ""h264""}"
videos/dessert.mp4,35df39bfa8671c90a4833c8750d1f96a,0,0,en,ase,whatsthatsign,dessert,"{""signpuddle_id"": ""964"", ""sign_fsw"": ""AS10140S2fe00S10148S2fe00S21406S20600M517x522S10140501x479S10148483x479S20600489x511"", ""source"": ""Adam Frost"", ""fps"": 29.97, ""duration"": 2.769, ""width"": 1280, ""height"": 720, ""codec"": ""h264""}"
videos/destroy_destruction_damage.mp4,ec4c59c1bfb757ed75c4a5418c8ff797,0,0,en,ase,whatsthatsign,"destroy, destruction, damage, wreck, demolish, dismantle, totaled, ruin","{""signpuddle_id"": ""2051"", ""sign_fsw"": ""AS14c51S2fe00S14c39S2fe00S21400S20e00S26502S1f751S1f739S20e00S26506M523x540S14c39496x460S14c51477x461S20e00494x489S26502477x488S1f739496x505S1f751482x506S20e00494x527S26506508x526"", ""source"": ""Adam Frost"", ""fps"": 29.97, ""duration"": 2.002, ""width"": 1280, ""height"": 720, ""codec"": ""h264""}"
videos/detective.mp4,0b7590099c1c190c03881eee1583daaf,0,0,en,ase,whatsthatsign,detective,"{""signpuddle_id"": ""1629"", ""sign_fsw"": ""AS10101S38511S10006S20e00S22f04M521x524S36d00479x477S10101475x481S20e00461x496S22f04454x510"", ""source"": ""Adam Frost"", ""fps"": 29.97, ""duration"": 1.902, ""width"": 1280, ""height"": 720, ""codec"": ""h264""}"
videos/detest_hate_loathe.mp4,e042954ed2be1aed50039f05912df40f,0,0,en,ase,whatsthatsign,"detest, hate, loathe, despise, abhor","{""signpuddle_id"": ""95"", ""sign_fsw"": ""AS14c41S38404S10006S20e00S26500M533x537S2ff00482x483S14c41477x510S20e00520x519S26500519x501"", ""source"": ""Adam Frost"", ""fps"": 30.0, ""duration"": 2.0, ""width"": 1280, ""height"": 720, ""codec"": ""h264""}"
videos/develop.mp4,bed59cb4a8d1a8c63b320f186a9baf8f,0,0,en,ase,whatsthatsign,develop,"{""signpuddle_id"": ""1823"", ""sign_fsw"": ""AS10110S2fe00S15a18S2fe00S21406S20e00S22a00M515x530S15a18486x499S10110499x500S20e00499x488S22a00499x470"", ""source"": ""Adam Frost"", ""fps"": 29.97, ""duration"": 2.135, ""width"": 1280, ""height"": 720, ""codec"": ""h264""}"
videos/devil_demon_evil.mp4,eca812a785bd3ae3e8d49a1acf03c218,0,0,en,ase,whatsthatsign,"devil, demon, evil, mischievous","{""signpuddle_id"": ""1880"", ""sign_fsw"": ""AS12120S30007S12128S2fe00S20500S21800S21800M535x552S2ff00482x483S12120511x473S12128462x525S21800515x463S21800465x515"", ""source"": ""Adam Frost"", ""fps"": 29.97, ""duration"": 2.269, ""width"": 1280, ""height"": 720, ""codec"": ""h264""}"
videos/diamond_diamond_shape.mp4,3e1338fddefaa2ad972f29c579a32d60,0,0,en,ase,whatsthatsign,"diamond, diamond shape","{""signpuddle_id"": ""976"", ""sign_fsw"": ""AS10051S2fe00S10059S2fe00S21406S20500S23b03S23b1bS20500M531x519S10051501x482S10059470x482S23b03502x495S23b1b481x495"", ""source"": ""Adam Frost"", ""fps"": 29.97, ""duration"": 2.302, ""width"": 1280, ""height"": 720, ""codec"": ""h264""}"
videos/diarrhea_the_runs_have_diarrhea.mp4,800e939a6020bce2427977e0a9dd7929,0,0,en,ase,whatsthatsign,"diarrhea, the runs, have diarrhea, suffer from diarrhea","{""signpuddle_id"": ""737"", ""sign_fsw"": ""AS14c41S2fe00S1f548S2fe00S21404S21000S22f04M530x524S1f548488x477S14c41471x497S21000508x489S22f04505x507"", ""source"": ""Adam Frost"", ""fps"": 29.97, ""duration"": 2.636, ""width"": 1280, ""height"": 720, ""codec"": ""h264""}"
videos/dice.mp4,c2ee19c11384201eadadcafdf91f3cdb,0,0,en,ase,whatsthatsign,dice,"{""signpuddle_id"": ""2208"", ""sign_fsw"": ""AS15a42S2fe00S15a39S2fe00S21400S20500S27207S20600M527x532S15a39483x469S15a42474x484S20600504x484S27207494x498"", ""source"": ""Adam Frost"", ""fps"": 30.0, ""duration"": 1.866, ""width"": 1280, ""height"": 720, ""codec"": ""h264""}"
videos/die_died_dead.mp4,d7aec84bb914c2689cd87db1e0d82d1e,0,0,en,ase,whatsthatsign,"die, died, dead, death","{""signpuddle_id"": ""469"", ""sign_fsw"": ""AS15a50S2fe00S15a38S2fe00S38006S2a208S2a218M528x530S15a50509x503S15a38478x503S2a208505x470S2a218473x470"", ""source"": ""Adam Frost"", ""fps"": 29.97, ""duration"": 2.402, ""width"": 1280, ""height"": 720, ""codec"": ""h264""}"
videos/different_but.mp4,a7284a490cab9531607a22e1406a05db,0,0,en,ase,whatsthatsign,"different, but","{""signpuddle_id"": ""19"", ""sign_fsw"": ""AS10021S2fe00S10029S2fe00S21414S20500S26506S26512M547x511S10021495x490S10029475x490S26506532x494S26512453x494"", ""source"": ""Adam Frost"", ""fps"": 30.0, ""duration"": 2.633, ""width"": 1280, ""height"": 720, ""codec"": ""h264""}"
videos/dime_ten_cents_10_.mp4,9e5509114c5a54fb29a42535b25e5a27,0,0,en,ase,whatsthatsign,"dime, ten cents, 10¢","{""signpuddle_id"": ""1925"", ""sign_fsw"": ""AS10011S30007S10006S20500S26500S1f540S2a408M557x520S2ff00482x483S10011507x490S26500513x479S1f540512x452S2a408532x443"", ""source"": ""Adam Frost"", ""fps"": 30.0, ""duration"": 1.767, ""width"": 1280, ""height"": 720, ""codec"": ""h264""}"
videos/dining_room__i_cafeteria_-i___i_restaurant_-i_.mp4,1f17a79c6292e45acf70b22cdea1b4f8,0,0,en,ase,whatsthatsign,"dining room, <i>cafeteria</i>, <i>restaurant</i>","{""signpuddle_id"": ""1235"", ""sign_fsw"": ""AS18507S33d00S10006S20500S15a40S2fe00S15a48S2fe00S38005S26902S26916M524x586S33b00482x483S18507502x510S15a40512x559S15a48476x534S26902491x567S26916491x542"", ""source"": ""Adam Frost"", ""fps"": 29.97, ""duration"": 1.935, ""width"": 1280, ""height"": 720, ""codec"": ""h264""}"
videos/dinner.mp4,175342607dec075f61d9a4a2230e21d6,0,0,en,ase,whatsthatsign,dinner,"{""signpuddle_id"": ""966"", ""sign_fsw"": ""AS10100S30004S10006S20600M538x525S2ff00482x483S10100497x495S20600516x511"", ""source"": ""Adam Frost"", ""fps"": 29.97, ""duration"": 2.469, ""width"": 1280, ""height"": 720, ""codec"": ""h264""}"
videos/dinosaur_dinosaurs.mp4,2a635030edb0f62c94451ad780b208ce,0,0,en,ase,whatsthatsign,"dinosaur, dinosaurs","{""signpuddle_id"": ""1926"", ""sign_fsw"": ""AS10110S2fe00S15a1aS38615S20500S29902S20500M527x536S15a1a500x524S37800517x492S10110505x465S29902474x491"", ""source"": ""Adam Frost"", ""fps"": 29.97, ""duration"": 2.069, ""width"": 1280, ""height"": 720, ""codec"": ""h264""}"
videos/dirty_filthy_unclean.mp4,42d59302fe1f6ba3d7cbe38a158b7ac3,0,0,en,ase,whatsthatsign,"dirty, filthy, unclean","{""signpuddle_id"": ""1912"", ""sign_fsw"": ""AS14c52S38404S10006S20500S22512M518x535S2ff00482x483S14c52470x511S22512456x512"", ""source"": ""Adam Frost"", ""fps"": 29.97, ""duration"": 1.668, ""width"": 1280, ""height"": 720, ""codec"": ""h264""}"
videos/disagree.mp4,7c4c785cea9738a963b037be98a49abe,0,0,en,ase,whatsthatsign,disagree,"{""signpuddle_id"": ""1691"", ""sign_fsw"": ""AS10011S30007S10006S20500S10002S2fe00S1000aS2fe00S21406S20500S26506S26512M550x549S2ff00482x483S10011516x491S22a03509x516S10002501x534S1000a469x534S26506535x534S26512450x534"", ""source"": ""Adam Frost"", ""fps"": 30.0, ""duration"": 1.933, ""width"": 1280, ""height"": 720, ""codec"": ""h264""}"
videos/disappear_vanish.mp4,f94cc4bc4a4dd21931ac21627d635fa0,0,0,en,ase,whatsthatsign,"disappear, vanish","{""signpuddle_id"": ""2155"", ""sign_fsw"": ""AS10020S2fe00S14c1aS2fe00S21406S20700S22a04M526x528S14c1a474x474S10020501x480S20700508x472S22a04502x513"", ""source"": ""Adam Frost"", ""fps"": 29.97, ""duration"": 2.035, ""width"": 1280, ""height"": 720, ""codec"": ""h264""}"
videos/disappoint_miss_disappointed.mp4,10b2c1119dc0fa5e33c4b154a4a38b8c,0,0,en,ase,whatsthatsign,"disappoint, miss, disappointed, missed, disappointment, bitter, tart, sour","{""signpuddle_id"": ""1693"", ""sign_fsw"": ""AS10000S30004S10006S20b00M519x541S2ff00482x483S10000487x511S20b00506x518"", ""source"": ""Adam Frost"", ""fps"": 30.0, ""duration"": 1.767, ""width"": 1280, ""height"": 720, ""codec"": ""h264""}"
videos/discard_exclude_reject.mp4,2b78ac2e1e4240527022aa57a2fcad4f,0,0,en,ase,whatsthatsign,"discard, exclude, reject, brush off, lay off","{""signpuddle_id"": ""2370"", ""sign_fsw"": ""AS15a1fS2fe00S15a39S2fe00S21400S20e00S26507M526x524S15a39474x496S15a1f492x501S20e00501x489S26507513x476"", ""source"": ""Adam Frost"", ""fps"": 30.0, ""duration"": 2.0, ""width"": 1280, ""height"": 720, ""codec"": ""h264""}"
videos/discourse_dialogue_converse.mp4,de58ffbc0426e071fed53693aec1faff,0,0,en,ase,whatsthatsign,"discourse, dialogue, converse, talk, interview","{""signpuddle_id"": ""1651"", ""sign_fsw"": ""AS10010S30005S10018S30003S27100S27114M541x564S2ff00482x483S10010505x509S10018480x517S27100501x541S27114459x549"", ""source"": ""Adam Frost"", ""fps"": 29.97, ""duration"": 2.069, ""width"": 1280, ""height"": 720, ""codec"": ""h264""}"
videos/discrimination_discriminate_discriminating.mp4,54943f744a9064d4d8e5977f6be0d6ad,0,0,en,ase,whatsthatsign,"discrimination, discriminate, discriminating","{""signpuddle_id"": ""1928"", ""sign_fsw"": ""AS10120S2fe00S15a0aS2fe00S21414S20e00S2330bM514x536S15a0a487x486S10120491x464S20e00493x500S2330b487x514"", ""source"": ""Adam Frost"", ""fps"": 30.0, ""duration"": 1.933, ""width"": 1280, ""height"": 720, ""codec"": ""h264""}"
videos/discuss_discussion_talk.mp4,cc8714b86ef02a194279b9f32d0e5849,0,0,en,ase,whatsthatsign,"discuss, discussion, talk","{""signpuddle_id"": ""2035"", ""sign_fsw"": ""AS10041S2fe00S15a39S2fe00S21400S20600M523x522S15a39478x479S10041487x492S20600501x490"", ""source"": ""Adam Frost"", ""fps"": 29.97, ""duration"": 2.135, ""width"": 1280, ""height"": 720, ""codec"": ""h264""}"
videos/disgust_disgusting_gross.mp4,0ae184eddbf60ba2f8874bff4d8fb2a7,0,0,en,ase,whatsthatsign,"disgust, disgusting, gross","{""signpuddle_id"": ""733"", ""sign_fsw"": ""AS15402S38510S10006S21100S2e500M513x516S15402488x484S21100494x502"", ""source"": ""Adam Frost"", ""fps"": 30.0, ""duration"": 2.033, ""width"": 1280, ""height"": 720, ""codec"": ""h264""}"
videos/disgusting_nauseous_gross.mp4,a2365e6e25979ddb832b872e709640ae,0,0,en,ase,whatsthatsign,"disgusting, nauseous, gross, disgust, indigestion, upset stomach, nausea","{""signpuddle_id"": ""734"", ""sign_fsw"": ""AS15402S38530S10006S21100S2e500M521x531S36d00479x469S15402487x499S21100493x517"", ""source"": ""Adam Frost"", ""fps"": 29.97, ""duration"": 3.804, ""width"": 1280, ""height"": 720, ""codec"": ""h264""}"
videos/dishwasher.mp4,f5595bee3b79073ba18a22d3c7caa7cc,0,0,en,ase,whatsthatsign,dishwasher,"{""signpuddle_id"": ""2384"", ""sign_fsw"": ""AS1ed40S2fe00S1ed48S2fe00S38006S2f900S2f900S15411S2fe00S1541fS2fe00S37f00S2e10eS2e112M542x546S1ed40504x454S1ed48471x454S2f900517x476S2f900472x476S15411492x491S1541f483x510S2e10e521x488S2e112459x501"", ""source"": ""Adam Frost"", ""fps"": 30.0, ""duration"": 2.133, ""width"": 1280, ""height"": 720, ""codec"": ""h264""}"
videos/disrupt_mess_up_distruptive.mp4,e6a36ec2af65f16b8dcd448dd71dd323,0,0,en,ase,whatsthatsign,"disrupt, mess up, distruptive, mess, chaos, messy, chaotic","{""signpuddle_id"": ""1957"", ""sign_fsw"": ""AS15450S2fe00S15438S2fe00S38006S28809S28819M526x525S15450504x500S15438474x500S28809506x476S28819479x476"", ""source"": ""Adam Frost"", ""fps"": 29.97, ""duration"": 1.802, ""width"": 1280, ""height"": 720, ""codec"": ""h264""}"
videos/diversity_diverse.mp4,c693d2ae90c4eb755d3ee15110953d50,0,0,en,ase,whatsthatsign,"diversity, diverse","{""signpuddle_id"": ""1929"", ""sign_fsw"": ""AS14c12S2fe00S14c1aS2fe00S38006S22512S22516S26506S26512M566x512S14c12517x489S14c1a452x489S22512501x489S22516486x489S26506551x493S26512434x493"", ""source"": ""Adam Frost"", ""fps"": 29.97, ""duration"": 1.802, ""width"": 1280, ""height"": 720, ""codec"": ""h264""}"
videos/divide_split.mp4,44937a8c4cce21990fd793c63d055fef,0,0,en,ase,whatsthatsign,"divide, split","{""signpuddle_id"": ""1022"", ""sign_fsw"": ""AS15a41S2fe00S15a49S2fe00S21400S20e00S2a204S2a21cM525x533S15a49479x478S15a41497x467S2a204502x504S2a21c475x505"", ""source"": ""Adam Frost"", ""fps"": 30.0, ""duration"": 1.8, ""width"": 1280, ""height"": 720, ""codec"": ""h264""}"
videos/divorce.mp4,5570dfb86f12e9c4047ddf14ac9fd5e3,0,0,en,ase,whatsthatsign,divorce,"{""signpuddle_id"": ""1365"", ""sign_fsw"": ""AS10110S2fe00S10118S2fe00S21406S20500S2df08S2df10M541x515S10110501x485S10118483x485S2df08520x485S2df10459x485"", ""source"": ""Adam Frost"", ""fps"": 29.97, ""duration"": 2.102, ""width"": 1280, ""height"": 720, ""codec"": ""h264""}"
videos/dizzy_lightheaded.mp4,c6b8113d4450e3d6550161980fcf3f9b,0,0,en,ase,whatsthatsign,"dizzy, lightheaded","{""signpuddle_id"": ""736"", ""sign_fsw"": ""AS15400S30007S10006S2e502M536x518S2ff00482x483S15400521x474S2e502492x458"", ""source"": ""Adam Frost"", ""fps"": 29.97, ""duration"": 2.369, ""width"": 1280, ""height"": 720, ""codec"": ""h264""}"
videos/do_disorder.mp4,df05c510f4903396bb3f3c8da59f3584,0,0,en,ase,whatsthatsign,"do, disorder","{""signpuddle_id"": ""1383"", ""sign_fsw"": ""AS10120S2fe00S10006S17620M508x525S10120492x475S17620492x509"", ""source"": ""Adam Frost"", ""fps"": 29.97, ""duration"": 1.802, ""width"": 1280, ""height"": 720, ""codec"": ""h264""}"
videos/do_do_what__are_you__doing_what__did_you__do.mp4,a6ed0c576113d2cfe0205677a22311e7,0,0,en,ase,whatsthatsign,"do do, what (are you) doing, what (did you) do, what (will you) do, what (am I) doing, what (did I) do, what (will I) do, what (are they) going, what (did they) do, what (will they) do","{""signpuddle_id"": ""1033"", ""sign_fsw"": ""AS1f437S2fe00S10006S22113S34400M529x567S34400482x483S1f437507x537S22113510x525"", ""source"": ""Adam Frost"", ""fps"": 29.97, ""duration"": 2.402, ""width"": 1280, ""height"": 720, ""codec"": ""h264""}"
videos/doctor_medical_doctor_physician.mp4,574f3ec21f667dc8fd970af580f0fbac,0,0,en,ase,whatsthatsign,"doctor, medical doctor, physician","{""signpuddle_id"": ""1623"", ""sign_fsw"": ""AS10151S38632S15a39S2fe00S20600M526x521S15a39503x479S10151475x489S20600491x510"", ""source"": ""Adam Frost"", ""fps"": 29.97, ""duration"": 2.069, ""width"": 1280, ""height"": 720, ""codec"": ""h264""}"
videos/dog.mp4,2bad083ff83da9587cf39875f578abff,0,0,en,ase,whatsthatsign,dog,"{""signpuddle_id"": ""65"", ""sign_fsw"": ""AS14037S2fe00S10006S20e00S22914M515x530S14037491x499S20e00490x484S22914486x471"", ""source"": ""Adam Frost"", ""fps"": 29.97, ""duration"": 2.636, ""width"": 1280, ""height"": 720, ""codec"": ""h264""}"
videos/dollar.mp4,dbe57ea92b3611c72cc26edb188ee0cc,0,0,en,ase,whatsthatsign,dollar,"{""signpuddle_id"": ""1824"", ""sign_fsw"": ""AS1f720S2fe00S15a0aS2fe00S21400S21000S26506M530x515S15a0a478x503S1f720470x496S21000492x486S26506515x486"", ""source"": ""Adam Frost"", ""fps"": 29.97, ""duration"": 2.035, ""width"": 1280, ""height"": 720, ""codec"": ""h264""}"
videos/dolphin_dolphins.mp4,69ed4250f44f8dd703cba802462f34ac,0,0,en,ase,whatsthatsign,"dolphin, dolphins","{""signpuddle_id"": ""1448"", ""sign_fsw"": ""AS13302S38631S10006S2990eM542x516S37605459x484S13302512x486S2990e477x491"", ""source"": ""Adam Frost"", ""fps"": 29.97, ""duration"": 2.236, ""width"": 1280, ""height"": 720, ""codec"": ""h264""}"
videos/don_t_care.mp4,9b06d396ab01dfea7b41721202a3c832,0,0,en,ase,whatsthatsign,don't care,"{""signpuddle_id"": ""2369"", ""sign_fsw"": ""AS18507S33200S10006S26500S14c30M538x531S33100482x483S18507501x504S26500518x505S14c30514x471"", ""source"": ""Adam Frost"", ""fps"": 30.0, ""duration"": 1.733, ""width"": 1280, ""height"": 720, ""codec"": ""h264""}"
videos/don_t_know_doesn_t_know_didn_t_know.mp4,f0fd6f1470b00339ac319c81037c45ce,0,0,en,ase,whatsthatsign,"don't know, doesn't know, didn't know, dunno, unknown","{""signpuddle_id"": ""385"", ""sign_fsw"": ""AS15a11S30007S10006S20500S28109M549x518S2ff00482x483S15a11510x487S28109527x469"", ""source"": ""Adam Frost"", ""fps"": 29.97, ""duration"": 2.236, ""width"": 1280, ""height"": 720, ""codec"": ""h264""}"
videos/don_t_like_dislike.mp4,6aa91ac0fdf36b81f56695485d83697b,0,0,en,ase,whatsthatsign,"don't like, dislike","{""signpuddle_id"": ""772"", ""sign_fsw"": ""AS1bb02S38510S10006S20500S2d200S14c52M516x544S1bb02488x511S20500502x533S2d200490x484S14c52484x457"", ""source"": ""Adam Frost"", ""fps"": 30.0, ""duration"": 2.833, ""width"": 1280, ""height"": 720, ""codec"": ""h264""}"
videos/don_t_mind_wouldn_t_mind_do_you_mind.mp4,5758d55658d010f98de42ee5003f119b,0,0,en,ase,whatsthatsign,"don't mind, wouldn't mind, do you mind, can you, would you, please","{""signpuddle_id"": ""788"", ""sign_fsw"": ""AS10011S33200S10006S20500S28108M541x534S33100482x483S10011502x504S28108521x489"", ""source"": ""Adam Frost"", ""fps"": 30.0, ""duration"": 2.467, ""width"": 1280, ""height"": 720, ""codec"": ""h264""}"
videos/don_t_want.mp4,dfb51d8acf3c4eadb7d010d2c71f116d,0,0,en,ase,whatsthatsign,don't want,"{""signpuddle_id"": ""1480"", ""sign_fsw"": ""AS14e30S2fe00S14e38S2fe00S38006S2a204S2a21cM535x532S14e30509x469S14e38465x469S2a204510x504S2a21c466x504"", ""source"": ""Adam Frost"", ""fps"": 30.0, ""duration"": 1.8, ""width"": 1280, ""height"": 720, ""codec"": ""h264""}"
videos/door.mp4,e527a17ccb13e0e6a4551dc4c98295c9,0,0,en,ase,whatsthatsign,door,"{""signpuddle_id"": ""501"", ""sign_fsw"": ""AS14720S2fe00S14728S2fe00S21406S20600S2e004M528x516S14720489x485S14728473x485S2e004507x488"", ""source"": ""Adam Frost"", ""fps"": 29.97, ""duration"": 2.002, ""width"": 1280, ""height"": 720, ""codec"": ""h264""}"
videos/dorm_dormitory.mp4,9f097304c08e14c5b79720e38c14e566,0,0,en,ase,whatsthatsign,"dorm, dormitory","{""signpuddle_id"": ""307"", ""sign_fsw"": ""AS10110S30005S10006S20500S26504S20500M544x528S2ff00482x483S10110511x493S26504530x499S20500532x517"", ""source"": ""Adam Frost"", ""fps"": 29.97, ""duration"": 2.836, ""width"": 1280, ""height"": 720, ""codec"": ""h264""}"
videos/down_this_south.mp4,b9c5bdd7ddca1d23976de1b30b09ac50,0,0,en,ase,whatsthatsign,"down, this, south","{""signpuddle_id"": ""2222"", ""sign_fsw"": ""AS10004S2fe00S10006S22a04M508x525S10004493x476S22a04495x510"", ""source"": ""Adam Frost"", ""fps"": 30.0, ""duration"": 1.866, ""width"": 1280, ""height"": 720, ""codec"": ""h264""}"
videos/download.mp4,3867bc62a8fb31cf2961158208d366d7,0,0,en,ase,whatsthatsign,download,"{""signpuddle_id"": ""1754"", ""sign_fsw"": ""AS10120S2fe00S10006S22a03S1dc20M528x529S10120512x471S22a03500x499S1dc20472x499"", ""source"": ""Adam Frost"", ""fps"": 29.97, ""duration"": 1.768, ""width"": 1280, ""height"": 720, ""codec"": ""h264""}"
videos/downloading_recording_download.mp4,bb647c8dfd285154415bcdfb40116d33,0,0,en,ase,whatsthatsign,"downloading, recording, download","{""signpuddle_id"": ""1755"", ""sign_fsw"": ""AS10e17S2fe00S10e19S38006S22f03S22f13S11019S11017M553x534S10e17523x475S10e19483x466S22f03511x491S22f13469x487S11019448x504S11017490x506"", ""source"": ""Adam Frost"", ""fps"": 29.97, ""duration"": 2.102, ""width"": 1280, ""height"": 720, ""codec"": ""h264""}"
videos/draw_drawing_art.mp4,0bd4881cb1a24d1e9c9736617201654e,0,0,en,ase,whatsthatsign,"draw, drawing, art","{""signpuddle_id"": ""1805"", ""sign_fsw"": ""AS19201S2fe00S15a18S2fe00S21406S20e00S22f04M520x523S15a18481x477S19201494x478S20e00495x495S22f04489x509"", ""source"": ""Adam Frost"", ""fps"": 29.97, ""duration"": 2.269, ""width"": 1280, ""height"": 720, ""codec"": ""h264""}"
videos/dream_dreaming.mp4,12a91d89f4eb036e3f36260a88c1fcf5,0,0,en,ase,whatsthatsign,"dream, dreaming","{""signpuddle_id"": ""2053"", ""sign_fsw"": ""AS10011S30007S10006S20500S22a07S10611S21800M565x521S2ff00482x483S10011516x491S22a07530x488S10611542x468S21800539x459"", ""source"": ""Adam Frost"", ""fps"": 29.97, ""duration"": 2.002, ""width"": 1280, ""height"": 720, ""codec"": ""h264""}"
videos/dress.mp4,935a81d2a41548c17f5a63599badc2d9,0,0,en,ase,whatsthatsign,dress,"{""signpuddle_id"": ""66"", ""sign_fsw"": ""AS14c03S38517S14c0bS38511S20e00S2c601S2c610M543x519S14c03505x483S14c0b468x483S20e00494x481S2c601524x493S2c610457x493"", ""source"": ""Adam Frost"", ""fps"": 30.0, ""duration"": 2.233, ""width"": 1280, ""height"": 720, ""codec"": ""h264""}"
videos/dresser.mp4,76b0e6e7144153dee3ba263c3281287c,0,0,en,ase,whatsthatsign,dresser,"{""signpuddle_id"": ""670"", ""sign_fsw"": ""AS20330S2fe00S20338S2fe00S38006S26504S26514S22a24S26504S26514M534x528S20330519x473S20338467x473S22a24494x503S26504520x495S26504520x513S26514467x495S26514467x513"", ""source"": ""Adam Frost"", ""fps"": 29.97, ""duration"": 2.202, ""width"": 1280, ""height"": 720, ""codec"": ""h264""}"
videos/drink_drank_drunk.mp4,fbcadc59b98d6826458288305114486c,0,0,en,ase,whatsthatsign,"drink, drank, drunk, drinking, drinks","{""signpuddle_id"": ""152"", ""sign_fsw"": ""AS16d10S33d00S10006S20500S2c304M555x518S33b00482x483S16d10507x492S2c304528x489"", ""source"": ""Adam Frost"", ""fps"": 30.0, ""duration"": 2.467, ""width"": 1280, ""height"": 720, ""codec"": ""h264""}"
videos/drive.mp4,b475f2c4ef017fc31804ef68d4a99986,0,0,en,ase,whatsthatsign,drive,"{""signpuddle_id"": ""1139"", ""sign_fsw"": ""AS20301S2fe00S20309S2fe00S38006S26500S26510M533x520S20301512x498S20309467x499S26500516x480S26510470x480"", ""source"": ""Adam Frost"", ""fps"": 29.97, ""duration"": 2.302, ""width"": 1280, ""height"": 720, ""codec"": ""h264""}"
videos/drive_round_driving_around.mp4,283b45ffbfe40a6d75a255bb80c21a67,0,0,en,ase,whatsthatsign,"drive round, driving around","{""signpuddle_id"": ""2219"", ""sign_fsw"": ""AS20301S2fe00S20309S2fe00S38006S2ea06S2ea16M536x520S20301511x498S20309466x499S2ea06511x480S2ea16465x480"", ""source"": ""Adam Frost"", ""fps"": 30.0, ""duration"": 2.166, ""width"": 1280, ""height"": 720, ""codec"": ""h264""}"
videos/drop.mp4,fcd44d9cff6a98c982aed3d78c659901,0,0,en,ase,whatsthatsign,drop,"{""signpuddle_id"": ""823"", ""sign_fsw"": ""AS20350S2fe00S10006S22a04S14c50M512x534S20350493x466S22a04494x485S14c50488x503"", ""source"": ""Adam Frost"", ""fps"": 29.97, ""duration"": 2.035, ""width"": 1280, ""height"": 720, ""codec"": ""h264""}"
videos/drown.mp4,1cd4cbaf060268033bfc2c6263073733,0,0,en,ase,whatsthatsign,drown,"{""signpuddle_id"": ""1732"", ""sign_fsw"": ""AS10e00S33200S10006S22a00S11500M531x534S33100482x483S10e00507x504S22a00518x485S11500507x453"", ""source"": ""Adam Frost"", ""fps"": 29.97, ""duration"": 1.735, ""width"": 1280, ""height"": 720, ""codec"": ""h264""}"
videos/dry.mp4,0d1c9cca1b08aca6b4a8d74dea056fa0,0,0,en,ase,whatsthatsign,dry,"{""signpuddle_id"": ""1547"", ""sign_fsw"": ""AS10012S30004S10006S20e00S26506S10612M592x527S2ff00482x483S10012499x512S20e00532x513S26506547x512S10612566x512"", ""source"": ""Adam Frost"", ""fps"": 29.97, ""duration"": 1.735, ""width"": 1280, ""height"": 720, ""codec"": ""h264""}"
videos/duck_ducks.mp4,c05707d634214088104e570b2349e653,0,0,en,ase,whatsthatsign,"duck, ducks","{""signpuddle_id"": ""1454"", ""sign_fsw"": ""AS18520S33d00S10006S20500S22114M518x528S33b00482x483S18520479x513S22114455x507"", ""source"": ""Adam Frost"", ""fps"": 30.0, ""duration"": 1.967, ""width"": 1280, ""height"": 720, ""codec"": ""h264""}"
videos/dumb_stupid.mp4,c5eda034ee5587394b5db366efba13dc,0,0,en,ase,whatsthatsign,"dumb, stupid","{""signpuddle_id"": ""1722"", ""sign_fsw"": ""AS10011S30007S10006S20500S1f730S2fe00S1f758S2fe00S21404S20500M537x549S2ff00482x483S10011516x491S22a03513x521S1f730495x534S1f758487x523"", ""source"": ""Adam Frost"", ""fps"": 29.97, ""duration"": 2.269, ""width"": 1280, ""height"": 720, ""codec"": ""h264""}"
videos/during_while.mp4,989bc54393dcdd097697bbec221c1e7e,0,0,en,ase,whatsthatsign,"during, while","{""signpuddle_id"": ""2022"", ""sign_fsw"": ""AS10050S2fe00S10058S2fe00S38006S2c600S2c611M522x530S10050507x500S10058478x500S2c600501x470S2c611480x470"", ""source"": ""Adam Frost"", ""fps"": 29.97, ""duration"": 1.869, ""width"": 1280, ""height"": 720, ""codec"": ""h264""}"
videos/dust_dust_off_dust_vertical.mp4,5a32033e4ad3a6cbe61b0e75b7b20c4a,0,0,en,ase,whatsthatsign,"dust, dust off, dust vertical, wipe, wipe off, wipe vertical","{""signpuddle_id"": ""2271"", ""sign_fsw"": ""AS1f720S2fe00S10006S29904M510x526S1f720490x475S29904495x494"", ""source"": ""Adam Frost"", ""fps"": 30.0, ""duration"": 2.0, ""width"": 1280, ""height"": 720, ""codec"": ""h264""}"
videos/duty.mp4,d64948a190c9d69f5c332bfbc2a0e6e7,0,0,en,ase,whatsthatsign,duty,"{""signpuddle_id"": ""1540"", ""sign_fsw"": ""AS10150S2fe00S2035aS2fe00S21400S20600M521x523S10150480x477S2035a490x508S20600499x493"", ""source"": ""Adam Frost"", ""fps"": 30.0, ""duration"": 1.9, ""width"": 1280, ""height"": 720, ""codec"": ""h264""}"
videos/each_every.mp4,053ac7cfa34b4e7ab60f179fdd214a6b,0,0,en,ase,whatsthatsign,"each, every","{""signpuddle_id"": ""347"", ""sign_fsw"": ""AS1f740S2fe00S1f748S2fe00S21406S20e00S22a04M521x524S1f740501x476S1f748479x485S20e00503x494S22a04502x509"", ""source"": ""Adam Frost"", ""fps"": 29.97, ""duration"": 1.869, ""width"": 1280, ""height"": 720, ""codec"": ""h264""}"
videos/eager_enthusiastic_motivate.mp4,2355a0e8dcb322234d7bfe219538f171,0,0,en,ase,whatsthatsign,"eager, enthusiastic, motivate, keen, zealous","{""signpuddle_id"": ""398"", ""sign_fsw"": ""AS15a40S2fe00S15a48S2fe00S21406S21100S27100S27114M542x530S15a40501x503S15a48487x503S21100493x487S27100502x471S27114458x471"", ""source"": ""Adam Frost"", ""fps"": 30.0, ""duration"": 2.433, ""width"": 1280, ""height"": 720, ""codec"": ""h264""}"
videos/eagle_eagles.mp4,165dda0157086ebb28e3cafa768f304d,0,0,en,ase,whatsthatsign,"eagle, eagles","{""signpuddle_id"": ""1456"", ""sign_fsw"": ""AS10620S33200S10006S20600M518x531S33100482x483S10620495x505S20600476x519"", ""source"": ""Adam Frost"", ""fps"": 29.97, ""duration"": 1.969, ""width"": 1280, ""height"": 720, ""codec"": ""h264""}"
videos/ear.mp4,ea19070b944fd1e857128eb01c034115,0,0,en,ase,whatsthatsign,ear,"{""signpuddle_id"": ""1930"", ""sign_fsw"": ""AS1ea20S33010S10006S20800S27106M555x537S33010479x483S1ea20514x503S20800523x495S27106540x497"", ""source"": ""Adam Frost"", ""fps"": 29.97, ""duration"": 1.869, ""width"": 1280, ""height"": 720, ""codec"": ""h264""}"
videos/early.mp4,8615edce62d0033c4bd5b5424698de43,0,0,en,ase,whatsthatsign,early,"{""signpuddle_id"": ""1035"", ""sign_fsw"": ""AS1c551S2fe00S2035aS2fe00S21400S20e00S26500M521x523S2035a491x508S1c551496x486S20e00481x495S26500480x478"", ""source"": ""Adam Frost"", ""fps"": 29.97, ""duration"": 2.436, ""width"": 1280, ""height"": 720, ""codec"": ""h264""}"
videos/earn_deserve.mp4,e89a6acb1fa2df5d6676b393f9639bd8,0,0,en,ase,whatsthatsign,"earn, deserve","{""signpuddle_id"": ""1652"", ""sign_fsw"": ""AS15441S2fe00S15a39S2fe00S21400S20e00S26503S20341M528x528S15a39491x493S15441504x472S20e00492x481S26503479x492S20341473x507"", ""source"": ""Adam Frost"", ""fps"": 29.97, ""duration"": 1.868, ""width"": 1280, ""height"": 720, ""codec"": ""h264""}"
videos/earth_planet.mp4,fa347e91789453a30bfbead817442c22,0,0,en,ase,whatsthatsign,"earth, planet","{""signpuddle_id"": ""1825"", ""sign_fsw"": ""AS1bb11S2fe00S2031aS2fe00S21400S20800S2c500M520x533S2031a488x518S1bb11489x493S20800507x521S2c500480x467"", ""source"": ""Adam Frost"", ""fps"": 29.97, ""duration"": 2.069, ""width"": 1280, ""height"": 720, ""codec"": ""h264""}"
videos/east_eastern.mp4,593bc02adb1ad253a382dbfd3247eef6,0,0,en,ase,whatsthatsign,"east, eastern","{""signpuddle_id"": ""291"", ""sign_fsw"": ""AS14a20S2fe00S10006S26506M517x508S14a20483x493S26506502x494"", ""source"": ""Adam Frost"", ""fps"": 29.97, ""duration"": 2.269, ""width"": 1280, ""height"": 720, ""codec"": ""h264""}"
videos/easy.mp4,72f98ef2b09731520f294a353254858e,0,0,en,ase,whatsthatsign,easy,"{""signpuddle_id"": ""146"", ""sign_fsw"": ""AS15a02S2fe00S15a0aS2fe00S21410S20e00S26a04M522x522S15a02495x479S15a0a479x483S20e00501x494S26a04494x508"", ""source"": ""Adam Frost"", ""fps"": 29.97, ""duration"": 3.47, ""width"": 1280, ""height"": 720, ""codec"": ""h264""}"
videos/eat.mp4,1f89d197360626512a24b45e29103249,0,0,en,ase,whatsthatsign,eat,"{""signpuddle_id"": ""437"", ""sign_fsw"": ""AS18507S33d00S10006S20500M521x537S33b00482x483S18507502x510"", ""source"": ""Adam Frost"", ""fps"": 29.97, ""duration"": 1.869, ""width"": 1280, ""height"": 720, ""codec"": ""h264""}"
videos/economy_economics_economic.mp4,3c567b3146c2dab34eed6e5f576dce6d,0,0,en,ase,whatsthatsign,"economy, economics, economic, economical","{""signpuddle_id"": ""1826"", ""sign_fsw"": ""AS14a31S2fe00S15a39S2fe00S21400S20600M519x517S15a39482x485S14a31497x483S20600497x506"", ""source"": ""Adam Frost"", ""fps"": 29.97, ""duration"": 1.935, ""width"": 1280, ""height"": 720, ""codec"": ""h264""}"
videos/egg_eggs.mp4,2b758207dd4121bf3fee3811bfe73237,0,0,en,ase,whatsthatsign,"egg, eggs","{""signpuddle_id"": ""978"", ""sign_fsw"": ""AS11541S2fe00S11549S2fe00S21400S20e00S2a304S2a31cM525x539S11541498x462S11549479x469S2a304502x492S2a31c476x499"", ""source"": ""Adam Frost"", ""fps"": 29.97, ""duration"": 2.469, ""width"": 1280, ""height"": 720, ""codec"": ""h264""}"
videos/eight_months_8_months.mp4,3110178006209f71e0ca5c7adbe4fe5c,0,0,en,ase,whatsthatsign,"eight months, 8 months","{""signpuddle_id"": ""1432"", ""sign_fsw"": ""AS1bb02S2fe00S10028S2fe00S21414S20e00S22a04M520x528S10028480x473S1bb02492x474S20e00504x497S22a04503x513"", ""source"": ""Adam Frost"", ""fps"": 29.97, ""duration"": 1.902, ""width"": 1280, ""height"": 720, ""codec"": ""h264""}"
videos/eight_weeks_8_weeks.mp4,90030802f0dbe6327a1475caeec4716e,0,0,en,ase,whatsthatsign,"eight weeks, 8 weeks","{""signpuddle_id"": ""886"", ""sign_fsw"": ""AS1bb50S2fe00S15a36S2fe00S21400S20e00S26506M528x518S15a36472x506S1bb50475x482S20e00497x496S26506513x495"", ""source"": ""Adam Frost"", ""fps"": 30.0, ""duration"": 2.267, ""width"": 1280, ""height"": 720, ""codec"": ""h264""}"
videos/eight_weeks_ego_8_weeks_ago.mp4,7d1aaa0ae6558dbe6f89d92f2f812574,0,0,en,ase,whatsthatsign,"eight weeks ego, 8 weeks ago","{""signpuddle_id"": ""894"", ""sign_fsw"": ""AS1bb50S2fe00S15a36S2fe00S21400S20e00S2d50aM529x518S15a36471x506S1bb50475x482S20e00496x496S2d50a510x502"", ""source"": ""Adam Frost"", ""fps"": 29.97, ""duration"": 2.736, ""width"": 1280, ""height"": 720, ""codec"": ""h264""}"
videos/eight_years_old_8_years_old_age_eight.mp4,ce7554f1e7ca3d8350f403cc6f7acb0c,0,0,en,ase,whatsthatsign,"eight years old, 8 years old, age eight, age 8, eight, 8","{""signpuddle_id"": ""1398"", ""sign_fsw"": ""AS1bb20S30004S10006S20500S2c601M537x541S2ff00482x483S1bb20498x513S2c601518x512"", ""source"": ""Adam Frost"", ""fps"": 30.0, ""duration"": 1.967, ""width"": 1280, ""height"": 720, ""codec"": ""h264""}"
videos/eighteen_years_old_18_years_old_age_eighteen.mp4,3a6d79f5404a06f611fe0fdd401d42b4,0,0,en,ase,whatsthatsign,"eighteen years old, 18 years old, age eighteen, age 18, eighteen, 18","{""signpuddle_id"": ""1411"", ""sign_fsw"": ""AS10000S30004S10006S20500S2c601S1f540S1bb20M563x543S2ff00482x483S10000487x513S2c601513x512S1f540522x484S1bb20542x480"", ""source"": ""Adam Frost"", ""fps"": 29.97, ""duration"": 2.035, ""width"": 1280, ""height"": 720, ""codec"": ""h264""}"
videos/eighth_8th.mp4,5bd2a2c0f80da959b7c55386f8fd554c,0,0,en,ase,whatsthatsign,"eighth, 8th","{""signpuddle_id"": ""1115"", ""sign_fsw"": ""AS1bb11S2fe00S10006S2c300M517x525S1bb11484x498S2c300491x476"", ""source"": ""Adam Frost"", ""fps"": 29.97, ""duration"": 1.902, ""width"": 1280, ""height"": 720, ""codec"": ""h264""}"
videos/election_vote_tea.mp4,75ea716a8b0988332d6f0e166a5ede35,0,0,en,ase,whatsthatsign,"election, vote, tea","{""signpuddle_id"": ""2028"", ""sign_fsw"": ""AS1ce51S2fe00S17648S2fe00S21400S20710M526x524S17648474x498S1ce51474x476S20710492x509"", ""source"": ""Adam Frost"", ""fps"": 29.97, ""duration"": 2.202, ""width"": 1280, ""height"": 720, ""codec"": ""h264""}"
videos/electricity_power_battery.mp4,2c781a208d1fe602e8a28e04f057cb8f,0,0,en,ase,whatsthatsign,"electricity, power, battery, charger, electric","{""signpuddle_id"": ""1745"", ""sign_fsw"": ""AS10602S2fe00S1060aS2fe00S21406S20600M527x514S10602501x499S1060a474x499S20600489x486"", ""source"": ""Adam Frost"", ""fps"": 29.97, ""duration"": 2.102, ""width"": 1280, ""height"": 720, ""codec"": ""h264""}"
videos/elephant_elephants.mp4,4869eb169d71811369d9c4f24a8644a2,0,0,en,ase,whatsthatsign,"elephant, elephants","{""signpuddle_id"": ""1440"", ""sign_fsw"": ""AS15a20S33200S10006S20500S2c101M533x533S33100482x483S15a20494x506S2c101510x502"", ""source"": ""Adam Frost"", ""fps"": 30.0, ""duration"": 1.967, ""width"": 1280, ""height"": 720, ""codec"": ""h264""}"
videos/elevator.mp4,35f8baa2351bb74b57de15e776e5096b,0,0,en,ase,whatsthatsign,elevator,"{""signpuddle_id"": ""349"", ""sign_fsw"": ""AS14a20S2fe00S15a18S2fe00S21406S21100S23600M527x525S15a18474x494S14a20486x510S21100488x493S23600488x476"", ""source"": ""Adam Frost"", ""fps"": 29.97, ""duration"": 2.736, ""width"": 1280, ""height"": 720, ""codec"": ""h264""}"
videos/eleven_years_old_11_years_old_age_eleven.mp4,7de0f38a9c7d7b4cf2dde8bd932f6a7a,0,0,en,ase,whatsthatsign,"eleven years old, 11 years old, age eleven, age 11, eleven, 11","{""signpuddle_id"": ""1401"", ""sign_fsw"": ""AS10000S30004S10006S20500S2c601S21d00M545x543S2ff00482x483S10000487x513S2c601513x512S10000522x478S21d00527x467"", ""source"": ""Adam Frost"", ""fps"": 29.97, ""duration"": 2.102, ""width"": 1280, ""height"": 720, ""codec"": ""h264""}"
videos/email.mp4,eaa11b3763c8d1bdaa7843d5dad863ea,0,0,en,ase,whatsthatsign,email,"{""signpuddle_id"": ""1786"", ""sign_fsw"": ""AS10012S2fe00S16d18S2fe00S38006S26b00M521x523S16d18479x498S10012491x508S26b00490x477"", ""source"": ""Adam Frost"", ""fps"": 29.97, ""duration"": 2.002, ""width"": 1280, ""height"": 720, ""codec"": ""h264""}"
videos/embarrass_gulp.mp4,1d5ad466f006da1705171abb910755b2,0,0,en,ase,whatsthatsign,"embarrass, gulp","{""signpuddle_id"": ""443"", ""sign_fsw"": ""AS20311S38404S10006S20500S21600M518x539S2ff00482x483S20311490x518S21600484x517"", ""source"": ""Adam Frost"", ""fps"": 30.0, ""duration"": 1.767, ""width"": 1280, ""height"": 720, ""codec"": ""h264""}"
videos/emergency.mp4,1b1a658aed003876582f7b0c679add57,0,0,en,ase,whatsthatsign,emergency,"{""signpuddle_id"": ""2365"", ""sign_fsw"": ""AS14a20S2fe00S10006S27106M517x520S14a20483x492S27106502x480"", ""source"": ""Adam Frost"", ""fps"": 30.0, ""duration"": 2.033, ""width"": 1280, ""height"": 720, ""codec"": ""h264""}"
videos/empty_empty_out_dump.mp4,a4bb8eac763ca402ded62ef6ebf39309,0,0,en,ase,whatsthatsign,"empty, empty out, dump, dump out, discard, throw away, throw out, toss out","{""signpuddle_id"": ""1527"", ""sign_fsw"": ""AS16d40S2fe00S16d48S2fe00S38006S28809S28819M529x522S16d40504x502S16d48471x502S28809509x478S28819476x478"", ""source"": ""Adam Frost"", ""fps"": 29.97, ""duration"": 1.835, ""width"": 1280, ""height"": 720, ""codec"": ""h264""}"
videos/end.mp4,c113757df059021e07dbf6d28c092da1,0,0,en,ase,whatsthatsign,end,"{""signpuddle_id"": ""911"", ""sign_fsw"": ""AS15a40S2fe00S15a0aS2fe00S38006S22a04M522x523S15a0a478x486S15a40509x477S22a04509x508"", ""source"": ""Adam Frost"", ""fps"": 29.97, ""duration"": 2.502, ""width"": 1280, ""height"": 720, ""codec"": ""h264""}"
videos/engaged_engagement.mp4,df6cee7fc656618768ba1aa5704f2959,0,0,en,ase,whatsthatsign,"engaged, engagement","{""signpuddle_id"": ""1161"", ""sign_fsw"": ""AS14a50S2fe00S14c59S2fe00S21400S20500M514x519S14c59487x493S14a50496x481"", ""source"": ""Adam Frost"", ""fps"": 29.97, ""duration"": 2.069, ""width"": 1280, ""height"": 720, ""codec"": ""h264""}"
videos/engagement_engaged.mp4,fbcabe0a06feef7a7fe54fa87fb65178,0,0,en,ase,whatsthatsign,"engagement, engaged","{""signpuddle_id"": ""1384"", ""sign_fsw"": ""AS14a50S2fe00S14c59S2fe00S21400S2e736S20500M514x529S14c59486x503S14a50495x491S2e736489x472"", ""source"": ""Adam Frost"", ""fps"": 29.97, ""duration"": 1.969, ""width"": 1280, ""height"": 720, ""codec"": ""h264""}"
videos/enjoy_pleasure_entertain.mp4,f7b54984e30686d751522b4a0927dee8,0,0,en,ase,whatsthatsign,"enjoy, pleasure, entertain, amuse, appreciate, enjoyment, amusement, entertainment","{""signpuddle_id"": ""1541"", ""sign_fsw"": ""AS15a01S38510S15a06S38530S21100S21100S2e500S2e518M514x532S15a01491x468S15a06486x504S21100486x483S21100492x518"", ""source"": ""Adam Frost"", ""fps"": 29.97, ""duration"": 2.135, ""width"": 1280, ""height"": 720, ""codec"": ""h264""}"
videos/enough.mp4,a5f5aa99ade1fa9eaef18fcba0aa7f1a,0,0,en,ase,whatsthatsign,enough,"{""signpuddle_id"": ""2084"", ""sign_fsw"": ""AS14c51S2fe00S20348S2fe00S21400S20e00S26500M514x537S20348497x522S14c51487x497S20e00498x482S26500497x464"", ""source"": ""Adam Frost"", ""fps"": 30.0, ""duration"": 1.8, ""width"": 1280, ""height"": 720, ""codec"": ""h264""}"
videos/enter_start_entrance.mp4,95ee507ffdb4180add95cea87d5de530,0,0,en,ase,whatsthatsign,"enter, start, entrance","{""signpuddle_id"": ""337"", ""sign_fsw"": ""AS15a50S2fe00S15a5aS2fe00S21404S21100S2c600M525x523S15a50509x496S15a5a498x485S21100493x502S2c600476x477"", ""source"": ""Adam Frost"", ""fps"": 29.97, ""duration"": 2.202, ""width"": 1280, ""height"": 720, ""codec"": ""h264""}"
videos/equal_even_fair.mp4,381858f900ac1d990fb0a610ca1c0a72,0,0,en,ase,whatsthatsign,"equal, even, fair, tie","{""signpuddle_id"": ""118"", ""sign_fsw"": ""AS18210S2fe00S18218S2fe00S21406S20600M524x515S18210501x500S18218476x500S20600489x486"", ""source"": ""Adam Frost"", ""fps"": 29.97, ""duration"": 2.669, ""width"": 1280, ""height"": 720, ""codec"": ""h264""}"
videos/errands_do_errands.mp4,cffd487a7e2968976237a2605298155d,0,0,en,ase,whatsthatsign,"errands, do errands","{""signpuddle_id"": ""2220"", ""sign_fsw"": ""AS1f437S2fe00S1f43fS2fe00S38006S22113S22115S2ea06S2ea16M529x530S1f437506x481S1f43f474x481S22113510x470S22115471x470S2ea06504x515S2ea16472x515"", ""source"": ""Adam Frost"", ""fps"": 30.0, ""duration"": 2.3, ""width"": 1280, ""height"": 720, ""codec"": ""h264""}"
videos/escape_retreat_run_away.mp4,da8cfdd4bb28aef92e3e983933db53fe,0,0,en,ase,whatsthatsign,"escape, retreat, run away","{""signpuddle_id"": ""2080"", ""sign_fsw"": ""AS10020S2fe00S14c1aS2fe00S21406S21000S26506M537x518S14c1a464x482S10020491x488S21000498x483S26506522x483"", ""source"": ""Adam Frost"", ""fps"": 29.97, ""duration"": 1.668, ""width"": 1280, ""height"": 720, ""codec"": ""h264""}"
videos/establish_set_up_form.mp4,64692c9f9b4e7fb22be32019b2d7f0aa,0,0,en,ase,whatsthatsign,"establish, set up, form, found, create","{""signpuddle_id"": ""1663"", ""sign_fsw"": ""AS1f540S2fe00S2031aS2fe00S21400S2c300S20500M523x521S2031a477x506S1f540479x480S2c300497x494"", ""source"": ""Adam Frost"", ""fps"": 29.97, ""duration"": 1.968, ""width"": 1280, ""height"": 720, ""codec"": ""h264""}"
videos/establish_set_up_from.mp4,3d1ae9d3f60993ad9ca7c7d1e39c956c,0,0,en,ase,whatsthatsign,"establish, set up, from, found, create","{""signpuddle_id"": ""1664"", ""sign_fsw"": ""AS1f540S2fe00S2031aS2fe00S21400S2ef00S20500M517x524S2031a483x509S1f540485x483S2ef00499x477"", ""source"": ""Adam Frost"", ""fps"": 30.0, ""duration"": 1.9, ""width"": 1280, ""height"": 720, ""codec"": ""h264""}"
videos/evening_night_p.m..mp4,63624db2ba629fc0cc1e0de7aac67e7a,0,0,en,ase,whatsthatsign,"evening, night, p.m., pm","{""signpuddle_id"": ""754"", ""sign_fsw"": ""AS18220S2fe00S2031aS2fe00S21414S20600M526x516S2031a485x501S18220474x485S20600504x496"", ""source"": ""Adam Frost"", ""fps"": 29.97, ""duration"": 1.968, ""width"": 1280, ""height"": 720, ""codec"": ""h264""}"
videos/events_event.mp4,f08f6ac3d12b144209222f5d3e797fc6,0,0,en,ase,whatsthatsign,"events, event","{""signpuddle_id"": ""1726"", ""sign_fsw"": ""AS1c501S38517S1c509S38511S20e00S28809S28811S28809S28811M543x525S1c501507x500S1c509468x500S20e00494x497S28809502x476S28811478x476S28809523x476S28811457x476"", ""source"": ""Adam Frost"", ""fps"": 29.97, ""duration"": 2.069, ""width"": 1280, ""height"": 720, ""codec"": ""h264""}"
videos/every_afternoon.mp4,eaf8cbc9dc037b080c0ff11fcdf5ed8c,0,0,en,ase,whatsthatsign,every afternoon,"{""signpuddle_id"": ""751"", ""sign_fsw"": ""AS15a50S2fe00S15a1aS38615S20500S26506M522x532S15a50491x468S37800496x495S15a1a478x520S26506507x475"", ""source"": ""Adam Frost"", ""fps"": 29.97, ""duration"": 3.103, ""width"": 1280, ""height"": 720, ""codec"": ""h264""}"
videos/every_day_daily_everyday.mp4,71d15e75f760cb7479fba1db76e2111c,0,0,en,ase,whatsthatsign,"every day, daily, everyday","{""signpuddle_id"": ""755"", ""sign_fsw"": ""AS1f710S30005S10006S20e00S26a00M541x520S2ff00482x483S1f710514x505S20e00521x490S26a00514x474"", ""source"": ""Adam Frost"", ""fps"": 30.0, ""duration"": 2.6, ""width"": 1280, ""height"": 720, ""codec"": ""h264""}"
videos/every_hour_hourly.mp4,5c76d7bd1a44eee872333966ff4276bd,0,0,en,ase,whatsthatsign,"every hour, hourly","{""signpuddle_id"": ""759"", ""sign_fsw"": ""AS10010S2fe00S15a18S2fe00S21406S2ea00S20500M515x530S15a18485x493S10010498x471S2ea00500x505"", ""source"": ""Adam Frost"", ""fps"": 30.0, ""duration"": 2.7, ""width"": 1280, ""height"": 720, ""codec"": ""h264""}"
videos/every_month_monthly_rent.mp4,531283ff098145085f90f8867a59f123,0,0,en,ase,whatsthatsign,"every month, monthly, rent","{""signpuddle_id"": ""758"", ""sign_fsw"": ""AS10002S2fe00S10028S2fe00S21414S20e00S22f04M522x525S10028479x476S10002487x478S20e00503x496S22f04497x511"", ""source"": ""Adam Frost"", ""fps"": 30.0, ""duration"": 1.967, ""width"": 1280, ""height"": 720, ""codec"": ""h264""}"
videos/every_morning.mp4,8ad82d3e5a5ef25949d458303df2bf21,0,0,en,ase,whatsthatsign,every morning,"{""signpuddle_id"": ""749"", ""sign_fsw"": ""AS15a30S2fe00S15a5aS38617S20500S26506M523x530S15a30492x471S37800497x498S15a5a477x516S26506508x479"", ""source"": ""Adam Frost"", ""fps"": 30.0, ""duration"": 3.533, ""width"": 1280, ""height"": 720, ""codec"": ""h264""}"
videos/every_night_nightly_every_evening.mp4,23960624324963502c67bea3d7584969,0,0,en,ase,whatsthatsign,"every night, nightly, every evening","{""signpuddle_id"": ""753"", ""sign_fsw"": ""AS18220S2fe00S2031aS2fe00S21414S20500S26526M523x516S2031a489x501S18220478x485S26526508x494"", ""source"": ""Adam Frost"", ""fps"": 29.97, ""duration"": 3.403, ""width"": 1280, ""height"": 720, ""codec"": ""h264""}"
videos/every_week_weekly.mp4,c3797deb09ca8a83f3cf9265a1a08167,0,0,en,ase,whatsthatsign,"every week, weekly","{""signpuddle_id"": ""756"", ""sign_fsw"": ""AS10050S2fe00S15a36S2fe00S21400S20e00S26a06M528x519S15a36472x507S10050477x482S20e00499x497S26a06514x489"", ""source"": ""Adam Frost"", ""fps"": 29.97, ""duration"": 2.302, ""width"": 1280, ""height"": 720, ""codec"": ""h264""}"
videos/example.mp4,e733d9490bbb30d01334fcd432397537,0,0,en,ase,whatsthatsign,example,"{""signpuddle_id"": ""319"", ""sign_fsw"": ""AS10012S2fe00S15a18S2fe00S21406S20500S26a20M521x525S15a18480x493S10012491x510S26a20484x475"", ""source"": ""Adam Frost"", ""fps"": 29.97, ""duration"": 2.102, ""width"": 1280, ""height"": 720, ""codec"": ""h264""}"
videos/excite_excited_excitement.mp4,457eec277c726e51c38581d20b1e41c4,0,0,en,ase,whatsthatsign,"excite, excited, excitement","{""signpuddle_id"": ""1667"", ""sign_fsw"": ""AS1c501S38517S1c509S38511S20e00S2ea00S2ea4cM530x533S1c501505x468S1c509470x482S20e00496x509S2ea00511x494S2ea4c479x508"", ""source"": ""Adam Frost"", ""fps"": 29.97, ""duration"": 2.369, ""width"": 1280, ""height"": 720, ""codec"": ""h264""}"
videos/excuse_forgive_lay_off.mp4,a94ed42cd88da46270c5af45b2b36fe9,0,0,en,ase,whatsthatsign,"excuse, forgive, lay off, pardon, acquit","{""signpuddle_id"": ""2363"", ""sign_fsw"": ""AS18220S2fe00S15a39S2fe00S21400S20e00S26507M527x520S15a39473x492S18220480x505S20e00503x493S26507514x481"", ""source"": ""Adam Frost"", ""fps"": 30.0, ""duration"": 2.033, ""width"": 1280, ""height"": 720, ""codec"": ""h264""}"
videos/exit_leave_out.mp4,c448ce7cb249267bfe1e2de01505ba54,0,0,en,ase,whatsthatsign,"exit, leave, out","{""signpuddle_id"": ""338"", ""sign_fsw"": ""AS14c13S2fe00S16d48S2fe00S21406S20500S2880aS18517M541x520S16d48459x499S14c13471x490S2880a497x481S18517522x493"", ""source"": ""Adam Frost"", ""fps"": 29.97, ""duration"": 3.203, ""width"": 1280, ""height"": 720, ""codec"": ""h264""}"
videos/expensive_pricey.mp4,5ac0b128341c35c7f2307f0b22c8bdaa,0,0,en,ase,whatsthatsign,"expensive, pricey","{""signpuddle_id"": ""1901"", ""sign_fsw"": ""AS18550S2fe00S15a37S2fe00S21400S20500S24b3aS14c50M546x517S15a37454x483S18550462x497S24b3a490x494S14c50522x486"", ""source"": ""Adam Frost"", ""fps"": 29.97, ""duration"": 1.935, ""width"": 1280, ""height"": 720, ""codec"": ""h264""}"
videos/explain_describe_define.mp4,03202c5a7bc3b7b22153e29dad3e7a90,0,0,en,ase,whatsthatsign,"explain, describe, define","{""signpuddle_id"": ""89"", ""sign_fsw"": ""AS1ce40S2fe00S1ce48S2fe00S38006S27100S27114M542x525S1ce40509x495S1ce48470x495S27100502x476S27114459x475"", ""source"": ""Adam Frost"", ""fps"": 29.97, ""duration"": 2.102, ""width"": 1280, ""height"": 720, ""codec"": ""h264""}"
videos/eyebrows_down.mp4,7b1dd1e73834c4d6f3c28b7ad1923e39,0,0,en,ase,whatsthatsign,eyebrows down,"{""signpuddle_id"": ""417"", ""sign_fsw"": ""AS30c00M518x518S30c00482x483"", ""source"": ""Adam Frost"", ""fps"": 29.97, ""duration"": 1.768, ""width"": 1280, ""height"": 720, ""codec"": ""h264""}"
videos/eyebrows_up.mp4,d8d1a71a7a8a28486c9c67116546b058,0,0,en,ase,whatsthatsign,eyebrows up,"{""signpuddle_id"": ""416"", ""sign_fsw"": ""AS30a00M518x518S30a00482x483"", ""source"": ""Adam Frost"", ""fps"": 29.97, ""duration"": 1.268, ""width"": 1280, ""height"": 720, ""codec"": ""h264""}"
videos/eyes.mp4,a9ea0f85109de419f6a70f63f8b6c378,0,0,en,ase,whatsthatsign,eyes,"{""signpuddle_id"": ""1931"", ""sign_fsw"": ""AS10001S31410S10006S20500S26502S20500M528x534S31400482x483S10001507x501S26502490x520S20500477x521"", ""source"": ""Adam Frost"", ""fps"": 30.0, ""duration"": 1.8, ""width"": 1280, ""height"": 720, ""codec"": ""h264""}"
videos/fair_carnival_ferris_wheel.mp4,29a16f10e5feadd82000d23d4cfa9ae0,0,0,en,ase,whatsthatsign,"fair, carnival, ferris wheel, amusement park, circus","{""signpuddle_id"": ""1590"", ""sign_fsw"": ""AS11020S2fe00S11028S2fe00S38006S2ea00S2ea4cM527x535S11020506x466S11028474x478S2ea00512x498S2ea4c476x510"", ""source"": ""Adam Frost"", ""fps"": 30.0, ""duration"": 2.167, ""width"": 1280, ""height"": 720, ""codec"": ""h264""}"
videos/fairy_faries.mp4,2ed2674be28d61b4c0b51cb4a513a45c,0,0,en,ase,whatsthatsign,"fairy, faries","{""signpuddle_id"": ""1827"", ""sign_fsw"": ""AS1ce11S38507S1ce19S38501S20500S20500S2df08S2df10M556x516S36d00479x512S1ce11512x487S1ce19465x487S2df08535x484S2df10444x484"", ""source"": ""Adam Frost"", ""fps"": 29.97, ""duration"": 2.102, ""width"": 1280, ""height"": 720, ""codec"": ""h264""}"
videos/fake_false_step-.mp4,e5d2782531e7bd52bc849d475f4aa41f,0,0,en,ase,whatsthatsign,"fake, false, step-","{""signpuddle_id"": ""464"", ""sign_fsw"": ""AS10011S33200S10006S20e00S26502M523x535S33100482x483S10011502x505S20e00488x520S26502470x519"", ""source"": ""Adam Frost"", ""fps"": 29.97, ""duration"": 2.536, ""width"": 1280, ""height"": 720, ""codec"": ""h264""}"
videos/fall_behind_behind_in_lag.mp4,65c3f4e84fe9d87eb669d8ba8987883e,0,0,en,ase,whatsthatsign,"fall behind, behind in, lag, avoid","{""signpuddle_id"": ""781"", ""sign_fsw"": ""AS1f540S2fe00S1f548S2fe00S21414S20500S26504M513x526S1f548487x474S1f540498x484S26504499x511"", ""source"": ""Adam Frost"", ""fps"": 30.0, ""duration"": 2.0, ""width"": 1280, ""height"": 720, ""codec"": ""h264""}"
videos/fall_in_love_enamored_with_enamored_by.mp4,4d378bcd8b908eaa0fc918805e8d3f2d,0,0,en,ase,whatsthatsign,"fall in love, enamored with, enamored by, enamored of, enamored, smitten with, smitten","{""signpuddle_id"": ""1321"", ""sign_fsw"": ""AS10050S2fe00S15a38S2fe00S21400S20500S26500S20500M517x519S15a38483x482S10050488x489S26500503x495S20500497x483"", ""source"": ""Adam Frost"", ""fps"": 30.0, ""duration"": 2.4, ""width"": 1280, ""height"": 720, ""codec"": ""h264""}"
videos/family.mp4,29643b4ce60f8cead59cf8aeb3a583dc,0,0,en,ase,whatsthatsign,family,"{""signpuddle_id"": ""1317"", ""sign_fsw"": ""AS14c20S2fe00S14c28S2fe00S21406S20500S2df06S2df1eS18537S1853fS20500M525x545S14c20502x514S14c28476x514S2df06502x486S2df1e479x486S18537501x456S1853f481x456"", ""source"": ""Adam Frost"", ""fps"": 30.0, ""duration"": 2.0, ""width"": 1280, ""height"": 720, ""codec"": ""h264""}"
videos/family_room.mp4,bad71fd19e35fa35d84e059c97d9b273,0,0,en,ase,whatsthatsign,family room,"{""signpuddle_id"": ""2376"", ""sign_fsw"": ""AS1ce20S2fe00S1ce28S2fe00S38006S2df06S2df1eS15a40S2fe00S15a48S2fe00S38005S26902S26916M524x560S1ce20502x469S1ce28477x469S2df06502x441S2df1e479x441S15a40512x533S15a48476x508S26902491x541S26916491x517"", ""source"": ""Adam Frost"", ""fps"": 30.0, ""duration"": 2.1, ""width"": 1280, ""height"": 720, ""codec"": ""h264""}"
videos/famous.mp4,4bfaad1f1d81f1f3e2b965ce5728caea,0,0,en,ase,whatsthatsign,famous,"{""signpuddle_id"": ""1238"", ""sign_fsw"": ""AS10001S30005S10009S30003S20500S20500S2bd07S2bd12M547x540S2ff00482x483S10001506x510S10009474x510S2bd07519x502S2bd12454x502"", ""source"": ""Adam Frost"", ""fps"": 29.97, ""duration"": 2.202, ""width"": 1280, ""height"": 720, ""codec"": ""h264""}"
videos/fantasy.mp4,668527ed88634f4548a676d6c4b8b4df,0,0,en,ase,whatsthatsign,fantasy,"{""signpuddle_id"": ""1828"", ""sign_fsw"": ""AS1ce10S30007S1ce18S30001S2ea00S2ea4cM539x518S2ff00482x483S1ce10517x443S1ce18460x443S2ea00519x475S2ea4c469x475"", ""source"": ""Adam Frost"", ""fps"": 30.0, ""duration"": 2.2, ""width"": 1280, ""height"": 720, ""codec"": ""h264""}"
videos/farm_farming_ranch.mp4,3f763ec144fb4ea44304c59dcb150ac9,0,0,en,ase,whatsthatsign,"farm, farming, ranch","{""signpuddle_id"": ""1913"", ""sign_fsw"": ""AS14c11S30004S10006S20e00S26a06M524x538S2ff00482x483S14c11468x504S20e00495x519S26a06510x511"", ""source"": ""Adam Frost"", ""fps"": 29.97, ""duration"": 2.002, ""width"": 1280, ""height"": 720, ""codec"": ""h264""}"
videos/fashion.mp4,be8bc232b6e856354e5e8bc97612e5ba,0,0,en,ase,whatsthatsign,fashion,"{""signpuddle_id"": ""910"", ""sign_fsw"": ""AS14c03S38517S14c0bS38511S20e00S2c601S2c610S2c601S2c610S2fd04M557x520S14c03505x483S14c0b468x483S20e00494x481S2c601524x493S2c601538x493S2c610457x493S2c610443x493S2fd04488x514"", ""source"": ""Adam Frost"", ""fps"": 29.97, ""duration"": 2.736, ""width"": 1280, ""height"": 720, ""codec"": ""h264""}"
videos/fast_quick_quickly.mp4,5a665773cba49384d8e4ac27b23a120f,0,0,en,ase,whatsthatsign,"fast, quick, quickly","{""signpuddle_id"": ""1304"", ""sign_fsw"": ""AS14c41S2fe00S14c4fS2fe00S38006S26505S26515S20341S2034fM548x529S14c41492x472S14c4f452x473S26505518x498S26515478x499S20341527x508S2034f488x508"", ""source"": ""Adam Frost"", ""fps"": 29.97, ""duration"": 2.436, ""width"": 1280, ""height"": 720, ""codec"": ""h264""}"
videos/father_dad_papa.mp4,bddcb757cff0712c59d7b51ac80ad831,0,0,en,ase,whatsthatsign,"father, dad, papa","{""signpuddle_id"": ""472"", ""sign_fsw"": ""AS14c20S30007S10006S20500S22510M538x518S2ff00482x483S14c20515x472S22510515x456"", ""source"": ""Adam Frost"", ""fps"": 29.97, ""duration"": 1.935, ""width"": 1280, ""height"": 720, ""codec"": ""h264""}"
videos/father_in_law_dad_in_law_father-in-law.mp4,4741f3faa3b31e985371bcb6a7f585d8,0,0,en,ase,whatsthatsign,"father in law, dad in law, father-in-law, dad-in-law","{""signpuddle_id"": ""1342"", ""sign_fsw"": ""AS14c20S30007S10006S20500S1dc40S2fe00S15a18S2fe00S21406S20500S22a04S20500M538x568S2ff00482x483S14c20515x472S15a18488x539S1dc40501x523S22a04517x550S20500503x557"", ""source"": ""Adam Frost"", ""fps"": 29.97, ""duration"": 2.469, ""width"": 1280, ""height"": 720, ""codec"": ""h264""}"
videos/favorite_prefer_taste.mp4,ccbf9c65fdfcc8c083e3ba146579354c,0,0,en,ase,whatsthatsign,"favorite, prefer, taste","{""signpuddle_id"": ""799"", ""sign_fsw"": ""AS1c507S30004S10006S20500M524x543S2ff00482x483S1c507499x518"", ""source"": ""Adam Frost"", ""fps"": 29.97, ""duration"": 1.568, ""width"": 1280, ""height"": 720, ""codec"": ""h264""}"
videos/feast_feast_on_eating.mp4,7f92f6f51979e5fdf44bfec5787d0781,0,0,en,ase,whatsthatsign,"feast, feast on, eating","{""signpuddle_id"": ""824"", ""sign_fsw"": ""AS18507S33d00S1850fS33d00S20e00S20e00S2ea04S2ea48M518x581S33b00482x483S18507498x509S1850f479x526S2ea04501x539S2ea48483x556"", ""source"": ""Adam Frost"", ""fps"": 29.97, ""duration"": 1.902, ""width"": 1280, ""height"": 720, ""codec"": ""h264""}"
videos/fed_up_fed_up_with_done.mp4,733a43faaf96179122d246b4c9530174,0,0,en,ase,whatsthatsign,"fed up, fed up with, done, done with, over, over it, tired of, sick of","{""signpuddle_id"": ""1697"", ""sign_fsw"": ""AS14c52S38404S10006S20e00S26506S20310M552x536S2ff00482x483S14c52471x512S20e00504x518S26506519x517S20310537x517"", ""source"": ""Adam Frost"", ""fps"": 29.97, ""duration"": 1.902, ""width"": 1280, ""height"": 720, ""codec"": ""h264""}"
videos/feed_feeding_fed.mp4,b90863f126a7b800bf2bfbbddf018a0c,0,0,en,ase,whatsthatsign,"feed, feeding, fed","{""signpuddle_id"": ""1528"", ""sign_fsw"": ""AS18537S33d00S1853fS2fe00S20500S26a00S26a10M544x555S33b00482x483S18537502x510S1853f474x528S26a00517x508S26a10464x514"", ""source"": ""Adam Frost"", ""fps"": 29.97, ""duration"": 2.202, ""width"": 1280, ""height"": 720, ""codec"": ""h264""}"
videos/feel_felt.mp4,5ea9d7e873454d085ad9641c5dc59d7e,0,0,en,ase,whatsthatsign,"feel, felt","{""signpuddle_id"": ""741"", ""sign_fsw"": ""AS1c501S38510S10006S20e00S22a00M521x515S1c501496x488S20e00479x503S22a00479x485"", ""source"": ""Adam Frost"", ""fps"": 29.97, ""duration"": 1.835, ""width"": 1280, ""height"": 720, ""codec"": ""h264""}"
videos/feeling_feelings_feel.mp4,15882ce3015512381723d50bfed481c1,0,0,en,ase,whatsthatsign,"feeling, feelings, feel, felt","{""signpuddle_id"": ""742"", ""sign_fsw"": ""AS1c501S38510S10006S20e00S22f00M526x515S1c501501x488S20e00480x503S22f00474x486"", ""source"": ""Adam Frost"", ""fps"": 29.97, ""duration"": 2.236, ""width"": 1280, ""height"": 720, ""codec"": ""h264""}"
videos/feet.mp4,1a41d05d886f7828f19df338e4ac7902,0,0,en,ase,whatsthatsign,feet,"{""signpuddle_id"": ""1932"", ""sign_fsw"": ""AS10004S2fe00S1000cS2fe00S38006S22a04S22a14S2fd04M524x530S10004509x471S1000c477x483S22a04511x503S22a14478x515S2fd04494x521"", ""source"": ""Adam Frost"", ""fps"": 29.97, ""duration"": 1.969, ""width"": 1280, ""height"": 720, ""codec"": ""h264""}"
videos/fence.mp4,019a30d7bf92ccfa6b87d54838dc5c14,0,0,en,ase,whatsthatsign,fence,"{""signpuddle_id"": ""620"", ""sign_fsw"": ""AS14402S2fe00S1440aS2fe00S38006S26506S26512M552x511S14402502x489S1440a467x489S26506537x491S26512448x491"", ""source"": ""Adam Frost"", ""fps"": 29.97, ""duration"": 2.302, ""width"": 1280, ""height"": 720, ""codec"": ""h264""}"
videos/few_near_close.mp4,0ba59669e45c2f66d944bd3f280c4a48,0,0,en,ase,whatsthatsign,"few, near, close, near by, close by","{""signpuddle_id"": ""1933"", ""sign_fsw"": ""AS1ce02S33200S10006S20500S2c600M518x530S33100482x483S1ce02478x506S2c600461x504"", ""source"": ""Adam Frost"", ""fps"": 29.97, ""duration"": 1.935, ""width"": 1280, ""height"": 720, ""codec"": ""h264""}"
videos/fiancée_fiancé_fiancee.mp4,b541ebb4fa14d5157a20f4ab4ea47bac,0,0,en,ase,whatsthatsign,"fiancée, fiancé, fiancee, fiance","{""signpuddle_id"": ""1328"", ""sign_fsw"": ""AS1ce50S2fe00S14c59S2fe00S21400S20500M515x526S14c59485x500S1ce50493x474"", ""source"": ""Adam Frost"", ""fps"": 30.0, ""duration"": 2.2, ""width"": 1280, ""height"": 720, ""codec"": ""h264""}"
videos/fifteen_years_old_15_years_old_age_fifteen.mp4,660c9cdb72b290606427768f6b0b11a0,0,0,en,ase,whatsthatsign,"fifteen years old, 15 years old, age fifteen, age 15, fifteen, 15","{""signpuddle_id"": ""1405"", ""sign_fsw"": ""AS15a00S30004S10006S20500S2c601S22114M541x538S2ff00482x483S15a00494x511S2c601513x512S15a00522x482S22114515x475"", ""source"": ""Adam Frost"", ""fps"": 29.97, ""duration"": 2.102, ""width"": 1280, ""height"": 720, ""codec"": ""h264""}"
videos/fifth_5th.mp4,f26822c5a4507c0757b9c325a3cad126,0,0,en,ase,whatsthatsign,"fifth, 5th","{""signpuddle_id"": ""1112"", ""sign_fsw"": ""AS14c11S2fe00S10006S2c300M517x526S14c11483x499S2c300491x475"", ""source"": ""Adam Frost"", ""fps"": 29.97, ""duration"": 1.502, ""width"": 1280, ""height"": 720, ""codec"": ""h264""}"
videos/fighting_fight_fistfight.mp4,08b7c7c3fa505790a31cc1e4206090e2,0,0,en,ase,whatsthatsign,"fighting, fight, fistfight, battle","{""signpuddle_id"": ""825"", ""sign_fsw"": ""AS20310S2fe00S20318S2fe00S21414S20e00S26a02S26a16M523x530S20318488x496S20310498x488S26a16509x503S26a02478x470"", ""source"": ""Adam Frost"", ""fps"": 29.97, ""duration"": 2.536, ""width"": 1280, ""height"": 720, ""codec"": ""h264""}"
videos/figure_out_multiply_multiplying.mp4,10a4f1b2da4ac2c73a97c5f3ec1ed5c3,0,0,en,ase,whatsthatsign,"figure out, multiply, multiplying, calculate, multiplication, math, mathematics","{""signpuddle_id"": ""993"", ""sign_fsw"": ""AS14017S2fe00S1401fS2fe00S21414S20e00S26a02S26a16M523x534S1401f479x466S14017499x474S20e00492x500S26a02477x507S26a16505x507"", ""source"": ""Adam Frost"", ""fps"": 29.97, ""duration"": 2.336, ""width"": 1280, ""height"": 720, ""codec"": ""h264""}"
videos/fill_up_fill_rise_up.mp4,4e1d50e7c7e7f28c0e8e3457224ba935,0,0,en,ase,whatsthatsign,"fill up, fill, rise up, rise, flood","{""signpuddle_id"": ""771"", ""sign_fsw"": ""AS14c50S2fe00S14c58S2fe00S38006S22a00S22a10M532x524S14c50508x493S14c58469x493S22a00513x476S22a10474x476"", ""source"": ""Adam Frost"", ""fps"": 30.0, ""duration"": 3.333, ""width"": 1280, ""height"": 720, ""codec"": ""h264""}"
videos/finally_pah.mp4,e038a1430e3f7b285744801dcf0acea1,0,0,en,ase,whatsthatsign,"finally, pah","{""signpuddle_id"": ""2016"", ""sign_fsw"": ""AS10001S30005S10009S30003S20500S20500S24e09S24e11M543x537S2ff00482x483S10001507x507S10009473x507S24e09521x485S24e11457x485"", ""source"": ""Adam Frost"", ""fps"": 30.0, ""duration"": 2.033, ""width"": 1280, ""height"": 720, ""codec"": ""h264""}"
videos/finally_pah_work.mp4,3fc72f1207ffbf0d48122f7b633c4ffa,0,0,en,ase,whatsthatsign,"finally, pah, work, works, worked, succeed, succeeds, succeeded","{""signpuddle_id"": ""1935"", ""sign_fsw"": ""AS10000S2fe00S10008S2fe00S38006S24e09S24e11M544x526S10000508x496S10008478x496S24e09522x474S24e11457x474"", ""source"": ""Adam Frost"", ""fps"": 29.97, ""duration"": 2.002, ""width"": 1280, ""height"": 720, ""codec"": ""h264""}"
videos/find_discover_pick_up.mp4,da961752e8e8fe72a5f24358671e0a2f,0,0,en,ase,whatsthatsign,"find, discover, pick up","{""signpuddle_id"": ""461"", ""sign_fsw"": ""AS14c50S2fe00S10006S22e00S1ce20M513x543S14c50487x512S22e00491x491S1ce20491x457"", ""source"": ""Adam Frost"", ""fps"": 30.0, ""duration"": 1.867, ""width"": 1280, ""height"": 720, ""codec"": ""h264""}"
videos/fine.mp4,a879fe0444cf75eb48c8250c438501d7,0,0,en,ase,whatsthatsign,fine,"{""signpuddle_id"": ""87"", ""sign_fsw"": ""AS14c10S38510S10006S20600M524x516S14c10477x485S20600502x496"", ""source"": ""Adam Frost"", ""fps"": 30.0, ""duration"": 1.8, ""width"": 1280, ""height"": 720, ""codec"": ""h264""}"
videos/fingerspell_fingerspelling_spell.mp4,18cb2cc3fa5199f2dd00a586d1939453,0,0,en,ase,whatsthatsign,"fingerspell, fingerspelling, spell, spell out","{""signpuddle_id"": ""98"", ""sign_fsw"": ""AS14c50S2fe00S10006S22510S26506M520x524S14c50480x493S22510481x477S26506505x506"", ""source"": ""Adam Frost"", ""fps"": 30.0, ""duration"": 1.967, ""width"": 1280, ""height"": 720, ""codec"": ""h264""}"
videos/finish_complete_all_done.mp4,c0d9d0c55e44b495b5bf751e1ad13edd,0,0,en,ase,whatsthatsign,"finish, complete, all done, through, done, have, already, then, and then","{""signpuddle_id"": ""457"", ""sign_fsw"": ""AS14c30S2fe00S14c38S2fe00S38006S2a204S2a21cM531x531S14c30506x469S14c38470x469S2a204508x503S2a21c470x503"", ""source"": ""Adam Frost"", ""fps"": 30.0, ""duration"": 2.467, ""width"": 1280, ""height"": 720, ""codec"": ""h264""}"
videos/finished__Are_you_finished__done_.mp4,c141332a79a7d9429fb19820b6a917d8,0,0,en,ase,whatsthatsign,"finished?, Are you finished?, done?, Are you done?, finish?, Are you finish?","{""signpuddle_id"": ""2274"", ""sign_fsw"": ""AS14c30S2fe00S14c38S2fe00S38006S2a204S2a21cS30a00M531x583S14c30506x521S14c38470x521S2a204508x555S2a21c470x555S30a00482x483"", ""source"": ""Adam Frost"", ""fps"": 30.0, ""duration"": 2.233, ""width"": 1280, ""height"": 720, ""codec"": ""h264""}"
videos/fire.mp4,15e0feeb5c827e336f9d512af3116769,0,0,en,ase,whatsthatsign,fire,"{""signpuddle_id"": ""408"", ""sign_fsw"": ""AS14c00S2fe00S14c08S2fe00S38006S22510S22510S23600S23614M542x533S14c00511x483S14c08468x483S22510512x468S22510468x468S23600503x516S23614459x516"", ""source"": ""Adam Frost"", ""fps"": 29.97, ""duration"": 2.369, ""width"": 1280, ""height"": 720, ""codec"": ""h264""}"
videos/fired_fire_behead.mp4,abd9a7e3543214e2e196ac0bb0e4bde7,0,0,en,ase,whatsthatsign,"fired, fire, behead","{""signpuddle_id"": ""2305"", ""sign_fsw"": ""AS15a31S2fe00S20348S2fe00S21400S20e00S26503M519x523S20348482x491S15a31487x477S20e00507x498S26503493x510"", ""source"": ""Adam Frost"", ""fps"": 30.0, ""duration"": 1.833, ""width"": 1280, ""height"": 720, ""codec"": ""h264""}"
videos/firefighter_fireman.mp4,8cc18de0ebf1db9f0b30d64df2cca0d7,0,0,en,ase,whatsthatsign,"firefighter, fireman","{""signpuddle_id"": ""1625"", ""sign_fsw"": ""AS14720S30000S10006S20600M533x518S2ff00482x483S14720493x467S20600511x473"", ""source"": ""Adam Frost"", ""fps"": 29.97, ""duration"": 2.269, ""width"": 1280, ""height"": 720, ""codec"": ""h264""}"
videos/fireplace.mp4,a39fcb32fc40ad1d2408ee18f79b590d,0,0,en,ase,whatsthatsign,fireplace,"{""signpuddle_id"": ""2383"", ""sign_fsw"": ""AS14c00S2fe00S14c08S2fe00S38006S22510S22510S23600S23614S14750S2fe00S14758S2fe00S21406S20500S23b04S23b1cM542x554S14c00511x462S14c08468x462S22510512x447S22510468x447S23600503x495S23614459x495S14750501x522S14758485x522S23b04518x533S23b1c464x533"", ""source"": ""Adam Frost"", ""fps"": 30.0, ""duration"": 2.567, ""width"": 1280, ""height"": 720, ""codec"": ""h264""}"
videos/first_1st.mp4,8ca8d1c08fb3582318c03c6274b89614,0,0,en,ase,whatsthatsign,"first, 1st","{""signpuddle_id"": ""178"", ""sign_fsw"": ""AS10011S2fe00S10006S2c300M513x527S10011487x497S2c300487x473"", ""source"": ""Adam Frost"", ""fps"": 30.0, ""duration"": 2.533, ""width"": 1280, ""height"": 720, ""codec"": ""h264""}"
videos/first_firstly.mp4,7c2124b23b78111591cdd15c24fd244e,0,0,en,ase,whatsthatsign,"first, firstly","{""signpuddle_id"": ""802"", ""sign_fsw"": ""AS10002S2fe00S1f548S2fe00S21410S20500M520x512S1f548480x488S10002490x488"", ""source"": ""Adam Frost"", ""fps"": 29.97, ""duration"": 2.402, ""width"": 1280, ""height"": 720, ""codec"": ""h264""}"
videos/fish.mp4,82eff283a0dc5f725d55d230593d2407,0,0,en,ase,whatsthatsign,fish,"{""signpuddle_id"": ""366"", ""sign_fsw"": ""AS15a40S2fe00S15a48S2fe00S21410S20500S26b02M511x540S15a48490x513S15a40497x491S26b02493x461"", ""source"": ""Adam Frost"", ""fps"": 29.97, ""duration"": 2.135, ""width"": 1280, ""height"": 720, ""codec"": ""h264""}"
videos/fishing_fish.mp4,4ff942461110f3c42b2b75b531dbf3db,0,0,en,ase,whatsthatsign,"fishing, fish","{""signpuddle_id"": ""226"", ""sign_fsw"": ""AS1ea40S2fe00S1ea48S2fe00S38007S23000S23010M527x537S1ea40502x485S1ea48475x516S23000502x464S23010473x495"", ""source"": ""Adam Frost"", ""fps"": 29.97, ""duration"": 2.436, ""width"": 1280, ""height"": 720, ""codec"": ""h264""}"
videos/five_months_5_months.mp4,deb8d5471260e15c536fd2d753d48831,0,0,en,ase,whatsthatsign,"five months, 5 months","{""signpuddle_id"": ""1429"", ""sign_fsw"": ""AS14c02S2fe00S10028S2fe00S21414S20e00S22a04M522x528S10028479x480S14c02491x472S20e00503x497S22a04502x513"", ""source"": ""Adam Frost"", ""fps"": 30.0, ""duration"": 1.933, ""width"": 1280, ""height"": 720, ""codec"": ""h264""}"
videos/five_of_us_us_five_us.mp4,8d01351347c795316ae178d394c85027,0,0,en,ase,whatsthatsign,"five of us, us five, us, we, four of them and I, four of them and me, them four and I, them four and me, <i>and I</i>, <i>and me</i>, our, our five","{""signpuddle_id"": ""1478"", ""sign_fsw"": ""AS14c31S38506S10006S2ea32M552x523S36d00479x497S14c31526x496S2ea32523x477"", ""source"": ""Adam Frost"", ""fps"": 30.0, ""duration"": 2.1, ""width"": 1280, ""height"": 720, ""codec"": ""h264""}"
videos/five_of_you_you_five_you.mp4,65463d75048cc20153db0a66a274f7a4,0,0,en,ase,whatsthatsign,"five of you, you five, you, these five, those five","{""signpuddle_id"": ""1476"", ""sign_fsw"": ""AS14c31S2fe00S10006S2ea32M514x523S14c31488x496S2ea32486x477"", ""source"": ""Adam Frost"", ""fps"": 30.0, ""duration"": 1.633, ""width"": 1280, ""height"": 720, ""codec"": ""h264""}"
videos/five_weeks_5_weeks.mp4,96135d0ca2822077a3155e69198c0dd6,0,0,en,ase,whatsthatsign,"five weeks, 5 weeks","{""signpuddle_id"": ""883"", ""sign_fsw"": ""AS14c50S2fe00S15a36S2fe00S21400S20e00S26506M528x520S15a36472x508S14c50472x481S20e00497x498S26506513x497"", ""source"": ""Adam Frost"", ""fps"": 29.97, ""duration"": 2.436, ""width"": 1280, ""height"": 720, ""codec"": ""h264""}"
videos/five_weeks_ago_5_weeks_ago.mp4,07f42b5d99799e4e3704ab3bbf1271b9,0,0,en,ase,whatsthatsign,"five weeks ago, 5 weeks ago","{""signpuddle_id"": ""891"", ""sign_fsw"": ""AS14c50S2fe00S15a36S2fe00S21400S20e00S2d50aM529x519S15a36471x507S14c50471x481S20e00496x497S2d50a510x503"", ""source"": ""Adam Frost"", ""fps"": 30.0, ""duration"": 2.8, ""width"": 1280, ""height"": 720, ""codec"": ""h264""}"
videos/five_years_old_5_years_old_age_five.mp4,16df16cd5c27c6af293373dbe0beda6a,0,0,en,ase,whatsthatsign,"five years old, 5 years old, age five, age 5, five, 5","{""signpuddle_id"": ""1395"", ""sign_fsw"": ""AS14c20S30004S10006S20500S2c601M537x541S2ff00482x483S14c20495x510S2c601518x512"", ""source"": ""Adam Frost"", ""fps"": 30.0, ""duration"": 1.8, ""width"": 1280, ""height"": 720, ""codec"": ""h264""}"
videos/fix.mp4,2ec8e17542c62f1f5ff9790fe5034979,0,0,en,ase,whatsthatsign,fix,"{""signpuddle_id"": ""780"", ""sign_fsw"": ""AS1ce10S2fe00S10006S19210S10640M514x542S1ce10492x459S19210487x492S10640493x516"", ""source"": ""Adam Frost"", ""fps"": 29.97, ""duration"": 2.502, ""width"": 1280, ""height"": 720, ""codec"": ""h264""}"
videos/fix_fixing_fix_up.mp4,ecf6bd4ecbcfa4962ca2e9d0285fe41a,0,0,en,ase,whatsthatsign,"fix, fixing, fix up","{""signpuddle_id"": ""1537"", ""sign_fsw"": ""AS1ce10S2fe00S1ce18S2fe00S38006S19210S19218S10640S10648S2fd04M531x547S1ce10509x454S19210504x487S10640510x511S1ce18470x464S19218476x497S10648476x521S2fd04495x541"", ""source"": ""Adam Frost"", ""fps"": 29.97, ""duration"": 3.003, ""width"": 1280, ""height"": 720, ""codec"": ""h264""}"
videos/flash_camera_flash_take_a_picture.mp4,ddcdda7b70c63870a6395734ad68ecda,0,0,en,ase,whatsthatsign,"flash, camera flash, take a picture","{""signpuddle_id"": ""906"", ""sign_fsw"": ""AS18520S2fe00S10018S2fe00S21400S20500S22100S22104M516x529S18520484x483S10018501x499S22100485x472S22104496x472"", ""source"": ""Adam Frost"", ""fps"": 29.97, ""duration"": 2.502, ""width"": 1280, ""height"": 720, ""codec"": ""h264""}"
videos/flip_flops_flip-flops.mp4,9b24ebd6fdce3862f7b647acf9d4e699,0,0,en,ase,whatsthatsign,"flip flops, flip-flops","{""signpuddle_id"": ""763"", ""sign_fsw"": ""AS10013S2fe00S14c58S2fe00S21410S20710M529x526S14c58485x495S10013499x481S20710472x475"", ""source"": ""Adam Frost"", ""fps"": 29.97, ""duration"": 2.069, ""width"": 1280, ""height"": 720, ""codec"": ""h264""}"
videos/flip_over_flip.mp4,6404a48837ba3f8c9e660abd9ced7fae,0,0,en,ase,whatsthatsign,"flip over, flip","{""signpuddle_id"": ""2209"", ""sign_fsw"": ""AS15a5fS2fe00S15a37S2fe00S21400S2a200S20500M527x520S15a37473x488S15a5f484x497S2a200504x481"", ""source"": ""Adam Frost"", ""fps"": 30.0, ""duration"": 2.067, ""width"": 1280, ""height"": 720, ""codec"": ""h264""}"
videos/floor_shelf.mp4,c327ca36236a1487c742334aff4ceeba,0,0,en,ase,whatsthatsign,"floor, shelf","{""signpuddle_id"": ""1326"", ""sign_fsw"": ""AS14750S2fe00S14758S2fe00S21406S20500S26506S26512M534x511S14750502x489S14758485x489S26506519x496S26512467x496"", ""source"": ""Adam Frost"", ""fps"": 29.97, ""duration"": 2.102, ""width"": 1280, ""height"": 720, ""codec"": ""h264""}"
videos/flower.mp4,c3df491d7c3a992cc2d90b6d786616f8,0,0,en,ase,whatsthatsign,flower,"{""signpuddle_id"": ""2059"", ""sign_fsw"": ""AS18517S33200S10006S20500S2df00S20500M521x542S33100482x483S18517502x502S2df00488x521"", ""source"": ""Adam Frost"", ""fps"": 29.97, ""duration"": 1.869, ""width"": 1280, ""height"": 720, ""codec"": ""h264""}"
videos/fly_fly_to_flying.mp4,c1e87939ab2f0cf128b4b645d90a6801,0,0,en,ase,whatsthatsign,"fly, fly to, flying, flying to","{""signpuddle_id"": ""2277"", ""sign_fsw"": ""AS19c50S2fe00S10006S26500M514x524S19c50486x495S26500494x477"", ""source"": ""Adam Frost"", ""fps"": 30.0, ""duration"": 1.666, ""width"": 1280, ""height"": 720, ""codec"": ""h264""}"
videos/focus_concentrate_dedicate.mp4,0bf40fa00538ea4088b74aa6d3a0c860,0,0,en,ase,whatsthatsign,"focus, concentrate, dedicate","{""signpuddle_id"": ""1696"", ""sign_fsw"": ""AS15a10S30006S15a18S30002S26501S26517S15a41S15a49M535x518S2ff00482x483S15a10523x485S15a18465x485S26501516x469S26517471x469S15a41502x443S15a49474x443"", ""source"": ""Adam Frost"", ""fps"": 29.97, ""duration"": 1.868, ""width"": 1280, ""height"": 720, ""codec"": ""h264""}"
videos/focus_on_pay_attention.mp4,4e1fa403d29e86a0fe7a19b3584b5204,0,0,en,ase,whatsthatsign,"focus on, pay attention","{""signpuddle_id"": ""109"", ""sign_fsw"": ""AS15a10S30006S15a18S30002S26500S26510M533x518S2ff00482x483S15a10520x487S15a18468x487S26500519x469S26510467x469"", ""source"": ""Adam Frost"", ""fps"": 29.97, ""duration"": 2.302, ""width"": 1280, ""height"": 720, ""codec"": ""h264""}"
videos/fog.mp4,e763c8f721ab7b7bcd1857d7d058c429,0,0,en,ase,whatsthatsign,fog,"{""signpuddle_id"": ""2289"", ""sign_fsw"": ""AS1ce20S2fe00S10006S17620S1f000M518x535S1ce20496x466S17620497x500S1f000483x520"", ""source"": ""Adam Frost"", ""fps"": 30.0, ""duration"": 1.8, ""width"": 1280, ""height"": 720, ""codec"": ""h264""}"
videos/fold_folding.mp4,e02ca6de72e9baf8db35955d566f1f1f,0,0,en,ase,whatsthatsign,"fold, folding","{""signpuddle_id"": ""1535"", ""sign_fsw"": ""AS15a51S2fe00S15a39S2fe00S21400S20500S2a228S20500M527x523S15a39474x491S15a51485x500S20600482x477S2a228504x486"", ""source"": ""Adam Frost"", ""fps"": 30.0, ""duration"": 2.266, ""width"": 1280, ""height"": 720, ""codec"": ""h264""}"
videos/follow.mp4,6e5765809eb69bc455de30be5e221f7d,0,0,en,ase,whatsthatsign,follow,"{""signpuddle_id"": ""1766"", ""sign_fsw"": ""AS1f540S2fe00S1f548S2fe00S21414S20500S26520M514x524S1f548487x492S1f540499x500S26520495x476"", ""source"": ""Adam Frost"", ""fps"": 29.97, ""duration"": 1.969, ""width"": 1280, ""height"": 720, ""codec"": ""h264""}"
videos/follower.mp4,1458e44b585e10377b8c8ba528092b21,0,0,en,ase,whatsthatsign,follower,"{""signpuddle_id"": ""1767"", ""sign_fsw"": ""AS1f540S2fe00S1f548S2fe00S21414S20500S26520S15a40S2fe00S15a48S2fe00S38006S22a04S22a14M523x550S1f548487x466S1f540499x474S26520495x451S15a40510x505S15a48478x505S22a04510x535S22a14477x535"", ""source"": ""Adam Frost"", ""fps"": 29.97, ""duration"": 2.135, ""width"": 1280, ""height"": 720, ""codec"": ""h264""}"
videos/food_eating.mp4,9892157f8ae6f4bb3cdbba15038b28f7,0,0,en,ase,whatsthatsign,"food, eating","{""signpuddle_id"": ""124"", ""sign_fsw"": ""AS18507S33d00S10006S20600M540x537S33b00482x483S18507502x510S20600518x509"", ""source"": ""Adam Frost"", ""fps"": 29.97, ""duration"": 1.969, ""width"": 1280, ""height"": 720, ""codec"": ""h264""}"
videos/football.mp4,d3b374d60a27f603c03612bb4a833d64,0,0,en,ase,whatsthatsign,football,"{""signpuddle_id"": ""1785"", ""sign_fsw"": ""AS14c11S2fe00S14c19S2fe00S21406S20710M525x524S14c11499x494S14c19476x497S20710484x477"", ""source"": ""Adam Frost"", ""fps"": 29.97, ""duration"": 2.135, ""width"": 1280, ""height"": 720, ""codec"": ""h264""}"
videos/for.mp4,ad1937135a308973318460686c26581e,0,0,en,ase,whatsthatsign,for,"{""signpuddle_id"": ""266"", ""sign_fsw"": ""AS10011S30007S10006S20500S28108M537x521S2ff00482x483S10011516x491S28108516x463"", ""source"": ""Adam Frost"", ""fps"": 29.97, ""duration"": 2.769, ""width"": 1280, ""height"": 720, ""codec"": ""h264""}"
videos/for_for_what_for_why.mp4,515c07143c1b5227013c558a76f51bee,0,0,en,ase,whatsthatsign,"for for, what for, why","{""signpuddle_id"": ""321"", ""sign_fsw"": ""AS10011S30007S10006S20600S28208M537x521S2ff00482x483S10011516x491S28208516x462"", ""source"": ""Adam Frost"", ""fps"": 30.0, ""duration"": 2.0, ""width"": 1280, ""height"": 720, ""codec"": ""h264""}"
videos/forget_forgets_forgetting.mp4,6abddf905f6e96f7887eac0fe41b8d4e,0,0,en,ase,whatsthatsign,"forget, forgets, forgetting, forgot, forgotten, blank, blank on","{""signpuddle_id"": ""1012"", ""sign_fsw"": ""AS1c500S30000S10006S20e00S26506M566x518S2ff00482x483S1c500505x476S20e00537x487S26506551x486"", ""source"": ""Adam Frost"", ""fps"": 29.97, ""duration"": 2.369, ""width"": 1280, ""height"": 720, ""codec"": ""h264""}"
videos/forgiving_forgiveness_excusing.mp4,05b85eacd0ae929118283b6372531728,0,0,en,ase,whatsthatsign,"forgiving, forgiveness, excusing, excuses, pardoning, acquittal","{""signpuddle_id"": ""2364"", ""sign_fsw"": ""AS18220S2fe00S15a39S2fe00S21400S20e00S26a07M529x521S15a39472x493S18220479x506S20e00502x494S26a07508x479"", ""source"": ""Adam Frost"", ""fps"": 30.0, ""duration"": 2.3, ""width"": 1280, ""height"": 720, ""codec"": ""h264""}"
videos/fork.mp4,b4a27a8e73224c80b74bb1264f2b3b1e,0,0,en,ase,whatsthatsign,fork,"{""signpuddle_id"": ""2064"", ""sign_fsw"": ""AS10e02S2fe00S15a48S2fe00S21406S20600M522x520S15a48479x480S10e02492x493S20600482x509"", ""source"": ""Adam Frost"", ""fps"": 29.97, ""duration"": 1.869, ""width"": 1280, ""height"": 720, ""codec"": ""h264""}"
videos/formal_fancy.mp4,f49915fb277c25de804d207aa43e37ed,0,0,en,ase,whatsthatsign,"formal, fancy","{""signpuddle_id"": ""632"", ""sign_fsw"": ""AS14c10S38510S10006S20e00S22f00M523x519S14c10478x488S22f00498x482S20e00504x500"", ""source"": ""Adam Frost"", ""fps"": 30.0, ""duration"": 2.0, ""width"": 1280, ""height"": 720, ""codec"": ""h264""}"
videos/four_months_4_months.mp4,03b1194b6617f0931f9139b750e06b83,0,0,en,ase,whatsthatsign,"four months, 4 months","{""signpuddle_id"": ""1428"", ""sign_fsw"": ""AS14402S2fe00S10028S2fe00S21414S20e00S22a04M522x528S10028479x477S14402491x472S20e00503x497S22a04502x513"", ""source"": ""Adam Frost"", ""fps"": 29.97, ""duration"": 1.835, ""width"": 1280, ""height"": 720, ""codec"": ""h264""}"
videos/four_of_us_us_four_us.mp4,d2eff12e40fcc50ca45d91e9de0ba2c6,0,0,en,ase,whatsthatsign,"four of us, us four, us, we, three of them and I, three of them and me, <i>and I</i>, <i>and me</i>, our, our four","{""signpuddle_id"": ""1475"", ""sign_fsw"": ""AS14431S38506S10006S2ea32M554x524S36d00479x497S14431526x495S2ea32523x476"", ""source"": ""Adam Frost"", ""fps"": 29.97, ""duration"": 2.202, ""width"": 1280, ""height"": 720, ""codec"": ""h264""}"
videos/four_of_you_you_four_you.mp4,1af1fc4ac6f7f73500eae8535db9bdbf,0,0,en,ase,whatsthatsign,"four of you, you four, you, these four, those four","{""signpuddle_id"": ""1473"", ""sign_fsw"": ""AS14431S2fe00S10006S2ea32M516x524S14431488x495S2ea32484x477"", ""source"": ""Adam Frost"", ""fps"": 29.97, ""duration"": 1.702, ""width"": 1280, ""height"": 720, ""codec"": ""h264""}"
videos/four_weeks_4_weeks.mp4,f0d255af2d46a91d2618a7c392286bae,0,0,en,ase,whatsthatsign,"four weeks, 4 weeks","{""signpuddle_id"": ""882"", ""sign_fsw"": ""AS14450S2fe00S15a36S2fe00S21400S20e00S26506M528x520S15a36472x508S14450475x481S20e00497x498S26506513x497"", ""source"": ""Adam Frost"", ""fps"": 30.0, ""duration"": 2.333, ""width"": 1280, ""height"": 720, ""codec"": ""h264""}"
videos/four_weeks_ago_4_weeks_ago.mp4,19f0bebfdfd84a261c024081561e83b8,0,0,en,ase,whatsthatsign,"four weeks ago, 4 weeks ago","{""signpuddle_id"": ""890"", ""sign_fsw"": ""AS14450S2fe00S15a36S2fe00S21400S20e00S2d50aM529x519S15a36471x507S14450474x481S20e00496x497S2d50a510x503"", ""source"": ""Adam Frost"", ""fps"": 29.97, ""duration"": 2.669, ""width"": 1280, ""height"": 720, ""codec"": ""h264""}"
videos/four_years_old_4_years_old_age_four.mp4,e010443f0e337a7a56dc08d255f98abe,0,0,en,ase,whatsthatsign,"four years old, 4 years old, age four, age 4, four, 4","{""signpuddle_id"": ""1394"", ""sign_fsw"": ""AS14420S30004S10006S20500S2c601M537x542S2ff00482x483S14420497x511S2c601518x512"", ""source"": ""Adam Frost"", ""fps"": 29.97, ""duration"": 1.935, ""width"": 1280, ""height"": 720, ""codec"": ""h264""}"
videos/fourteen_years_old_14_years_old_age_fourteen.mp4,146715cc81b011b16f74dbc8d65fc89c,0,0,en,ase,whatsthatsign,"fourteen years old, 14 years old, age fourteen, age 14, fourteen, 14","{""signpuddle_id"": ""1404"", ""sign_fsw"": ""AS14700S30004S10006S20500S2c601S22114M541x538S2ff00482x483S14700493x512S2c601513x512S14700521x486S22114515x478"", ""source"": ""Adam Frost"", ""fps"": 30.0, ""duration"": 1.933, ""width"": 1280, ""height"": 720, ""codec"": ""h264""}"
videos/fourth_4th.mp4,b9767a8ba8a1f243cd72dff2b9857700,0,0,en,ase,whatsthatsign,"fourth, 4th","{""signpuddle_id"": ""1111"", ""sign_fsw"": ""AS14411S2fe00S10006S2c300M517x527S14411483x499S2c300491x474"", ""source"": ""Adam Frost"", ""fps"": 29.97, ""duration"": 2.035, ""width"": 1280, ""height"": 720, ""codec"": ""h264""}"
videos/free_complementary.mp4,194f09012135e51f94c6239e10a4b793,0,0,en,ase,whatsthatsign,"free, complementary","{""signpuddle_id"": ""1782"", ""sign_fsw"": ""AS1ce01S38632S1ce09S38634S20500S28136S2814eM535x536S37600488x513S1ce01466x493S1ce09508x493S28136484x483S2814e484x465"", ""source"": ""Adam Frost"", ""fps"": 29.97, ""duration"": 1.902, ""width"": 1280, ""height"": 720, ""codec"": ""h264""}"
videos/freeway.mp4,25a4960a3b7a7eb5876e6896205a5d83,0,0,en,ase,whatsthatsign,freeway,"{""signpuddle_id"": ""1497"", ""sign_fsw"": ""AS14450S2fe00S1445cS2fe00S21406S20e00S26a00S26a14M532x535S14450503x484S1445c486x504S20e00493x472S26a00505x465S26a14469x479"", ""source"": ""Adam Frost"", ""fps"": 29.97, ""duration"": 1.835, ""width"": 1280, ""height"": 720, ""codec"": ""h264""}"
videos/freeway_interstate_expressway.mp4,5beb02e87656df3b91829b7ef14a8d29,0,0,en,ase,whatsthatsign,"freeway, interstate, expressway","{""signpuddle_id"": ""1239"", ""sign_fsw"": ""AS14452S2fe00S1445aS2fe00S21414S20e00S26a02S26a16M526x533S14452474x482S1445a495x467S20e00494x513S26a02477x506S26a16509x506"", ""source"": ""Adam Frost"", ""fps"": 30.0, ""duration"": 2.167, ""width"": 1280, ""height"": 720, ""codec"": ""h264""}"
videos/freeze_froze_frozen.mp4,51cd4a6897b2d8a4e9cbf08a7b7323c8,0,0,en,ase,whatsthatsign,"freeze, froze, frozen","{""signpuddle_id"": ""2063"", ""sign_fsw"": ""AS14c50S2fe00S14c58S2fe00S38006S26504S26514S14e50S14e58M533x541S14c50509x459S14c58467x459S26504514x492S26514472x492S14e50507x510S14e58467x510"", ""source"": ""Adam Frost"", ""fps"": 29.97, ""duration"": 1.868, ""width"": 1280, ""height"": 720, ""codec"": ""h264""}"
videos/freshman_freshmen_9th_grade.mp4,94793470c3242b45cfc3521695953237,0,0,en,ase,whatsthatsign,"freshman, freshmen, 9th grade, first-year, first-year student, frosh","{""signpuddle_id"": ""1840"", ""sign_fsw"": ""AS15a47S2fe00S14c0aS2fe00S21405S20600M532x518S14c0a468x482S15a47491x493S20600510x507"", ""source"": ""Adam Frost"", ""fps"": 29.97, ""duration"": 2.069, ""width"": 1280, ""height"": 720, ""codec"": ""h264""}"
videos/friend.mp4,0dfe36476c8666b2ff5950c17084ef37,0,0,en,ase,whatsthatsign,friend,"{""signpuddle_id"": ""433"", ""sign_fsw"": ""AS10651S2fe00S1063aS2fe00S21400S20900S2c300S2c314M557x519S1063a475x497S10651496x491S20900489x482S2c300531x488S2c314444x495"", ""source"": ""Adam Frost"", ""fps"": 29.97, ""duration"": 2.302, ""width"": 1280, ""height"": 720, ""codec"": ""h264""}"
videos/friendly_pleasant_amiable.mp4,932593afb217d350fbae1313bf7b96df,0,0,en,ase,whatsthatsign,"friendly, pleasant, amiable","{""signpuddle_id"": ""1682"", ""sign_fsw"": ""AS14c01S30005S14c09S30003S22511S22517S22a07S22a11M560x544S2ff00482x483S14c01526x517S14c09448x517S22511515x506S22517467x506S22a07547x508S22a11440x508"", ""source"": ""Adam Frost"", ""fps"": 30.0, ""duration"": 1.833, ""width"": 1280, ""height"": 720, ""codec"": ""h264""}"
videos/frisbee.mp4,df1cd8e877704f22e8f6ca5050b75205,0,0,en,ase,whatsthatsign,frisbee,"{""signpuddle_id"": ""1734"", ""sign_fsw"": ""AS1ea43S2fe00S10006S26a00S1dc40M515x539S1ea43488x511S26a00485x496S1dc40491x462"", ""source"": ""Adam Frost"", ""fps"": 30.0, ""duration"": 1.9, ""width"": 1280, ""height"": 720, ""codec"": ""h264""}"
videos/frog_frogs.mp4,bdeea7cfa3cb48ce95c521897f6cff87,0,0,en,ase,whatsthatsign,"frog, frogs","{""signpuddle_id"": ""1435"", ""sign_fsw"": ""AS10e12S38404S10006S20500S21d02M518x534S2ff00482x483S10e12480x519S21d02468x516"", ""source"": ""Adam Frost"", ""fps"": 29.97, ""duration"": 2.102, ""width"": 1280, ""height"": 720, ""codec"": ""h264""}"
videos/from.mp4,f120275e8051dbb328aa7cf5502e07e5,0,0,en,ase,whatsthatsign,from,"{""signpuddle_id"": ""388"", ""sign_fsw"": ""AS10041S2fe00S10028S2fe00S21414S20500S26505S10641M536x534S10028464x466S10041480x469S26505498x496S10641513x506"", ""source"": ""Adam Frost"", ""fps"": 29.97, ""duration"": 2.002, ""width"": 1280, ""height"": 720, ""codec"": ""h264""}"
videos/from_now_on_from_then_on_afterwards.mp4,b65c65004c9680737d4dc81f53c25aeb,0,0,en,ase,whatsthatsign,"from now on, from then on, afterwards, afterward, after","{""signpuddle_id"": ""928"", ""sign_fsw"": ""AS15a02S2fe00S15a0aS2fe00S21410S20500S26500M522x517S15a02495x501S15a0a479x505S26500503x483"", ""source"": ""Adam Frost"", ""fps"": 29.97, ""duration"": 2.603, ""width"": 1280, ""height"": 720, ""codec"": ""h264""}"
videos/front.mp4,22ad2f911d959b8a489d49de95bda944,0,0,en,ase,whatsthatsign,front,"{""signpuddle_id"": ""327"", ""sign_fsw"": ""AS15a02S2ff00S10006S22a04M518x527S2ff00482x483S15a02485x497S22a04494x512"", ""source"": ""Adam Frost"", ""fps"": 30.0, ""duration"": 2.5, ""width"": 1280, ""height"": 720, ""codec"": ""h264""}"
videos/front_door.mp4,65b875c6b646c9dc1468dfda812d39ce,0,0,en,ase,whatsthatsign,front door,"{""signpuddle_id"": ""2378"", ""sign_fsw"": ""AS15a02S2ff00S10006S22a04S14720S2fe00S14728S2fe00S21406S20600S2e004M528x566S2ff00482x483S15a02485x497S22a04494x512S14720489x535S14728473x535S2e004507x538"", ""source"": ""Adam Frost"", ""fps"": 30.0, ""duration"": 2.3, ""width"": 1280, ""height"": 720, ""codec"": ""h264""}"
videos/frowning_mouth.mp4,22109696fcf19534f7cecd8569c403ee,0,0,en,ase,whatsthatsign,frowning mouth,"{""signpuddle_id"": ""449"", ""sign_fsw"": ""AS34100M518x518S34100482x483"", ""source"": ""Adam Frost"", ""fps"": 29.97, ""duration"": 2.202, ""width"": 1280, ""height"": 720, ""codec"": ""h264""}"
videos/fruit.mp4,d9fe5cf2746220dc6412938cc761db2e,0,0,en,ase,whatsthatsign,fruit,"{""signpuddle_id"": ""828"", ""sign_fsw"": ""AS1ce10S30005S10006S21100S2e000M536x521S2ff00482x483S1ce10514x491S2e000514x459"", ""source"": ""Adam Frost"", ""fps"": 29.97, ""duration"": 2.803, ""width"": 1280, ""height"": 720, ""codec"": ""h264""}"
videos/frustrate_frustrated_baffle.mp4,b624b38f57ba750a00eb99986fcb7322,0,0,en,ase,whatsthatsign,"frustrate, frustrated, baffle, thwart","{""signpuddle_id"": ""2162"", ""sign_fsw"": ""AS15a21S30004S10006S20b00M528x535S2ff00482x483S15a21495x512S20b00515x510"", ""source"": ""Adam Frost"", ""fps"": 30.0, ""duration"": 1.667, ""width"": 1280, ""height"": 720, ""codec"": ""h264""}"
videos/frustrated_frustrate_baffle.mp4,89594fe1a517ab4ba010ee5fb2d020bd,0,0,en,ase,whatsthatsign,"frustrated, frustrate, baffle, thwart","{""signpuddle_id"": ""2161"", ""sign_fsw"": ""AS14721S30004S10006S20b00M528x533S2ff00482x483S14721494x512S20b00515x510"", ""source"": ""Adam Frost"", ""fps"": 29.97, ""duration"": 1.935, ""width"": 1280, ""height"": 720, ""codec"": ""h264""}"
videos/frustration_frustrating.mp4,e3a37271a0296d1e77b9894cd0cfbce4,0,0,en,ase,whatsthatsign,"frustration, frustrating","{""signpuddle_id"": ""2163"", ""sign_fsw"": ""AS14721S30004S10006S20c00M543x533S2ff00482x483S14721494x512S20c00515x510"", ""source"": ""Adam Frost"", ""fps"": 29.97, ""duration"": 1.835, ""width"": 1280, ""height"": 720, ""codec"": ""h264""}"
videos/full_complete_entire.mp4,ce5ab1c9635eed7e315e3bc9431dd1ac,0,0,en,ase,whatsthatsign,"full, complete, entire, total, fully, completely, entirely, totally","{""signpuddle_id"": ""1554"", ""sign_fsw"": ""AS14c51S2fe00S20348S2fe00S21400S20e00S26503M519x525S20348482x493S14c51483x476S20e00507x500S26503493x512"", ""source"": ""Adam Frost"", ""fps"": 29.97, ""duration"": 1.869, ""width"": 1280, ""height"": 720, ""codec"": ""h264""}"
videos/fun.mp4,cc40f3f8af292966f330a0ebb854ac5e,0,0,en,ase,whatsthatsign,fun,"{""signpuddle_id"": ""1591"", ""sign_fsw"": ""AS11501S33200S11559S2fe00S20500S22a04S11551S21400S20500M526x569S33100482x483S11501499x500S22a04508x530S11559477x544S11551499x543"", ""source"": ""Adam Frost"", ""fps"": 30.0, ""duration"": 2.0, ""width"": 1280, ""height"": 720, ""codec"": ""h264""}"
videos/funeral.mp4,56c3c724717b5a6a24b5329639de4a14,0,0,en,ase,whatsthatsign,funeral,"{""signpuddle_id"": ""2165"", ""sign_fsw"": ""AS10e20S2fe00S10e28S2fe00S38005S2c820M517x538S10e20502x508S10e28484x492S2c820486x462"", ""source"": ""Adam Frost"", ""fps"": 29.97, ""duration"": 2.135, ""width"": 1280, ""height"": 720, ""codec"": ""h264""}"
videos/funny.mp4,4b917ad5a84fb42cb57ad89608b19998,0,0,en,ase,whatsthatsign,funny,"{""signpuddle_id"": ""1712"", ""sign_fsw"": ""AS12d00S33200S10006S20e00S22114M540x533S33100482x483S12d00488x503S20e00521x502S22114514x516"", ""source"": ""Adam Frost"", ""fps"": 29.97, ""duration"": 1.768, ""width"": 1280, ""height"": 720, ""codec"": ""h264""}"
videos/future_someday_next.mp4,9daf6705b36bb5601625759df7119057,0,0,en,ase,whatsthatsign,"future, someday, next","{""signpuddle_id"": ""616"", ""sign_fsw"": ""AS15a10S30006S10006S2b700M534x518S2ff00482x483S15a10522x485S2b700514x458"", ""source"": ""Adam Frost"", ""fps"": 29.97, ""duration"": 2.669, ""width"": 1280, ""height"": 720, ""codec"": ""h264""}"
videos/game.mp4,13824adcd9f7acc2ee75edc7ddf4bd72,0,0,en,ase,whatsthatsign,game,"{""signpuddle_id"": ""238"", ""sign_fsw"": ""AS1f502S2fe00S1f50aS2fe00S21406S20600M516x519S1f502501x482S1f50a485x482S20600490x508"", ""source"": ""Adam Frost"", ""fps"": 29.97, ""duration"": 3.103, ""width"": 1280, ""height"": 720, ""codec"": ""h264""}"
videos/garage.mp4,eebbaa812b809857ab6b3ab21a0b6f78,0,0,en,ase,whatsthatsign,garage,"{""signpuddle_id"": ""631"", ""sign_fsw"": ""AS11e40S2fe00S15a56S2fe00S37f04S26a00M527x524S11e40480x494S15a56474x477S26a00500x490"", ""source"": ""Adam Frost"", ""fps"": 30.0, ""duration"": 2.0, ""width"": 1280, ""height"": 720, ""codec"": ""h264""}"
videos/gas.mp4,bd1165bb2ed8644fee8e221eaebd001f,0,0,en,ase,whatsthatsign,gas,"{""signpuddle_id"": ""1551"", ""sign_fsw"": ""AS1f521S2fe00S20348S2fe00S21400S20710M527x519S20348474x504S1f521481x481S20710493x504"", ""source"": ""Adam Frost"", ""fps"": 29.97, ""duration"": 1.835, ""width"": 1280, ""height"": 720, ""codec"": ""h264""}"
videos/gas_gasoline.mp4,9363669002eb5ecd6658918fa54590a3,0,0,en,ase,whatsthatsign,"gas, gasoline","{""signpuddle_id"": ""1550"", ""sign_fsw"": ""AS1f000S2fe00S10006S1f720S20320M515x527S1f000486x474S1f720495x493S20320500x512"", ""source"": ""Adam Frost"", ""fps"": 29.97, ""duration"": 1.735, ""width"": 1280, ""height"": 720, ""codec"": ""h264""}"
videos/gas_up_gas_fill_up.mp4,5aaba946720ac2a92b5c7ad024ebdcba,0,0,en,ase,whatsthatsign,"gas up, gas, fill up","{""signpuddle_id"": ""1553"", ""sign_fsw"": ""AS1dc03S2fe00S20348S2fe00S21400S28802S20700M529x523S20348472x508S1dc03479x484S28802507x477"", ""source"": ""Adam Frost"", ""fps"": 29.97, ""duration"": 1.835, ""width"": 1280, ""height"": 720, ""codec"": ""h264""}"
videos/gate.mp4,3a9a720d6b3050f07f17f9cacbc0f053,0,0,en,ase,whatsthatsign,gate,"{""signpuddle_id"": ""621"", ""sign_fsw"": ""AS14402S2fe00S1440aS2fe00S38006S26b00M533x523S14402501x501S1440a467x501S26b00506x477"", ""source"": ""Adam Frost"", ""fps"": 29.97, ""duration"": 1.902, ""width"": 1280, ""height"": 720, ""codec"": ""h264""}"
videos/gather_assemble_gathering.mp4,bfc13e2ee1e491626776cdf776d7e867,0,0,en,ase,whatsthatsign,"gather, assemble, gathering, assembly, reunion","{""signpuddle_id"": ""1602"", ""sign_fsw"": ""AS14c51S2fe00S14c59S2fe00S38006S22511S22517S26501S26517M550x524S14c51523x498S14c59450x498S22511512x487S22517470x487S26501501x477S26517486x477"", ""source"": ""Adam Frost"", ""fps"": 29.97, ""duration"": 2.002, ""width"": 1280, ""height"": 720, ""codec"": ""h264""}"
videos/gay.mp4,e4b36af504e0863c6670ce5f68dc5507,0,0,en,ase,whatsthatsign,gay,"{""signpuddle_id"": ""1381"", ""sign_fsw"": ""AS1f000S2fe00S10006S1f720S19a20M518x529S1f000483x471S1f720492x490S19a20490x509"", ""source"": ""Adam Frost"", ""fps"": 29.97, ""duration"": 2.069, ""width"": 1280, ""height"": 720, ""codec"": ""h264""}"
videos/gender_sex.mp4,0173d92fc283ff6e53ddb5d0dd3b80c7,0,0,en,ase,whatsthatsign,"gender, sex","{""signpuddle_id"": ""1976"", ""sign_fsw"": ""AS10620S30005S10006S20500S22a04S20500M539x546S2ff00482x483S10620518x504S20500510x535S22a04509x517"", ""source"": ""Adam Frost"", ""fps"": 29.97, ""duration"": 1.969, ""width"": 1280, ""height"": 720, ""codec"": ""h264""}"
videos/general_generally_overall.mp4,47ee9aa7f60aae5ff24485e6f0970237,0,0,en,ase,whatsthatsign,"general, generally, overall, broad, open","{""signpuddle_id"": ""2166"", ""sign_fsw"": ""AS15a41S2fe00S15a49S2fe00S21406S20500S2d508S2d510M541x513S15a41501x490S15a49477x490S2d508519x487S2d510460x487"", ""source"": ""Adam Frost"", ""fps"": 29.97, ""duration"": 1.868, ""width"": 1280, ""height"": 720, ""codec"": ""h264""}"
videos/generation_generations_posterity.mp4,d74352c0f733ff83034f43ec730eeeea,0,0,en,ase,whatsthatsign,"generation, generations, posterity, lineage, descendant","{""signpuddle_id"": ""1355"", ""sign_fsw"": ""AS15a02S38507S15a0aS2fe00S2bd00S2bd11S2fd00M573x528S36d00479x495S15a0a520x516S15a02546x502S2bd00548x472S2bd11527x486"", ""source"": ""Adam Frost"", ""fps"": 29.97, ""duration"": 1.969, ""width"": 1280, ""height"": 720, ""codec"": ""h264""}"
videos/get_off_get_out_disembark.mp4,3cfa4d2d38e20afed9697ba492489892,0,0,en,ase,whatsthatsign,"get off, get out, disembark, deplane","{""signpuddle_id"": ""1661"", ""sign_fsw"": ""AS11050S2fe00S16d48S2fe00S21400S20800S2880aM531x520S16d48470x480S11050480x493S20800498x489S2880a509x481"", ""source"": ""Adam Frost"", ""fps"": 30.0, ""duration"": 1.867, ""width"": 1280, ""height"": 720, ""codec"": ""h264""}"
videos/get_on_get_in_board.mp4,9f38a5a9da1f2950b91ac05fa5bcff03,0,0,en,ase,whatsthatsign,"get on, get in, board, embark","{""signpuddle_id"": ""1660"", ""sign_fsw"": ""AS11050S2fe00S16d48S2fe00S21400S28802S20800M532x520S16d48469x480S11050479x493S20800497x489S28802510x480"", ""source"": ""Adam Frost"", ""fps"": 30.0, ""duration"": 2.067, ""width"": 1280, ""height"": 720, ""codec"": ""h264""}"
videos/get_receive.mp4,0a656f0e65c49569a5ff9890d5ad004a,0,0,en,ase,whatsthatsign,"get, receive","{""signpuddle_id"": ""1972"", ""sign_fsw"": ""AS14c40S2fe00S14c48S2fe00S21400S26524S20340S20348S20500M522x548S14c40498x453S14c48478x467S26524494x498S20340493x516S20348492x533"", ""source"": ""Adam Frost"", ""fps"": 29.97, ""duration"": 2.135, ""width"": 1280, ""height"": 720, ""codec"": ""h264""}"
videos/ghost_spirit_specter.mp4,05fd3d49bef1fac14c1343168121f82f,0,0,en,ase,whatsthatsign,"ghost, spirit, specter, phantom, apparition, soul","{""signpuddle_id"": ""1869"", ""sign_fsw"": ""AS1bb51S2fe00S1bb3aS2fe00S21400S20800S22a00M522x529S1bb3a494x508S1bb51478x490S20800505x493S22a00489x472"", ""source"": ""Adam Frost"", ""fps"": 30.0, ""duration"": 1.833, ""width"": 1280, ""height"": 720, ""codec"": ""h264""}"
videos/gift_contribute_donate.mp4,f1e6c71d8280892ea6538f9da6df087f,0,0,en,ase,whatsthatsign,"gift, contribute, donate, grant, reward, give, delegate","{""signpuddle_id"": ""1599"", ""sign_fsw"": ""AS10610S2fe00S10006S2b700M511x527S10610496x501S2b700490x474"", ""source"": ""Adam Frost"", ""fps"": 29.97, ""duration"": 1.935, ""width"": 1280, ""height"": 720, ""codec"": ""h264""}"
videos/gift_gift_money_give_money.mp4,1cb419311d2bd697be5bfbfe1af6ea4d,0,0,en,ase,whatsthatsign,"gift, gift money, give money, donate, grant, contribute, present, reward, give, delegate","{""signpuddle_id"": ""1598"", ""sign_fsw"": ""AS10610S2fe00S10618S2fe00S38007S2b700S2b711M522x538S10610507x490S10618479x512S2b700501x463S2b711481x485"", ""source"": ""Adam Frost"", ""fps"": 29.97, ""duration"": 2.069, ""width"": 1280, ""height"": 720, ""codec"": ""h264""}"
videos/gift_present.mp4,79870d1de792cd6240a410f0e28cce9e,0,0,en,ase,whatsthatsign,"gift, present","{""signpuddle_id"": ""1600"", ""sign_fsw"": ""AS1f000S2fe00S10006S19220S1ce20S1fb20M518x548S1f000483x453S19220497x472S1ce20496x495S1fb20497x529"", ""source"": ""Adam Frost"", ""fps"": 29.97, ""duration"": 2.069, ""width"": 1280, ""height"": 720, ""codec"": ""h264""}"
videos/giraffe_giraffes.mp4,6085f821382fd082b4ab395455b48c71,0,0,en,ase,whatsthatsign,"giraffe, giraffes","{""signpuddle_id"": ""1443"", ""sign_fsw"": ""AS16d0eS36a00S10006S22a00M526x542S36a00482x477S16d0e489x525S22a00513x508"", ""source"": ""Adam Frost"", ""fps"": 29.97, ""duration"": 1.835, ""width"": 1280, ""height"": 720, ""codec"": ""h264""}"
videos/girl.mp4,f087fbfe51a9471699b86779b4f41de2,0,0,en,ase,whatsthatsign,girl,"{""signpuddle_id"": ""431"", ""sign_fsw"": ""AS1f540S30005S10006S20e00S22a03M520x560S2ff00482x483S1f540505x513S20e00492x537S22a03480x546"", ""source"": ""Adam Frost"", ""fps"": 29.97, ""duration"": 1.969, ""width"": 1280, ""height"": 720, ""codec"": ""h264""}"
videos/girlfriend.mp4,b6b9e413eee646d6172b2210e5b20505,0,0,en,ase,whatsthatsign,girlfriend,"{""signpuddle_id"": ""352"", ""sign_fsw"": ""AS1f540S30005S10006S20e00S22a03S10651S2fe00S1063aS2fe00S21400S20900S2c300S2c314M553x591S2ff00482x483S1f540505x512S22a03493x535S10651492x563S1063a471x569S20900485x554S2c300527x560S2c314440x567"", ""source"": ""Adam Frost"", ""fps"": 30.0, ""duration"": 2.3, ""width"": 1280, ""height"": 720, ""codec"": ""h264""}"
videos/give.mp4,1211e1bf55198ef8c2d3f42fd2eb369b,0,0,en,ase,whatsthatsign,give,"{""signpuddle_id"": ""1498"", ""sign_fsw"": ""AS18537S2fe00S10006S2b700M510x526S18537491x499S2b700490x475"", ""source"": ""Adam Frost"", ""fps"": 29.97, ""duration"": 1.735, ""width"": 1280, ""height"": 720, ""codec"": ""h264""}"
videos/give_birth_birth.mp4,77e28261ad4da07ac02b38b27723d78d,0,0,en,ase,whatsthatsign,"give birth, birth","{""signpuddle_id"": ""1333"", ""sign_fsw"": ""AS20301S2fe00S15a0aS2fe00S21400S20e00S2d200M528x512S15a0a472x488S20301478x491S2d200502x489"", ""source"": ""Adam Frost"", ""fps"": 29.97, ""duration"": 2.202, ""width"": 1280, ""height"": 720, ""codec"": ""h264""}"
videos/glasses_eyeglasses.mp4,3767ced653a1fc1147032858a8f7f055,0,0,en,ase,whatsthatsign,"glasses, eyeglasses","{""signpuddle_id"": ""228"", ""sign_fsw"": ""AS1ed17S31410S1ed1fS31420S20600S20600M536x529S2ff00482x483S1ed17510x489S1ed1f465x489S20600514x518S20600464x518"", ""source"": ""Adam Frost"", ""fps"": 30.0, ""duration"": 2.6, ""width"": 1280, ""height"": 720, ""codec"": ""h264""}"
videos/globe_world.mp4,a9888b44cac186b7ce5c8f5e4d1342af,0,0,en,ase,whatsthatsign,"globe, world","{""signpuddle_id"": ""1739"", ""sign_fsw"": ""AS14c51S2fe00S14c59S2fe00S21406S20500S2880cS28814S20500M537x524S14c51501x477S14c59473x477S2880c525x502S28814464x502"", ""source"": ""Adam Frost"", ""fps"": 29.97, ""duration"": 2.202, ""width"": 1280, ""height"": 720, ""codec"": ""h264""}"
videos/go_ahead_proceed_move_forward.mp4,df7f23fa199ce044adb1a9fd17d2e413,0,0,en,ase,whatsthatsign,"go ahead, proceed, move forward, move along, get along, advance, go","{""signpuddle_id"": ""553"", ""sign_fsw"": ""AS18240S2fe00S18248S2fe00S38006S26500S26510M529x517S18240505x502S18248471x502S26500510x483S26510477x483"", ""source"": ""Adam Frost"", ""fps"": 29.97, ""duration"": 2.269, ""width"": 1280, ""height"": 720, ""codec"": ""h264""}"
videos/go_back_and_forth_back_and_forth_go_between.mp4,36df36dfebd42c906ae85521a7aa2f47,0,0,en,ase,whatsthatsign,"go back and forth, back and forth, go between, be in and out, commute","{""signpuddle_id"": ""821"", ""sign_fsw"": ""AS1f540S2fe00S10006S27106M517x520S1f540483x483S27106502x480"", ""source"": ""Adam Frost"", ""fps"": 29.97, ""duration"": 1.502, ""width"": 1280, ""height"": 720, ""codec"": ""h264""}"
videos/go_downstairs_downstairs.mp4,1f6978d49fc7231dc77a22a6cd1e45d8,0,0,en,ase,whatsthatsign,"go downstairs, downstairs","{""signpuddle_id"": ""343"", ""sign_fsw"": ""AS11050S2fe00S10006S22510S25504M511x534S11050492x482S22510489x466S25504496x512"", ""source"": ""Adam Frost"", ""fps"": 29.97, ""duration"": 1.835, ""width"": 1280, ""height"": 720, ""codec"": ""h264""}"
videos/go_go_to_goes.mp4,e54ae6523a15b070815c74038b144534,0,0,en,ase,whatsthatsign,"go, go to, goes, going, went","{""signpuddle_id"": ""2139"", ""sign_fsw"": ""AS10020S2fe00S10006S2b700M510x528S10020495x498S2b700490x472"", ""source"": ""Adam Frost"", ""fps"": 30.0, ""duration"": 1.866, ""width"": 1280, ""height"": 720, ""codec"": ""h264""}"
videos/go_goes_went.mp4,8a9bf4f242126d9e311dcb1f2a6690b9,0,0,en,ase,whatsthatsign,"go, goes, went, going, gone, leave, left, go out, going out, head out, heading out","{""signpuddle_id"": ""778"", ""sign_fsw"": ""AS14c00S30006S10006S26500S18501M550x518S2ff00482x483S14c00525x482S26500530x463S18501523x444"", ""source"": ""Adam Frost"", ""fps"": 30.0, ""duration"": 2.0, ""width"": 1280, ""height"": 720, ""codec"": ""h264""}"
videos/go_right_veer_right_on_the_right.mp4,3df6dad5e38f16cd82d51098c26cc823,0,0,en,ase,whatsthatsign,"go right, veer right, on the right, there, at","{""signpuddle_id"": ""24"", ""sign_fsw"": ""AS10057S2fe00S10006S26507M520x519S10057480x489S26507507x481"", ""source"": ""Adam Frost"", ""fps"": 29.97, ""duration"": 3.003, ""width"": 1280, ""height"": 720, ""codec"": ""h264""}"
videos/go_straight_go_forward_there.mp4,8953ce97489d9567639233c63872a698,0,0,en,ase,whatsthatsign,"go straight, go forward, there, at","{""signpuddle_id"": ""2314"", ""sign_fsw"": ""AS10050S2fe00S10006S26500M508x524S10050493x494S26500493x477"", ""source"": ""Adam Frost"", ""fps"": 30.0, ""duration"": 1.9, ""width"": 1280, ""height"": 720, ""codec"": ""h264""}"
videos/go_towards_the_left_veer_left_there.mp4,06b2c52f5b246ba32bf589350bd23157,0,0,en,ase,whatsthatsign,"go towards the left, veer left, there, at","{""signpuddle_id"": ""2096"", ""sign_fsw"": ""AS10051S2fe00S10006S26501M519x520S10051489x499S26501481x480"", ""source"": ""Adam Frost"", ""fps"": 30.0, ""duration"": 1.767, ""width"": 1280, ""height"": 720, ""codec"": ""h264""}"
videos/go_with_go_together.mp4,b9f45862d570cc3cd9a2b7fa90039a29,0,0,en,ase,whatsthatsign,"go with, go together","{""signpuddle_id"": ""2361"", ""sign_fsw"": ""AS1f740S2fe00S1f748S2fe00S21406S20500S26520M521x517S1f748479x502S1f740501x502S26520493x484"", ""source"": ""Adam Frost"", ""fps"": 30.0, ""duration"": 1.933, ""width"": 1280, ""height"": 720, ""codec"": ""h264""}"
videos/goal_mission.mp4,fb4769f6ee70a5649147eb212debf079,0,0,en,ase,whatsthatsign,"goal, mission","{""signpuddle_id"": ""2151"", ""sign_fsw"": ""AS10011S30007S10006S20500S10041S2fe00S10018S2fe00S38005S26501M537x521S2ff00482x483S10011516x491S26501512x474S10041493x446S10018478x438"", ""source"": ""Adam Frost"", ""fps"": 29.97, ""duration"": 1.969, ""width"": 1280, ""height"": 720, ""codec"": ""h264""}"
videos/goatee_Vietnam_Vietnamese.mp4,77886de9f56dc2ea0405ce1a338910f5,0,0,en,ase,whatsthatsign,"goatee, Vietnam, Vietnamese","{""signpuddle_id"": ""2234"", ""sign_fsw"": ""AS1f401S33d00S10006S22101S21100S22a04S22105M532x536S33b00482x483S1f401497x486S22101491x498S22105495x487S21100518x505S22a04519x521"", ""source"": ""Adam Frost"", ""fps"": 30.0, ""duration"": 1.633, ""width"": 1280, ""height"": 720, ""codec"": ""h264""}"
videos/golf.mp4,c500590e8c7015477c771850a0fd895f,0,0,en,ase,whatsthatsign,golf,"{""signpuddle_id"": ""1737"", ""sign_fsw"": ""AS1ea1bS2fe00S1ea15S2fe00S37f05S2880eS2881eM530x529S1ea1b509x501S1ea15492x471S2880e486x514S2881e471x485"", ""source"": ""Adam Frost"", ""fps"": 29.97, ""duration"": 1.768, ""width"": 1280, ""height"": 720, ""codec"": ""h264""}"
videos/gone_disappear_dead.mp4,c8357979a68e0abb46afa32e3afb411e,0,0,en,ase,whatsthatsign,"gone, disappear, dead","{""signpuddle_id"": ""1363"", ""sign_fsw"": ""AS14c30S2fe00S15a48S2fe00S38006S22a04S18537M518x538S15a48483x488S14c30494x462S22a04500x496S18537498x511"", ""source"": ""Adam Frost"", ""fps"": 29.97, ""duration"": 2.069, ""width"": 1280, ""height"": 720, ""codec"": ""h264""}"
videos/good_well.mp4,3a1946755fd904275f017cbe01c18623,0,0,en,ase,whatsthatsign,"good, well","{""signpuddle_id"": ""439"", ""sign_fsw"": ""AS15a00S30004S10006S20500S22a04M518x558S2ff00482x483S15a00494x513S22a04493x543"", ""source"": ""Adam Frost"", ""fps"": 29.97, ""duration"": 2.035, ""width"": 1280, ""height"": 720, ""codec"": ""h264""}"
videos/gossip_rumor.mp4,b9ba191ddf91e7efb9a3f990989483cf,0,0,en,ase,whatsthatsign,"gossip, rumor","{""signpuddle_id"": ""829"", ""sign_fsw"": ""AS1f420S2fe00S1f428S2fe00S38006S22114S22114S2e706S2e716M535x522S1f420506x488S1f428466x488S22114506x479S22114469x479S2e706510x507S2e716466x507"", ""source"": ""Adam Frost"", ""fps"": 29.97, ""duration"": 2.436, ""width"": 1280, ""height"": 720, ""codec"": ""h264""}"
videos/government.mp4,c85f4e2e6328004b63aead71d7091d82,0,0,en,ase,whatsthatsign,government,"{""signpuddle_id"": ""1605"", ""sign_fsw"": ""AS10012S30007S10006S2ef00S20500M555x518S2ff00482x483S10012511x486S2ef00537x471"", ""source"": ""Adam Frost"", ""fps"": 29.97, ""duration"": 1.902, ""width"": 1280, ""height"": 720, ""codec"": ""h264""}"
videos/graduation_graduate.mp4,ad2c36ace0a00208fcea4a123105c093,0,0,en,ase,whatsthatsign,"graduation, graduate","{""signpuddle_id"": ""1603"", ""sign_fsw"": ""AS1f040S2fe00S15a39S2fe00S21400S2ef00S20500M521x524S15a39498x501S1f040479x499S2ef00489x476"", ""source"": ""Adam Frost"", ""fps"": 29.97, ""duration"": 2.102, ""width"": 1280, ""height"": 720, ""codec"": ""h264""}"
videos/grammar.mp4,84f444a3cdb56eee009a51451f6acae9,0,0,en,ase,whatsthatsign,grammar,"{""signpuddle_id"": ""981"", ""sign_fsw"": ""AS1f040S2fe00S1f048S2fe00S21406S20500S2a304S2a31cM536x529S1f040501x471S1f048471x471S2a304513x489S2a31c465x489"", ""source"": ""Adam Frost"", ""fps"": 29.97, ""duration"": 3.07, ""width"": 1280, ""height"": 720, ""codec"": ""h264""}"
videos/grandchildren__i_grandkids_-i_.mp4,3363af995d5c497c27971a3876146975,0,0,en,ase,whatsthatsign,"grandchildren, <i>grandkids</i>","{""signpuddle_id"": ""1340"", ""sign_fsw"": ""AS1f000S2fe00S10006S11a20S1f720S11920S10120S15a50S2fe00S15a58S2fe00S38006S2920aS29212M552x587S1f000486x414S11a20500x433S1f720495x467S11920494x486S10120500x516S15a50505x560S15a58484x560S2920a521x571S29212449x571"", ""source"": ""Adam Frost"", ""fps"": 30.0, ""duration"": 3.0, ""width"": 1280, ""height"": 720, ""codec"": ""h264""}"
videos/granddaughter_grandaughter.mp4,0c13d72c1c48a4b37193d2180f018b88,0,0,en,ase,whatsthatsign,"granddaughter, grandaughter","{""signpuddle_id"": ""1339"", ""sign_fsw"": ""AS1f000S2fe00S10006S11a20S1f720S11920S10120S15a10S30005S15a3aS2fe00S20500S22a03S15a32S38622S20500M527x566S1f000485x336S11a20499x355S1f720494x389S11920493x408S10120499x438S2ff00482x483S15a10506x508S37806475x559S15a3a500x554S15a32472x542S22a03490x524"", ""source"": ""Adam Frost"", ""fps"": 29.97, ""duration"": 2.936, ""width"": 1280, ""height"": 720, ""codec"": ""h264""}"
videos/grandfather_grandpa_granddad.mp4,e1f9462a0eba93fe51fe6c86fae0b6e4,0,0,en,ase,whatsthatsign,"grandfather, grandpa, granddad","{""signpuddle_id"": ""1335"", ""sign_fsw"": ""AS14c20S30007S10006S20500S2b901M547x518S2ff00482x483S14c20515x472S2b901521x445"", ""source"": ""Adam Frost"", ""fps"": 29.97, ""duration"": 2.369, ""width"": 1280, ""height"": 720, ""codec"": ""h264""}"
videos/grandmother_grandma_grandmom.mp4,c1aa3ca620ea0de69deb5a4358f5859c,0,0,en,ase,whatsthatsign,"grandmother, grandma, grandmom","{""signpuddle_id"": ""1336"", ""sign_fsw"": ""AS14c27S30004S10006S20500S2b901M548x535S2ff00482x483S14c27504x508S2b901522x481"", ""source"": ""Adam Frost"", ""fps"": 29.97, ""duration"": 2.236, ""width"": 1280, ""height"": 720, ""codec"": ""h264""}"
videos/grandparents_grandparent.mp4,097acad7846e29982f1e3d67e6696afc,0,0,en,ase,whatsthatsign,"grandparents, grandparent","{""signpuddle_id"": ""1337"", ""sign_fsw"": ""AS14c20S30007S14c2fS30004S20500S20500S2b901S2b910M547x535S2ff00482x483S14c20515x472S14c2f470x508S2b901521x445S2b910452x481"", ""source"": ""Adam Frost"", ""fps"": 29.97, ""duration"": 2.669, ""width"": 1280, ""height"": 720, ""codec"": ""h264""}"
videos/grandson.mp4,099e612d7f44e81baec4e6cb39f9113b,0,0,en,ase,whatsthatsign,grandson,"{""signpuddle_id"": ""1338"", ""sign_fsw"": ""AS1f000S2fe00S10006S11a20S1f720S11920S10120S15a11S30007S15a3aS2fe00S20500S22a03S15a32S38622S20500M533x552S1f000485x336S11a20499x355S1f720494x389S11920493x408S10120499x438S2ff00482x483S15a11510x478S37806477x545S15a3a502x540S15a32474x527S22a03508x517"", ""source"": ""Adam Frost"", ""fps"": 29.97, ""duration"": 3.203, ""width"": 1280, ""height"": 720, ""codec"": ""h264""}"
videos/grapes_grape.mp4,1893b74c4bcb1c706528c717845e901d,0,0,en,ase,whatsthatsign,"grapes, grape","{""signpuddle_id"": ""1011"", ""sign_fsw"": ""AS14e11S2fe00S15a1bS2fe00S21407S20500S22a05S20500M523x521S15a1b478x498S14e11482x479S22a05510x479S20500502x508"", ""source"": ""Adam Frost"", ""fps"": 29.97, ""duration"": 2.402, ""width"": 1280, ""height"": 720, ""codec"": ""h264""}"
videos/grass.mp4,6a9592c5a49d297ffdfc8f5a4df8672f,0,0,en,ase,whatsthatsign,grass,"{""signpuddle_id"": ""830"", ""sign_fsw"": ""AS14e31S38404S10006S20e00S26a00M541x536S2ff00482x483S14e31477x502S20e00521x524S26a00514x508"", ""source"": ""Adam Frost"", ""fps"": 29.97, ""duration"": 3.07, ""width"": 1280, ""height"": 720, ""codec"": ""h264""}"
videos/grate_grating.mp4,3a5306855e7e16b48ee0d79c5ff1117d,0,0,en,ase,whatsthatsign,"grate, grating","{""signpuddle_id"": ""2210"", ""sign_fsw"": ""AS1f751S2fe00S15a39S2fe00S21400S20e00S26a07M526x519S15a39478x483S1f751475x498S20e00498x497S26a07505x481"", ""source"": ""Adam Frost"", ""fps"": 30.0, ""duration"": 1.933, ""width"": 1280, ""height"": 720, ""codec"": ""h264""}"
videos/grateful_thankful_thanks.mp4,51e2b0b2c61c1b42d43a3b5854ed76c1,0,0,en,ase,whatsthatsign,"grateful, thankful, thanks","{""signpuddle_id"": ""1784"", ""sign_fsw"": ""AS15a01S30004S15a09S2fe00S20500S26a00S26a10M541x571S2ff00482x483S15a01496x512S15a09477x548S26a00514x508S26a10477x531"", ""source"": ""Adam Frost"", ""fps"": 29.97, ""duration"": 2.002, ""width"": 1280, ""height"": 720, ""codec"": ""h264""}"
videos/grave.mp4,6e9b30bd6a5c484f75aa5227cb3c6f2b,0,0,en,ase,whatsthatsign,grave,"{""signpuddle_id"": ""1947"", ""sign_fsw"": ""AS17150S2fe00S17158S2fe00S38006S2b704S2b715M521x524S17150503x477S17158479x477S2b704505x500S2b715481x500"", ""source"": ""Adam Frost"", ""fps"": 29.97, ""duration"": 1.735, ""width"": 1280, ""height"": 720, ""codec"": ""h264""}"
videos/graves_graveyard_cemetery.mp4,0476b5ddda1b73591f7de2a4a0195c5b,0,0,en,ase,whatsthatsign,"graves, graveyard, cemetery","{""signpuddle_id"": ""1948"", ""sign_fsw"": ""AS17150S2fe00S17158S2fe00S38006S2b704S2b715S26526S2b704S2b715M549x524S17150475x477S17158451x477S2b704477x500S2b715453x500S26526494x505S2b704535x500S2b715511x500"", ""source"": ""Adam Frost"", ""fps"": 29.97, ""duration"": 2.736, ""width"": 1280, ""height"": 720, ""codec"": ""h264""}"
videos/gray_grey.mp4,c55f57263e7b11046c2d1f641e997f02,0,0,en,ase,whatsthatsign,"gray, grey","{""signpuddle_id"": ""82"", ""sign_fsw"": ""AS14c02S2fe00S14c0aS2fe00S21406S21000S27100S27114M542x530S14c02499x503S14c0a471x507S21000490x488S27100502x470S27114458x470"", ""source"": ""Adam Frost"", ""fps"": 30.0, ""duration"": 2.3, ""width"": 1280, ""height"": 720, ""codec"": ""h264""}"
videos/greasy_gravy_dripping.mp4,88f8fbf12b3e8c8a04a94326339a0c97,0,0,en,ase,whatsthatsign,"greasy, gravy, dripping, drippings","{""signpuddle_id"": ""1672"", ""sign_fsw"": ""AS1bb31S2fe00S15a0aS2fe00S21414S21000S22f04M525x523S1bb31476x478S15a0a495x478S21000502x492S22f04500x509"", ""source"": ""Adam Frost"", ""fps"": 29.97, ""duration"": 2.135, ""width"": 1280, ""height"": 720, ""codec"": ""h264""}"
videos/green.mp4,587c9c57655d2ce9c4c143cf9809619b,0,0,en,ase,whatsthatsign,green,"{""signpuddle_id"": ""691"", ""sign_fsw"": ""AS1f010S2fe00S10006S2df08M516x520S1f010485x505S2df08495x480"", ""source"": ""Adam Frost"", ""fps"": 29.97, ""duration"": 1.735, ""width"": 1280, ""height"": 720, ""codec"": ""h264""}"
videos/group.mp4,143d7edafa25de8590b28b3e6c0b2791,0,0,en,ase,whatsthatsign,group,"{""signpuddle_id"": ""1832"", ""sign_fsw"": ""AS1f020S2fe00S1f028S2fe00S21406S20500S2df06S2df1eS20500M531x522S1f020502x507S1f028470x507S2df06502x479S2df1e479x479"", ""source"": ""Adam Frost"", ""fps"": 30.0, ""duration"": 2.0, ""width"": 1280, ""height"": 720, ""codec"": ""h264""}"
videos/group_category_class.mp4,e2a46e2ca8f1ab5288e308d10705e999,0,0,en,ase,whatsthatsign,"group, category, class, batch, team, tribe","{""signpuddle_id"": ""1831"", ""sign_fsw"": ""AS15410S2fe00S15418S2fe00S38006S2df06S2df1eM522x527S15410507x502S15418478x502S2df06502x474S2df1e478x474"", ""source"": ""Adam Frost"", ""fps"": 29.97, ""duration"": 1.735, ""width"": 1280, ""height"": 720, ""codec"": ""h264""}"
videos/grow.mp4,d80aa6faa7a04733b27e630765014ddc,0,0,en,ase,whatsthatsign,grow,"{""signpuddle_id"": ""1531"", ""sign_fsw"": ""AS1853eS2fe00S16d48S2fe00S21406S21000S22a00S14c30M525x536S16d48475x496S1853e490x511S21000505x509S22a00509x492S14c30482x465"", ""source"": ""Adam Frost"", ""fps"": 29.97, ""duration"": 1.768, ""width"": 1280, ""height"": 720, ""codec"": ""h264""}"
videos/grow_grow_up_raise.mp4,a75a357d5c55e926629766277f54b565,0,0,en,ase,whatsthatsign,"grow, grow up, raise","{""signpuddle_id"": ""139"", ""sign_fsw"": ""AS15a50S2fe00S10006S22a00M507x523S15a50495x496S22a00494x477"", ""source"": ""Adam Frost"", ""fps"": 30.0, ""duration"": 2.567, ""width"": 1280, ""height"": 720, ""codec"": ""h264""}"
videos/guard.mp4,041a68677ed3b54f6d448b7d9ab5cc3e,0,0,en,ase,whatsthatsign,guard,"{""signpuddle_id"": ""1896"", ""sign_fsw"": ""AS1f010S2fe00S1f018S2fe00S21414S20500M527x511S1f018498x490S1f010473x496"", ""source"": ""Adam Frost"", ""fps"": 29.97, ""duration"": 1.802, ""width"": 1280, ""height"": 720, ""codec"": ""h264""}"
videos/guard_guardian.mp4,8eff146b31a67d47723874d93fbe762a,0,0,en,ase,whatsthatsign,"guard, guardian","{""signpuddle_id"": ""1897"", ""sign_fsw"": ""AS1f010S2fe00S1f018S2fe00S21414S20600M527x518S1f018498x483S1f010473x489S20600489x507"", ""source"": ""Adam Frost"", ""fps"": 29.97, ""duration"": 1.535, ""width"": 1280, ""height"": 720, ""codec"": ""h264""}"
videos/guess_assume_estimate.mp4,cb267e022c831a17140137bd90b984d8,0,0,en,ase,whatsthatsign,"guess, assume, estimate, miss","{""signpuddle_id"": ""2029"", ""sign_fsw"": ""AS16d17S2ff00S10006S28802S20311M535x526S2ff00482x483S16d17515x503S28802489x494S20311465x505"", ""source"": ""Adam Frost"", ""fps"": 29.97, ""duration"": 1.869, ""width"": 1280, ""height"": 720, ""codec"": ""h264""}"
videos/gum.mp4,5ccb6781375a8ff86943da65554625ed,0,0,en,ase,whatsthatsign,gum,"{""signpuddle_id"": ""314"", ""sign_fsw"": ""AS11010S30005S10006S20500S22f00M545x537S2ff00482x483S11010510x510S22f00520x495"", ""source"": ""Adam Frost"", ""fps"": 29.97, ""duration"": 2.436, ""width"": 1280, ""height"": 720, ""codec"": ""h264""}"
videos/gym_gymnasium.mp4,a55bac65ebe772cabe59ca84dabd45a7,0,0,en,ase,whatsthatsign,"gym, gymnasium","{""signpuddle_id"": ""1244"", ""sign_fsw"": ""AS1ea11S38507S1ea19S38501S2ea30S2ea48M559x515S36d00479x511S1ea11514x489S1ea19458x489S2ea30544x485S2ea48441x485"", ""source"": ""Adam Frost"", ""fps"": 29.97, ""duration"": 2.135, ""width"": 1280, ""height"": 720, ""codec"": ""h264""}"
videos/gymnastics.mp4,b7793e2d70e94e0fc4a9ea3a1cdfbc07,0,0,en,ase,whatsthatsign,gymnastics,"{""signpuddle_id"": ""1790"", ""sign_fsw"": ""AS10e20S2fe00S1001aS2fe00S37f07S2f000M521x530S10e20505x470S1001a479x505S2f000500x510"", ""source"": ""Adam Frost"", ""fps"": 30.0, ""duration"": 2.033, ""width"": 1280, ""height"": 720, ""codec"": ""h264""}"
videos/hair.mp4,6a6d8e7fc3c3596372ae46e22d16d8ea,0,0,en,ase,whatsthatsign,hair,"{""signpuddle_id"": ""207"", ""sign_fsw"": ""AS1ce10S38407S10006S20800S26a06M554x518S2ff00482x483S1ce10514x467S20800506x472S26a06540x472"", ""source"": ""Adam Frost"", ""fps"": 30.0, ""duration"": 2.433, ""width"": 1280, ""height"": 720, ""codec"": ""h264""}"
videos/haircut_cut_hair.mp4,964e83850bd80e38997b6ea2d260bf93,0,0,en,ase,whatsthatsign,"haircut, cut hair","{""signpuddle_id"": ""2366"", ""sign_fsw"": ""AS10e10S30007S10e18S30001S22702S22706S26a04S26a14S2fd04M551x544S2ff00482x483S10e10522x480S10e18463x496S22702541x482S22706449x499S26a04516x514S26a14457x530S2fd04490x533"", ""source"": ""Adam Frost"", ""fps"": 30.0, ""duration"": 2.033, ""width"": 1280, ""height"": 720, ""codec"": ""h264""}"
videos/hairspray.mp4,627437ad682e04247201bf4314a4d30c,0,0,en,ase,whatsthatsign,hairspray,"{""signpuddle_id"": ""1941"", ""sign_fsw"": ""AS10611S30007S10006S26a04M545x525S2ff00482x483S10611519x480S26a04518x511"", ""source"": ""Adam Frost"", ""fps"": 29.97, ""duration"": 2.703, ""width"": 1280, ""height"": 720, ""codec"": ""h264""}"
videos/half_and_half_halves.mp4,2fd1efb1c9108b9629e7cf7c849d94df,0,0,en,ase,whatsthatsign,"half and half, halves","{""signpuddle_id"": ""2329"", ""sign_fsw"": ""AS10000S2fe00S10008S2fe00S38006S22a04S10e00S22a14S10e08M529x545S10000514x455S22a04515x489S10e00514x506S10008471x465S22a14472x499S10e08471x515S2fd04489x503"", ""source"": ""Adam Frost"", ""fps"": 30.0, ""duration"": 1.833, ""width"": 1280, ""height"": 720, ""codec"": ""h264""}"
videos/half_one_half_a_half.mp4,0e84443c7f74e59c8d82ab1e9a7d9369,0,0,en,ase,whatsthatsign,"half, one half, a half, 1/2","{""signpuddle_id"": ""1940"", ""sign_fsw"": ""AS10000S2fe00S10006S22a04S10e00M508x540S10000493x460S22a04494x493S10e00493x510"", ""source"": ""Adam Frost"", ""fps"": 30.0, ""duration"": 1.8, ""width"": 1280, ""height"": 720, ""codec"": ""h264""}"
videos/hall_hallway_corridor.mp4,70cc1879fe9e6b227f9b0e28fde869b3,0,0,en,ase,whatsthatsign,"hall, hallway, corridor","{""signpuddle_id"": ""341"", ""sign_fsw"": ""AS15a10S2fe00S15a18S2fe00S38006S26500S26510M523x524S15a10510x497S15a18479x497S26500509x476S26510478x476"", ""source"": ""Adam Frost"", ""fps"": 29.97, ""duration"": 2.436, ""width"": 1280, ""height"": 720, ""codec"": ""h264""}"
videos/hammer_gavel_judge.mp4,7777f00acb6621be91f4740d78781326,0,0,en,ase,whatsthatsign,"hammer, gavel, judge","{""signpuddle_id"": ""1630"", ""sign_fsw"": ""AS1ea40S2fe00S10006S23004M514x522S1ea40486x479S23004489x504"", ""source"": ""Adam Frost"", ""fps"": 29.97, ""duration"": 1.902, ""width"": 1280, ""height"": 720, ""codec"": ""h264""}"
videos/hands_hand.mp4,e2301f38c0943c44eb389aae929bec99,0,0,en,ase,whatsthatsign,"hands, hand","{""signpuddle_id"": ""1950"", ""sign_fsw"": ""AS15a01S2fe00S15a09S2fe00S21414S20e00S2ea0cS2ea40M523x528S15a09484x473S15a01495x481S20e00494x509S2ea0c508x503S2ea40477x503"", ""source"": ""Adam Frost"", ""fps"": 29.97, ""duration"": 1.835, ""width"": 1280, ""height"": 720, ""codec"": ""h264""}"
videos/happen_occur.mp4,82e3e96f5d4162a2b415cc7b8f8a7921,0,0,en,ase,whatsthatsign,"happen, occur","{""signpuddle_id"": ""364"", ""sign_fsw"": ""AS10030S2fe00S10038S2fe00S38006S2a200S2a218M528x529S10030509x499S10038477x499S2a200505x472S2a218473x472"", ""source"": ""Adam Frost"", ""fps"": 30.0, ""duration"": 2.533, ""width"": 1280, ""height"": 720, ""codec"": ""h264""}"
videos/happy_glad_pleasant.mp4,10ea7d79e572d01cb0edb68c08635471,0,0,en,ase,whatsthatsign,"happy, glad, pleasant","{""signpuddle_id"": ""775"", ""sign_fsw"": ""AS15a02S38510S10006S20e00S22f00M514x522S15a02486x510S20e00495x495S22f00489x478"", ""source"": ""Adam Frost"", ""fps"": 30.0, ""duration"": 3.0, ""width"": 1280, ""height"": 720, ""codec"": ""h264""}"
videos/hard_difficult.mp4,a6d2441340aed175b8d8a7a6bbd241ab,0,0,en,ase,whatsthatsign,"hard, difficult","{""signpuddle_id"": ""43"", ""sign_fsw"": ""AS11041S2fe00S1104aS2fe00S21400S20500M521x523S11041480x478S1104a494x508"", ""source"": ""Adam Frost"", ""fps"": 30.0, ""duration"": 3.1, ""width"": 1280, ""height"": 720, ""codec"": ""h264""}"
videos/hat.mp4,91e3361cd40c0e43bd38d9801b5ede34,0,0,en,ase,whatsthatsign,hat,"{""signpuddle_id"": ""148"", ""sign_fsw"": ""AS15a11S38407S10006S20600M531x518S2ff00482x483S15a11508x477S20600502x464"", ""source"": ""Adam Frost"", ""fps"": 30.0, ""duration"": 3.133, ""width"": 1280, ""height"": 720, ""codec"": ""h264""}"
videos/hate.mp4,ed855e2bfc8c4531d3d2b52a54786216,0,0,en,ase,whatsthatsign,hate,"{""signpuddle_id"": ""1939"", ""sign_fsw"": ""AS1bb40S2fe00S1bb48S2fe00S38006S26500S26510S14c40S14c48M533x541S1bb40508x513S1bb48471x513S26500514x496S26510472x496S14c40509x460S14c48467x460"", ""source"": ""Adam Frost"", ""fps"": 29.97, ""duration"": 1.969, ""width"": 1280, ""height"": 720, ""codec"": ""h264""}"
videos/have_has_had.mp4,ce71635527950207d6c85cc54a32fda0,0,0,en,ase,whatsthatsign,"have, has, had, having, there are, there is, exist","{""signpuddle_id"": ""122"", ""sign_fsw"": ""AS18241S38517S18249S38511S20500S20500M539x515S18241514x485S18249461x485S20500507x504S20500484x504"", ""source"": ""Adam Frost"", ""fps"": 29.97, ""duration"": 2.236, ""width"": 1280, ""height"": 720, ""codec"": ""h264""}"
videos/he_she_they.mp4,be86ed602722e77038c189f93b24d73c,0,0,en,ase,whatsthatsign,"he, she, they, it, him, her, them, that, this, the, there, at","{""signpuddle_id"": ""2120"", ""sign_fsw"": ""AS10041S2fe00S10006S26501M521x520S10041500x490S26501480x481"", ""source"": ""Adam Frost"", ""fps"": 30.0, ""duration"": 1.8, ""width"": 1280, ""height"": 720, ""codec"": ""h264""}"
videos/head.mp4,337541f7fc13a2e496e95749cd420b66,0,0,en,ase,whatsthatsign,head,"{""signpuddle_id"": ""119"", ""sign_fsw"": ""AS18210S30005S10006S20500S22a00S20500S30007M535x527S2ff00482x483S18210512x512S20500515x482"", ""source"": ""Adam Frost"", ""fps"": 30.0, ""duration"": 2.467, ""width"": 1280, ""height"": 720, ""codec"": ""h264""}"
videos/headache.mp4,9845e37eb3bf8034b5ee026c6ea6427b,0,0,en,ase,whatsthatsign,headache,"{""signpuddle_id"": ""725"", ""sign_fsw"": ""AS10012S30007S1001aS30001S26a02S26a16M544x531S2ff00482x483S10012514x484S26a02528x503S1001a454x484S26a16456x504"", ""source"": ""Adam Frost"", ""fps"": 29.97, ""duration"": 2.502, ""width"": 1280, ""height"": 720, ""codec"": ""h264""}"
videos/heal_get_well_get_better.mp4,aef282f7263e3f23a249d2d718ac1b4b,0,0,en,ase,whatsthatsign,"heal, get well, get better, cure, mend, health, healthy, strength, brave, confident, bold","{""signpuddle_id"": ""1951"", ""sign_fsw"": ""AS15401S38507S15409S38501S20500S20500S26500S26510S20301S20309M539x533S36d00479x508S15401515x510S15409461x510S26500521x492S26510465x492S20301518x468S20309461x468"", ""source"": ""Adam Frost"", ""fps"": 29.97, ""duration"": 1.735, ""width"": 1280, ""height"": 720, ""codec"": ""h264""}"
videos/hear_ear.mp4,8d0600a7094ad4896d63451b23e59382,0,0,en,ase,whatsthatsign,"hear, ear","{""signpuddle_id"": ""1665"", ""sign_fsw"": ""AS10011S33010S10006S20500M538x537S33010479x483S10011517x507"", ""source"": ""Adam Frost"", ""fps"": 30.0, ""duration"": 1.8, ""width"": 1280, ""height"": 720, ""codec"": ""h264""}"
videos/hearing_hearing_person_hearing_people.mp4,7f4ceee12c7b5a2bb629d131ed795aa2,0,0,en,ase,whatsthatsign,"hearing, hearing person, hearing people, public","{""signpuddle_id"": ""15"", ""sign_fsw"": ""AS10012S30004S10006S20e00S2ea00M532x560S2ff00482x483S10012502x512S20e00494x520S2ea00494x535"", ""source"": ""Adam Frost"", ""fps"": 30.0, ""duration"": 2.533, ""width"": 1280, ""height"": 720, ""codec"": ""h264""}"
videos/heart.mp4,551879722d6bf442536960d16965d093,0,0,en,ase,whatsthatsign,heart,"{""signpuddle_id"": ""1615"", ""sign_fsw"": ""AS1c501S38511S10006S20600M521x522S36d00479x478S1c501476x485S20600466x511"", ""source"": ""Adam Frost"", ""fps"": 29.97, ""duration"": 1.969, ""width"": 1280, ""height"": 720, ""codec"": ""h264""}"
videos/heart_heart_shape.mp4,d7096814837131ceef06e9f20949e2cf,0,0,en,ase,whatsthatsign,"heart, heart shape","{""signpuddle_id"": ""982"", ""sign_fsw"": ""AS10051S2fe00S10059S2fe00S21406S20500S28c0bS28c13S20500M531x529S10051501x471S10059470x471S28c3b501x494S22a33509x511S22a03502x515S28c33476x494S22a35481x510S22a15486x515"", ""source"": ""Adam Frost"", ""fps"": 29.97, ""duration"": 2.402, ""width"": 1280, ""height"": 720, ""codec"": ""h264""}"
videos/heaven.mp4,bb53eb9eac06b9df662e8d9832f5ec60,0,0,en,ase,whatsthatsign,heaven,"{""signpuddle_id"": ""1872"", ""sign_fsw"": ""AS18210S30000S18218S30000S2e700S2e740S26506S26512M559x518S2ff00482x483S18210497x460S18218480x470S2e700525x460S2e740459x460S26506544x466S26512442x466"", ""source"": ""Adam Frost"", ""fps"": 29.97, ""duration"": 2.202, ""width"": 1280, ""height"": 720, ""codec"": ""h264""}"
videos/heavy.mp4,3355e6426f5ecae2e8cfa3ebcf45363e,0,0,en,ase,whatsthatsign,heavy,"{""signpuddle_id"": ""2040"", ""sign_fsw"": ""AS17131S2fe00S17139S2fe00S38006S22a04S22a14M531x517S17131507x483S17139473x483S22a04518x502S22a14469x502"", ""source"": ""Adam Frost"", ""fps"": 30.0, ""duration"": 1.9, ""width"": 1280, ""height"": 720, ""codec"": ""h264""}"
videos/helicopter.mp4,78264479d301f3dfe159affd95a08eba,0,0,en,ase,whatsthatsign,helicopter,"{""signpuddle_id"": ""1171"", ""sign_fsw"": ""AS14c12S2fe00S10018S2fe00S21400S20500S2c500M520x537S10018503x507S14c12481x490S2c500480x463"", ""source"": ""Adam Frost"", ""fps"": 29.97, ""duration"": 2.436, ""width"": 1280, ""height"": 720, ""codec"": ""h264""}"
videos/hell.mp4,d33d1daef42bb65fc2c4e9d04608114f,0,0,en,ase,whatsthatsign,hell,"{""signpuddle_id"": ""1833"", ""sign_fsw"": ""AS11541S2fe00S10006S22a05M517x518S11541484x482S22a05504x504"", ""source"": ""Adam Frost"", ""fps"": 29.97, ""duration"": 1.768, ""width"": 1280, ""height"": 720, ""codec"": ""h264""}"
videos/hello.mp4,523877726f417d5f122a8ce50f70fe73,0,0,en,ase,whatsthatsign,hello,"{""signpuddle_id"": ""126"", ""sign_fsw"": ""AS15a11S30007S10006S20500S26500M533x518S2ff00482x483S15a11510x487S26500508x469"", ""source"": ""Adam Frost"", ""fps"": 29.97, ""duration"": 2.069, ""width"": 1280, ""height"": 720, ""codec"": ""h264""}"
videos/help_helping__i_assistance_-i_.mp4,c5c054cb11d0867a286d1ec5a33121e9,0,0,en,ase,whatsthatsign,"help, helping, <i>assistance</i>, <i>treatment</i>, <i>therapy</i>","{""signpuddle_id"": ""1561"", ""sign_fsw"": ""AS1f540S2fe00S15a37S2fe00S21400S20600M521x519S15a37498x489S1f540491x482S20600480x508"", ""source"": ""Adam Frost"", ""fps"": 29.97, ""duration"": 2.236, ""width"": 1280, ""height"": 720, ""codec"": ""h264""}"
videos/help_helps_helped.mp4,8faa7c4603bd0a88a4bec7895f7c8be1,0,0,en,ase,whatsthatsign,"help, helps, helped","{""signpuddle_id"": ""1560"", ""sign_fsw"": ""AS1f540S2fe00S15a37S2fe00S21400S20500M515x515S15a37492x492S1f540485x485"", ""source"": ""Adam Frost"", ""fps"": 29.97, ""duration"": 1.902, ""width"": 1280, ""height"": 720, ""codec"": ""h264""}"
videos/helper_therapist.mp4,eb4c28b2081c95cdfd9f54fb346196c9,0,0,en,ase,whatsthatsign,"helper, therapist","{""signpuddle_id"": ""1639"", ""sign_fsw"": ""AS1f540S2fe00S15a37S2fe00S21400S20500S15a40S2fe00S15a48S2fe00S38006S22a04S22a14M523x541S15a37498x467S1f540491x460S15a40510x496S15a48478x496S22a04510x526S22a14477x526"", ""source"": ""Adam Frost"", ""fps"": 30.0, ""duration"": 2.333, ""width"": 1280, ""height"": 720, ""codec"": ""h264""}"
videos/here.mp4,3b2826eb92c3f48eb1b7bdc0e6a9f204,0,0,en,ase,whatsthatsign,here,"{""signpuddle_id"": ""132"", ""sign_fsw"": ""AS15a30S2fe00S15a38S2fe00S38006S2e508S2e510M532x530S15a30512x471S15a38475x471S2e508509x503S2e510468x503"", ""source"": ""Adam Frost"", ""fps"": 29.97, ""duration"": 2.569, ""width"": 1280, ""height"": 720, ""codec"": ""h264""}"
videos/hi.mp4,d9c657abf1c7a6eddd934099d183334a,0,0,en,ase,whatsthatsign,hi,"{""signpuddle_id"": ""131"", ""sign_fsw"": ""AS15a20S2fe00S10006S2880aM517x518S15a20484x491S2880a495x482"", ""source"": ""Adam Frost"", ""fps"": 29.97, ""duration"": 1.535, ""width"": 1280, ""height"": 720, ""codec"": ""h264""}"
videos/hi_bye.mp4,0fd5bc04888e15ba35db5a733c4d0658,0,0,en,ase,whatsthatsign,"hi, bye","{""signpuddle_id"": ""91"", ""sign_fsw"": ""AS14c20S2fe00S10006S27106M520x520S14c20480x484S27106505x480"", ""source"": ""Adam Frost"", ""fps"": 29.97, ""duration"": 2.936, ""width"": 1280, ""height"": 720, ""codec"": ""h264""}"
videos/hide_conceal.mp4,91038c6f1de158fdcb5b815e54119506,0,0,en,ase,whatsthatsign,"hide, conceal","{""signpuddle_id"": ""459"", ""sign_fsw"": ""AS1f711S33d00S18218S2fe00S20500S2c601S1f741S21404S20500M548x532S33b00482x483S1f711482x510S2c601515x503S18218520x479S1f741527x483"", ""source"": ""Adam Frost"", ""fps"": 29.97, ""duration"": 2.269, ""width"": 1280, ""height"": 720, ""codec"": ""h264""}"
videos/high_heels.mp4,3013f48c0849e3b243d26f6e4437099c,0,0,en,ase,whatsthatsign,high heels,"{""signpuddle_id"": ""760"", ""sign_fsw"": ""AS19203S2fe00S1920bS2fe00S38006S23604S23610M542x525S19203513x476S1920b469x476S23604503x508S23610459x508"", ""source"": ""Adam Frost"", ""fps"": 29.97, ""duration"": 2.102, ""width"": 1280, ""height"": 720, ""codec"": ""h264""}"
videos/hike_hiking.mp4,c98664cd9882c8c0a1c1eb438ae46c94,0,0,en,ase,whatsthatsign,"hike, hiking","{""signpuddle_id"": ""59"", ""sign_fsw"": ""AS11e50S2fe00S11e58S2fe00S38006S27100S27114M541x525S11e50505x476S11e58471x476S27100501x510S27114459x510"", ""source"": ""Adam Frost"", ""fps"": 29.97, ""duration"": 2.703, ""width"": 1280, ""height"": 720, ""codec"": ""h264""}"
videos/hills.mp4,13dd1ab02251564ca0f0a9797386b2fb,0,0,en,ase,whatsthatsign,hills,"{""signpuddle_id"": ""282"", ""sign_fsw"": ""AS11502S2fe00S10006S19220S1dc20S1dc20S20320M518x563S11502482x438S19220497x457S1dc20488x480S1dc20488x514S20320497x548"", ""source"": ""Adam Frost"", ""fps"": 29.97, ""duration"": 3.136, ""width"": 1280, ""height"": 720, ""codec"": ""h264""}"
videos/himself_herself_itself.mp4,87f50521e675925d09a09739fbe7b6d9,0,0,en,ase,whatsthatsign,"himself, herself, itself, themselves","{""signpuddle_id"": ""1143"", ""sign_fsw"": ""AS1f540S2fe00S10006S26507M516x515S1f540485x491S26507503x485"", ""source"": ""Adam Frost"", ""fps"": 29.97, ""duration"": 1.969, ""width"": 1280, ""height"": 720, ""codec"": ""h264""}"
videos/hip_hop.mp4,46bc2f30296c7a4d3a2c6403aa380258,0,0,en,ase,whatsthatsign,hip hop,"{""signpuddle_id"": ""1834"", ""sign_fsw"": ""AS1ce40S2fe00S10006S22f04S26606M517x526S1ce40489x474S26606487x501S22f04484x512"", ""source"": ""Adam Frost"", ""fps"": 30.0, ""duration"": 1.667, ""width"": 1280, ""height"": 720, ""codec"": ""h264""}"
videos/hippie_hippies.mp4,d380d4c969c3904b29a5988d8b2de7af,0,0,en,ase,whatsthatsign,"hippie, hippies","{""signpuddle_id"": ""1884"", ""sign_fsw"": ""AS14c13S30005S14c1bS30003S27100S27110M547x547S2ff00482x483S14c13517x503S14c1b456x503S27100507x532S27110453x532"", ""source"": ""Adam Frost"", ""fps"": 29.97, ""duration"": 2.236, ""width"": 1280, ""height"": 720, ""codec"": ""h264""}"
videos/his_her_its.mp4,c392557c943cde174b7135a7a3433515,0,0,en,ase,whatsthatsign,"his, her, its, their, hers, theirs","{""signpuddle_id"": ""1001"", ""sign_fsw"": ""AS15a28S2fe00S10006S26507M513x520S15a28488x493S26507500x481"", ""source"": ""Adam Frost"", ""fps"": 29.97, ""duration"": 2.536, ""width"": 1280, ""height"": 720, ""codec"": ""h264""}"
videos/history.mp4,f67a56c9926b8656557179ef9d5fc595,0,0,en,ase,whatsthatsign,history,"{""signpuddle_id"": ""1845"", ""sign_fsw"": ""AS11547S2fe00S10006S22f04M515x521S11547488x480S22f04486x507"", ""source"": ""Adam Frost"", ""fps"": 29.97, ""duration"": 2.002, ""width"": 1280, ""height"": 720, ""codec"": ""h264""}"
videos/hockey_field_hockey.mp4,a40620ab1b6e8963ae5cea71a399a502,0,0,en,ase,whatsthatsign,"hockey, field hockey","{""signpuddle_id"": ""1867"", ""sign_fsw"": ""AS10631S2fe00S15a37S2fe00S21400S20e00S26a03M527x526S15a37495x475S10631504x494S20e00490x499S26a03474x505"", ""source"": ""Adam Frost"", ""fps"": 29.97, ""duration"": 2.269, ""width"": 1280, ""height"": 720, ""codec"": ""h264""}"
videos/holiday_Hollywood.mp4,b7d6b92a8a6e05582c90cc60c5b330da,0,0,en,ase,whatsthatsign,"holiday, Hollywood","{""signpuddle_id"": ""1243"", ""sign_fsw"": ""AS14c11S38517S14c19S38511S20600S20600S27104S27110M549x525S14c11503x498S14c19473x498S20600518x491S20600462x491S27104509x476S27110452x476"", ""source"": ""Adam Frost"", ""fps"": 29.97, ""duration"": 1.935, ""width"": 1280, ""height"": 720, ""codec"": ""h264""}"
videos/home.mp4,018c770bfcf99467b6a4e857162752b3,0,0,en,ase,whatsthatsign,home,"{""signpuddle_id"": ""2124"", ""sign_fsw"": ""AS18517S30005S10006S20500M531x536S2ff00482x483S18517512x509"", ""source"": ""Adam Frost"", ""fps"": 30.0, ""duration"": 1.6, ""width"": 1280, ""height"": 720, ""codec"": ""h264""}"
videos/homework.mp4,19b82ba86854329dff7fe38ef3d390c2,0,0,en,ase,whatsthatsign,homework,"{""signpuddle_id"": ""161"", ""sign_fsw"": ""AS18517S30005S10006S20500S20320S2fe00S20356S2fe00S21400S20500M531x570S2ff00482x483S18517512x509S20320493x539S20356501x555"", ""source"": ""Adam Frost"", ""fps"": 30.0, ""duration"": 2.1, ""width"": 1280, ""height"": 720, ""codec"": ""h264""}"
videos/honest_honestly_truth.mp4,4729414d0b31bafbd785deeeed1ab937,0,0,en,ase,whatsthatsign,"honest, honestly, truth, truthful","{""signpuddle_id"": ""1685"", ""sign_fsw"": ""AS11541S2fe00S15a38S2fe00S21400S21100S26500M515x529S15a38485x486S11541491x502S21100501x489S26500500x472"", ""source"": ""Adam Frost"", ""fps"": 30.0, ""duration"": 1.867, ""width"": 1280, ""height"": 720, ""codec"": ""h264""}"
videos/horizontal_striped_shirt.mp4,a841cc2052b645742f3c38c0c310d34d,0,0,en,ase,whatsthatsign,horizontal striped shirt,"{""signpuddle_id"": ""1057"", ""sign_fsw"": ""AS14402S38510S10006S20e00S26a06S22b04M527x526S22b04498x496S14402473x475S20e00487x500S26a06513x493"", ""source"": ""Adam Frost"", ""fps"": 30.0, ""duration"": 2.333, ""width"": 1280, ""height"": 720, ""codec"": ""h264""}"
videos/horse.mp4,02ebc227ed3bd3ae0fd9de6b01ffb9d2,0,0,en,ase,whatsthatsign,horse,"{""signpuddle_id"": ""558"", ""sign_fsw"": ""AS12d20S30007S10006S20500S22114M541x518S2ff00482x483S12d20514x473S22114515x465"", ""source"": ""Adam Frost"", ""fps"": 29.97, ""duration"": 2.135, ""width"": 1280, ""height"": 720, ""codec"": ""h264""}"
videos/hospital.mp4,e5305fa9f88c0d5bfac24d8b74ecc782,0,0,en,ase,whatsthatsign,hospital,"{""signpuddle_id"": ""1246"", ""sign_fsw"": ""AS11502S38600S10006S20e00S23304M541x534S37606459x466S11502463x474S20e00496x475S23304511x471"", ""source"": ""Adam Frost"", ""fps"": 29.97, ""duration"": 2.002, ""width"": 1280, ""height"": 720, ""codec"": ""h264""}"
videos/hot.mp4,fe585d6f38ea81e8dde0ef06fc82cf52,0,0,en,ase,whatsthatsign,hot,"{""signpuddle_id"": ""102"", ""sign_fsw"": ""AS14e00S30005S10006S20500S28108M542x536S2ff00482x483S14e00502x505S28108522x485"", ""source"": ""Adam Frost"", ""fps"": 30.0, ""duration"": 2.0, ""width"": 1280, ""height"": 720, ""codec"": ""h264""}"
videos/hot_chocolate.mp4,e749fed744473fab9dc15e2a3174f996,0,0,en,ase,whatsthatsign,hot chocolate,"{""signpuddle_id"": ""2398"", ""sign_fsw"": ""AS14e00S30005S10006S20500S28108S16d20S2fe00S2031aS2fe00S21400S21100S2ea32M542x580S2ff00482x483S14e00502x505S28108522x485S2031a490x565S16d20489x543S21100508x548"", ""source"": ""Adam Frost"", ""fps"": 30.0, ""duration"": 2.133, ""width"": 1280, ""height"": 720, ""codec"": ""h264""}"
videos/hot_dog.mp4,916476f8bdeb9623a2982dfd1fa264cd,0,0,en,ase,whatsthatsign,hot dog,"{""signpuddle_id"": ""1044"", ""sign_fsw"": ""AS10041S2fe00S17139S2fe00S21400S20600M524x519S17139500x481S10041503x489S20600476x486"", ""source"": ""Adam Frost"", ""fps"": 29.97, ""duration"": 2.436, ""width"": 1280, ""height"": 720, ""codec"": ""h264""}"
videos/hotel.mp4,898721c8ae52621b27a940423c89c745,0,0,en,ase,whatsthatsign,hotel,"{""signpuddle_id"": ""1248"", ""sign_fsw"": ""AS11502S2fe00S10018S2fe00S21410S20500S22116M522x524S11502486x486S10018507x494S22116478x477"", ""source"": ""Adam Frost"", ""fps"": 30.0, ""duration"": 2.1, ""width"": 1280, ""height"": 720, ""codec"": ""h264""}"
videos/hour.mp4,56692eb32c1abec8a0f755ed73d9ff6c,0,0,en,ase,whatsthatsign,hour,"{""signpuddle_id"": ""1306"", ""sign_fsw"": ""AS10010S2fe00S15a18S2fe00S21406S2e700S20500M515x530S15a18485x493S10010498x471S2e700500x505"", ""source"": ""Adam Frost"", ""fps"": 29.97, ""duration"": 2.302, ""width"": 1280, ""height"": 720, ""codec"": ""h264""}"
videos/house.mp4,23018d5e879c44bde6b3cfb9ec98261e,0,0,en,ase,whatsthatsign,house,"{""signpuddle_id"": ""305"", ""sign_fsw"": ""AS15a11S2fe00S15a19S2fe00S21406S20500S23804S2381cM537x523S15a11501x477S15a19476x477S23804520x498S2381c463x498"", ""source"": ""Adam Frost"", ""fps"": 30.0, ""duration"": 2.767, ""width"": 1280, ""height"": 720, ""codec"": ""h264""}"
videos/how.mp4,8d79902350bfc504fdd7f88f87541404,0,0,en,ase,whatsthatsign,how,"{""signpuddle_id"": ""251"", ""sign_fsw"": ""AS1f710S2fe00S1f718S2fe00S21406S21100S2c300M522x521S1f710502x506S1f718479x506S2c300496x479"", ""source"": ""Adam Frost"", ""fps"": 30.0, ""duration"": 2.633, ""width"": 1280, ""height"": 720, ""codec"": ""h264""}"
videos/how_many.mp4,170ee9d4c2af16a8d68cad22bcb54419,0,0,en,ase,whatsthatsign,how many,"{""signpuddle_id"": ""492"", ""sign_fsw"": ""AS20330S2fe00S20338S2fe00S38006S22a00S22a10S14c30S14c38M538x534S20330518x519S20338468x519S22a00519x500S22a10469x500S14c30514x466S14c38463x466"", ""source"": ""Adam Frost"", ""fps"": 29.97, ""duration"": 3.337, ""width"": 1280, ""height"": 720, ""codec"": ""h264""}"
videos/how_old_what_age.mp4,89dce5e4abdc1c2c685c4f93a3918da9,0,0,en,ase,whatsthatsign,"how old, what age","{""signpuddle_id"": ""2316"", ""sign_fsw"": ""AS15410S30004S10006S20e00S22f04S20310S30c00M518x572S30c00482x483S15410494x510S22f04489x539S20310494x557"", ""source"": ""Adam Frost"", ""fps"": 30.0, ""duration"": 2.533, ""width"": 1280, ""height"": 720, ""codec"": ""h264""}"
videos/huh.mp4,6585668b4582ab3aca97ab387d5dc91c,0,0,en,ase,whatsthatsign,huh,"{""signpuddle_id"": ""315"", ""sign_fsw"": ""AS10620S2fe00S10006S21800M514x519S10620493x493S21800487x482"", ""source"": ""Adam Frost"", ""fps"": 29.97, ""duration"": 2.202, ""width"": 1280, ""height"": 720, ""codec"": ""h264""}"
videos/human_humans_human_being.mp4,0b53f95892cfdb2e2e52707cbedd34b5,0,0,en,ase,whatsthatsign,"human, humans, human being, human beings","{""signpuddle_id"": ""1844"", ""sign_fsw"": ""AS11502S38517S1150aS38511S20500S20500S22a04S22a14S20500S20500M537x527S11502507x474S1150a464x474S20500509x484S20500482x484S22a04508x498S22a14481x498S20500510x516S20500482x516"", ""source"": ""Adam Frost"", ""fps"": 30.0, ""duration"": 1.667, ""width"": 1280, ""height"": 720, ""codec"": ""h264""}"
videos/hungry_wish_desire.mp4,45e4d81398c5099af3bed0bebdeee023,0,0,en,ase,whatsthatsign,"hungry, wish, desire","{""signpuddle_id"": ""1655"", ""sign_fsw"": ""AS16d02S38510S10006S21100S22a04M510x526S16d02490x474S21100495x494S22a04494x511"", ""source"": ""Adam Frost"", ""fps"": 29.97, ""duration"": 1.869, ""width"": 1280, ""height"": 720, ""codec"": ""h264""}"
videos/hunting_hunt.mp4,d138f907b95acd82cdbbf1f9882cb190,0,0,en,ase,whatsthatsign,"hunting, hunt","{""signpuddle_id"": ""1952"", ""sign_fsw"": ""AS12d40S2fe00S12d48S2fe00S38007S23004S23014M528x536S12d40505x464S12d48473x485S23004500x497S23014476x518"", ""source"": ""Adam Frost"", ""fps"": 30.0, ""duration"": 1.9, ""width"": 1280, ""height"": 720, ""codec"": ""h264""}"
videos/hurricane.mp4,bedb66e6e12048c361188dc62bacdbf8,0,0,en,ase,whatsthatsign,hurricane,"{""signpuddle_id"": ""2290"", ""sign_fsw"": ""AS12d22S2fe00S12d0aS2fe00S21400S20500S22116S22112M527x526S12d0a486x501S12d22484x477S22112520x500S22116474x474"", ""source"": ""Adam Frost"", ""fps"": 30.0, ""duration"": 1.966, ""width"": 1280, ""height"": 720, ""codec"": ""h264""}"
videos/hurry_rush_hurry_up.mp4,7c323c446ca62f5065471cca3a1cd0ab,0,0,en,ase,whatsthatsign,"hurry, rush, hurry up","{""signpuddle_id"": ""2130"", ""sign_fsw"": ""AS11540S2fe00S10006S22f04M513x524S11540492x477S22f04488x510"", ""source"": ""Adam Frost"", ""fps"": 30.0, ""duration"": 1.767, ""width"": 1280, ""height"": 720, ""codec"": ""h264""}"
videos/hurt_injured_injury.mp4,53fc81fa4efbbb3e00c1b98156c46f18,0,0,en,ase,whatsthatsign,"hurt, injured, injury, pain","{""signpuddle_id"": ""1675"", ""sign_fsw"": ""AS10012S2fe00S1001aS2fe00S38006S2843eS2841aM571x510S10012505x493S1001a464x493S2843e538x490S2841a429x490"", ""source"": ""Adam Frost"", ""fps"": 29.97, ""duration"": 1.735, ""width"": 1280, ""height"": 720, ""codec"": ""h264""}"
videos/husband.mp4,cb49aaf653f9a0168341319bd75b2995,0,0,en,ase,whatsthatsign,husband,"{""signpuddle_id"": ""356"", ""sign_fsw"": ""AS16d21S30007S16d39S2fe00S20500S22a03S16d51S21400S20800M533x554S2ff00482x483S16d21513x487S22a03512x512S16d39498x531S16d51489x534S20800495x522"", ""source"": ""Adam Frost"", ""fps"": 30.0, ""duration"": 2.467, ""width"": 1280, ""height"": 720, ""codec"": ""h264""}"
videos/ice_cream.mp4,00184c29bc33233c6f50a1da1871ba2f,0,0,en,ase,whatsthatsign,ice cream,"{""signpuddle_id"": ""1009"", ""sign_fsw"": ""AS20310S30004S10006S20e00S22f04M518x545S2ff00482x483S22f04488x531S20310493x512"", ""source"": ""Adam Frost"", ""fps"": 29.97, ""duration"": 2.336, ""width"": 1280, ""height"": 720, ""codec"": ""h264""}"
videos/ice_skating_ice_skate.mp4,5549c2ccce3f16056f37b3cff466934a,0,0,en,ase,whatsthatsign,"ice skating, ice skate","{""signpuddle_id"": ""1578"", ""sign_fsw"": ""AS10630S2fe00S10638S2fe00S38007S27100S27114M537x536S10630506x484S10638480x510S27100497x465S27114463x492"", ""source"": ""Adam Frost"", ""fps"": 29.97, ""duration"": 1.935, ""width"": 1280, ""height"": 720, ""codec"": ""h264""}"
videos/identify.mp4,f7cd43cc7872943aaca549f2f5b78155,0,0,en,ase,whatsthatsign,identify,"{""signpuddle_id"": ""552"", ""sign_fsw"": ""AS19220S2fe00S15a18S2fe00S21406S20500M517x514S15a18483x487S19220496x495"", ""source"": ""Adam Frost"", ""fps"": 29.97, ""duration"": 2.135, ""width"": 1280, ""height"": 720, ""codec"": ""h264""}"
videos/identity.mp4,72bcb5c185160f46db90acaaf71fe680,0,0,en,ase,whatsthatsign,identity,"{""signpuddle_id"": ""556"", ""sign_fsw"": ""AS19220S2fe00S15a18S2fe00S21406S20600M517x521S15a18483x480S19220496x488S20600485x510"", ""source"": ""Adam Frost"", ""fps"": 29.97, ""duration"": 2.236, ""width"": 1280, ""height"": 720, ""codec"": ""h264""}"
videos/if.mp4,25e7a035ba8b14c30e699ec577837133,0,0,en,ase,whatsthatsign,if,"{""signpuddle_id"": ""2167"", ""sign_fsw"": ""AS19220S2fe00S10006S1ce20M511x527S19220490x474S1ce20489x497"", ""source"": ""Adam Frost"", ""fps"": 29.97, ""duration"": 1.602, ""width"": 1280, ""height"": 720, ""codec"": ""h264""}"
videos/ignore.mp4,03118997b1b713c2f93aebced0784068,0,0,en,ase,whatsthatsign,ignore,"{""signpuddle_id"": ""2020"", ""sign_fsw"": ""AS14401S33200S10006S20500S28139M539x529S33100482x483S14401486x500S28139517x494"", ""source"": ""Adam Frost"", ""fps"": 29.97, ""duration"": 2.069, ""width"": 1280, ""height"": 720, ""codec"": ""h264""}"
videos/illegal_forbid_forbidden.mp4,2839cea1fb799cb433c8e1976334c653,0,0,en,ase,whatsthatsign,"illegal, forbid, forbidden, ban","{""signpuddle_id"": ""2030"", ""sign_fsw"": ""AS1dc40S2fe00S15a18S2fe00S21406S20b00M519x523S15a18482x483S1dc40495x477S20b00496x510"", ""source"": ""Adam Frost"", ""fps"": 30.0, ""duration"": 2.067, ""width"": 1280, ""height"": 720, ""codec"": ""h264""}"
videos/important.mp4,eb5bd338fc6e62fb0f017fcad9ee9cef,0,0,en,ase,whatsthatsign,important,"{""signpuddle_id"": ""387"", ""sign_fsw"": ""AS1ce40S2fe00S1ce48S2fe00S21406S28800S28818S20500M523x528S1ce40501x473S1ce48478x473S28800510x506S28818479x506"", ""source"": ""Adam Frost"", ""fps"": 30.0, ""duration"": 2.467, ""width"": 1280, ""height"": 720, ""codec"": ""h264""}"
videos/impossible.mp4,1ac74eb5d6505cc272213a00c88ae3fc,0,0,en,ase,whatsthatsign,impossible,"{""signpuddle_id"": ""2170"", ""sign_fsw"": ""AS19a51S2fe00S15a39S2fe00S21400S20c00M519x521S15a39493x483S19a51481x479S20c00491x508"", ""source"": ""Adam Frost"", ""fps"": 30.0, ""duration"": 1.733, ""width"": 1280, ""height"": 720, ""codec"": ""h264""}"
videos/improve_improvement.mp4,fe85dd47faa81b999c116ffee8be3c37,0,0,en,ase,whatsthatsign,"improve, improvement","{""signpuddle_id"": ""2330"", ""sign_fsw"": ""AS15a41S38630S20359S2fe00S20500S2b703S20500M524x523S3780b478x493S20359503x478S15a41495x496S2b703478x482S20500476x503"", ""source"": ""Adam Frost"", ""fps"": 30.0, ""duration"": 1.833, ""width"": 1280, ""height"": 720, ""codec"": ""h264""}"
videos/in_2_weeks_in_two_weeks.mp4,5ccb3358b769684c477057796fa431d8,0,0,en,ase,whatsthatsign,"in 2 weeks, in two weeks","{""signpuddle_id"": ""951"", ""sign_fsw"": ""AS10e50S2fe00S15a36S2fe00S21400S20e00S2d506M529x519S15a36471x507S10e50476x482S20e00496x497S2d506509x488"", ""source"": ""Adam Frost"", ""fps"": 30.0, ""duration"": 2.467, ""width"": 1280, ""height"": 720, ""codec"": ""h264""}"
videos/in_2_years_in_two_years_2_years_later.mp4,d8b3e7219edbb950ead13fd8bb193d41,0,0,en,ase,whatsthatsign,"in 2 years, in two years, 2 years later, two years later","{""signpuddle_id"": ""1003"", ""sign_fsw"": ""AS20340S2fe00S20348S2fe00S21400S20500S26500S10e40M511x542S20340496x511S20348490x527S26500496x492S10e40496x459"", ""source"": ""Adam Frost"", ""fps"": 29.97, ""duration"": 2.703, ""width"": 1280, ""height"": 720, ""codec"": ""h264""}"
videos/in_3_weeks_in_three_weeks.mp4,03fa00674ce18a3faa83a95b444e0224,0,0,en,ase,whatsthatsign,"in 3 weeks, in three weeks","{""signpuddle_id"": ""952"", ""sign_fsw"": ""AS11e50S2fe00S15a36S2fe00S21400S20e00S2d506M531x519S15a36473x507S11e50470x482S20e00498x497S2d506511x488"", ""source"": ""Adam Frost"", ""fps"": 29.97, ""duration"": 2.603, ""width"": 1280, ""height"": 720, ""codec"": ""h264""}"
videos/in_3_years_in_three_years_3_years_later.mp4,3cd25ac18b838989de93d2a5e8747fb4,0,0,en,ase,whatsthatsign,"in 3 years, in three years, 3 years later, three years later","{""signpuddle_id"": ""1004"", ""sign_fsw"": ""AS20340S2fe00S20348S2fe00S21400S20500S26500S11e40M515x542S20340492x511S20348486x527S26500492x492S11e40492x459"", ""source"": ""Adam Frost"", ""fps"": 29.97, ""duration"": 2.636, ""width"": 1280, ""height"": 720, ""codec"": ""h264""}"
videos/in_4_weeks_in_four_weeks.mp4,d60d7026a6581d0dced21ba8c4c73c19,0,0,en,ase,whatsthatsign,"in 4 weeks, in four weeks","{""signpuddle_id"": ""953"", ""sign_fsw"": ""AS14450S2fe00S15a36S2fe00S21400S20e00S2d506M529x519S15a36471x507S14450474x481S20e00496x497S2d506509x488"", ""source"": ""Adam Frost"", ""fps"": 29.97, ""duration"": 2.97, ""width"": 1280, ""height"": 720, ""codec"": ""h264""}"
videos/in_4_years_in_four_years_4_years_later.mp4,90fd5a09ba4456a215aba500d3a716d8,0,0,en,ase,whatsthatsign,"in 4 years, in four years, 4 years later, four years later","{""signpuddle_id"": ""1005"", ""sign_fsw"": ""AS20340S2fe00S20348S2fe00S21400S20500S26500S14440M514x542S20340493x511S20348487x527S26500493x492S14440492x458"", ""source"": ""Adam Frost"", ""fps"": 29.97, ""duration"": 2.703, ""width"": 1280, ""height"": 720, ""codec"": ""h264""}"
videos/in_5_weeks_in_five_weeks.mp4,0e6ed20104d0e9f94cb89df790869b8d,0,0,en,ase,whatsthatsign,"in 5 weeks, in five weeks","{""signpuddle_id"": ""954"", ""sign_fsw"": ""AS14c50S2fe00S15a36S2fe00S21400S20e00S2d506M529x519S15a36471x507S14c50471x481S20e00496x497S2d506509x488"", ""source"": ""Adam Frost"", ""fps"": 29.97, ""duration"": 2.736, ""width"": 1280, ""height"": 720, ""codec"": ""h264""}"
videos/in_5_years_in_five_years_5_years_later.mp4,5286feb83c5836c8b1598fcecfc51d02,0,0,en,ase,whatsthatsign,"in 5 years, in five years, 5 years later, five years later","{""signpuddle_id"": ""1006"", ""sign_fsw"": ""AS20340S2fe00S20348S2fe00S21400S20500S26500S14c40M513x542S20340494x511S20348488x527S26500494x492S14c40489x458"", ""source"": ""Adam Frost"", ""fps"": 30.0, ""duration"": 2.533, ""width"": 1280, ""height"": 720, ""codec"": ""h264""}"
videos/in_6_weeks_in_six_weeks.mp4,90d32c5a5c82c23292360d1eb10a08ea,0,0,en,ase,whatsthatsign,"in 6 weeks, in six weeks","{""signpuddle_id"": ""955"", ""sign_fsw"": ""AS18750S2fe00S15a36S2fe00S21400S20e00S2d506M529x518S15a36471x506S18750474x482S20e00496x496S2d506509x487"", ""source"": ""Adam Frost"", ""fps"": 29.97, ""duration"": 2.536, ""width"": 1280, ""height"": 720, ""codec"": ""h264""}"
videos/in_7_weeks_in_seven_weeks.mp4,0d71c0c240955c7cc2cc2d4edcea6d6b,0,0,en,ase,whatsthatsign,"in 7 weeks, in seven weeks","{""signpuddle_id"": ""956"", ""sign_fsw"": ""AS1a550S2fe00S15a36S2fe00S21400S20e00S2d506M529x518S15a36471x506S1a550475x483S20e00496x496S2d506509x487"", ""source"": ""Adam Frost"", ""fps"": 29.97, ""duration"": 2.536, ""width"": 1280, ""height"": 720, ""codec"": ""h264""}"
videos/in_8_weeks_in_eight_weeks.mp4,916d0db38bfa5835c8274aa46239f121,0,0,en,ase,whatsthatsign,"in 8 weeks, in eight weeks","{""signpuddle_id"": ""957"", ""sign_fsw"": ""AS1bb50S2fe00S15a36S2fe00S21400S20e00S2d506M529x518S15a36471x506S1bb50475x483S20e00496x496S2d506509x487"", ""source"": ""Adam Frost"", ""fps"": 30.0, ""duration"": 2.567, ""width"": 1280, ""height"": 720, ""codec"": ""h264""}"
videos/in_9_weeks_in_nine_weeks.mp4,911c2185fa262c0ac8d81d1093012044,0,0,en,ase,whatsthatsign,"in 9 weeks, in nine weeks","{""signpuddle_id"": ""958"", ""sign_fsw"": ""AS1ce50S2fe00S15a36S2fe00S21400S20e00S2d506M529x519S15a36471x507S1ce50475x482S20e00496x497S2d506509x488"", ""source"": ""Adam Frost"", ""fps"": 29.97, ""duration"": 2.803, ""width"": 1280, ""height"": 720, ""codec"": ""h264""}"
videos/in_indoor_inside.mp4,0d7fc98006d872868895dd6e0e5699af,0,0,en,ase,whatsthatsign,"in, indoor, inside","{""signpuddle_id"": ""2121"", ""sign_fsw"": ""AS18551S2fe00S17648S2fe00S21400S20700M518x515S17648482x499S18551491x486"", ""source"": ""Adam Frost"", ""fps"": 30.0, ""duration"": 1.8, ""width"": 1280, ""height"": 720, ""codec"": ""h264""}"
videos/include_involve.mp4,fd073a5f8d8dd2daec27b7a4b872dbb0,0,0,en,ase,whatsthatsign,"include, involve","{""signpuddle_id"": ""487"", ""sign_fsw"": ""AS14c10S2fe00S17648S2fe00S21400S28802S18551S20700M541x522S17648460x506S18551469x493S28802493x485S14c10518x479"", ""source"": ""Adam Frost"", ""fps"": 29.97, ""duration"": 3.37, ""width"": 1280, ""height"": 720, ""codec"": ""h264""}"
videos/increase_add_on_raise.mp4,6b6be49775d399a8519bce1aba7fbfa0,0,0,en,ase,whatsthatsign,"increase, add on, raise, gain","{""signpuddle_id"": ""2044"", ""sign_fsw"": ""AS11551S2fe00S11559S2fe00S21400S28802S20500M535x514S11559466x489S11551486x489S28802513x487"", ""source"": ""Adam Frost"", ""fps"": 29.97, ""duration"": 2.169, ""width"": 1280, ""height"": 720, ""codec"": ""h264""}"
videos/industry_industrial.mp4,8c35073df2a0727196d56d93c6e5eaac,0,0,en,ase,whatsthatsign,"industry, industrial","{""signpuddle_id"": ""1953"", ""sign_fsw"": ""AS19220S2fe00S2035aS2fe00S21414S20e00S27102M527x521S2035a490x506S19220506x490S20e00491x492S27102474x479"", ""source"": ""Adam Frost"", ""fps"": 30.0, ""duration"": 1.867, ""width"": 1280, ""height"": 720, ""codec"": ""h264""}"
videos/influence_affect_advise.mp4,004d5de32bf0ea38b454caee34ae738f,0,0,en,ase,whatsthatsign,"influence, affect, advise, counsel, advice, effect","{""signpuddle_id"": ""1634"", ""sign_fsw"": ""AS18521S2fe00S2031aS2fe00S21400S20e00S26500S14c50M515x550S2031a485x535S18521486x515S20e00497x501S26500496x484S14c50491x450"", ""source"": ""Adam Frost"", ""fps"": 29.97, ""duration"": 1.902, ""width"": 1280, ""height"": 720, ""codec"": ""h264""}"
videos/inform_tell_notify.mp4,0ec32b6b6247cf1df216f34f27240717,0,0,en,ase,whatsthatsign,"inform, tell, notify, report, information, notification","{""signpuddle_id"": ""1946"", ""sign_fsw"": ""AS18537S30007S10006S20500S26500S14c30M536x518S2ff00482x483S18537516x488S26500518x473S14c30512x440"", ""source"": ""Adam Frost"", ""fps"": 29.97, ""duration"": 1.902, ""width"": 1280, ""height"": 720, ""codec"": ""h264""}"
videos/information_notification_report.mp4,c21d5c3d6af2a6273b70d54cd36b83d3,0,0,en,ase,whatsthatsign,"information, notification, report, informing, notifying, reporting, telling","{""signpuddle_id"": ""1945"", ""sign_fsw"": ""AS18537S30007S1853fS2fe00S20500S26a00S26a10S14c30S14c38M538x540S2ff00482x483S18537516x488S1853f456x513S26a00511x472S26a10453x497S14c30512x440S14c38455x465"", ""source"": ""Adam Frost"", ""fps"": 29.97, ""duration"": 2.236, ""width"": 1280, ""height"": 720, ""codec"": ""h264""}"
videos/injection_inject_shot.mp4,31057fd0f3eb780ff39aa8fd6f56fddd,0,0,en,ase,whatsthatsign,"injection, inject, shot, medicine injection, medicine shot, vaccination, vaccine","{""signpuddle_id"": ""562"", ""sign_fsw"": ""AS12b1eS38603S10006S26502S13f1eS20500M529x524S37605472x492S12b1e514x478S26502496x486S13f1e478x477"", ""source"": ""Adam Frost"", ""fps"": 29.97, ""duration"": 1.735, ""width"": 1280, ""height"": 720, ""codec"": ""h264""}"
videos/injection_medicine_injection_injection_in_arm.mp4,f9e1fb206f9863cf428fda0d258adbb0,0,0,en,ase,whatsthatsign,"injection, medicine injection, injection in arm, shot, medicine shot","{""signpuddle_id"": ""1565"", ""sign_fsw"": ""AS1dc02S38603S10006S20500M529x516S37605472x484S1dc02479x486"", ""source"": ""Adam Frost"", ""fps"": 29.97, ""duration"": 1.668, ""width"": 1280, ""height"": 720, ""codec"": ""h264""}"
videos/inning.mp4,a73e1d8225ebc6350cf8a48365126bde,0,0,en,ase,whatsthatsign,inning,"{""signpuddle_id"": ""2345"", ""sign_fsw"": ""AS19220S2fe00S10006S11920S11920S19220S11920S1f000M518x576S19220497x425S11920491x448S11920491x478S19220497x508S11920491x531S1f000483x561"", ""source"": ""Adam Frost"", ""fps"": 30.0, ""duration"": 2.1, ""width"": 1280, ""height"": 720, ""codec"": ""h264""}"
videos/insect_bug.mp4,51f6beada389cfbebe78282ac97f93a9,0,0,en,ase,whatsthatsign,"insect, bug","{""signpuddle_id"": ""2077"", ""sign_fsw"": ""AS12110S33200S10006S20500S21800M518x518S33100482x483S12110471x484S21800469x474"", ""source"": ""Adam Frost"", ""fps"": 29.97, ""duration"": 2.336, ""width"": 1280, ""height"": 720, ""codec"": ""h264""}"
videos/inside_indoor_in.mp4,cbcebd1aad28803427d79ad403ef495b,0,0,en,ase,whatsthatsign,"inside, indoor, in","{""signpuddle_id"": ""382"", ""sign_fsw"": ""AS18551S2fe00S17648S2fe00S21400S20710M529x517S17648493x501S18551502x488S20710471x483"", ""source"": ""Adam Frost"", ""fps"": 29.97, ""duration"": 2.636, ""width"": 1280, ""height"": 720, ""codec"": ""h264""}"
videos/institute_institution_residential_school.mp4,c4a3bd11c96be53f728d998ab3625ccb,0,0,en,ase,whatsthatsign,"institute, institution, residential school, deaf school","{""signpuddle_id"": ""1010"", ""sign_fsw"": ""AS19241S2fe00S19249S2fe00S21400S20600M527x518S19249480x497S19241474x482S20600505x488"", ""source"": ""Adam Frost"", ""fps"": 29.97, ""duration"": 2.636, ""width"": 1280, ""height"": 720, ""codec"": ""h264""}"
videos/interact_socialize_mingle.mp4,0e1d87fa794541e9fb595e958fc57561,0,0,en,ase,whatsthatsign,"interact, socialize, mingle, fraternize, consort with","{""signpuddle_id"": ""1987"", ""sign_fsw"": ""AS14c04S2fe00S14c08S2fe00S37f00S2ea0aS2ea42M532x529S14c04509x472S14c08497x498S2ea0a478x478S2ea42469x502"", ""source"": ""Adam Frost"", ""fps"": 29.97, ""duration"": 2.269, ""width"": 1280, ""height"": 720, ""codec"": ""h264""}"
videos/interesting.mp4,7ef0c570a2c8b48f42cdbff3f163ed3c,0,0,en,ase,whatsthatsign,interesting,"{""signpuddle_id"": ""1482"", ""sign_fsw"": ""AS14c02S38510S14c0aS38530S20500S20500S26500S26510S1bb02S1bb0aM530x547S14c02499x496S14c0a471x516S20500517x516S20500475x536S26500513x478S26510474x498S1bb02502x454S1bb0a471x474"", ""source"": ""Adam Frost"", ""fps"": 29.97, ""duration"": 1.768, ""width"": 1280, ""height"": 720, ""codec"": ""h264""}"
videos/internet.mp4,5aca16fb56459f7d84a7b9342581e776,0,0,en,ase,whatsthatsign,internet,"{""signpuddle_id"": ""1744"", ""sign_fsw"": ""AS1c510S2fe00S1c518S2fe00S21406S21100S2c500S2c510M543x527S1c510502x499S1c518471x499S2c500503x473S2c510458x473"", ""source"": ""Adam Frost"", ""fps"": 29.97, ""duration"": 2.236, ""width"": 1280, ""height"": 720, ""codec"": ""h264""}"
videos/internship_intern.mp4,e8079dedde727368b3b11c4048c6f9fc,0,0,en,ase,whatsthatsign,"internship, intern","{""signpuddle_id"": ""1645"", ""sign_fsw"": ""AS19220S2fe00S1001aS2fe00S21414S21100S27102M525x529S1001a476x514S19220504x501S21100505x485S27102486x471"", ""source"": ""Adam Frost"", ""fps"": 30.0, ""duration"": 1.967, ""width"": 1280, ""height"": 720, ""codec"": ""h264""}"
videos/interpret_interpreting.mp4,8a548aabf0ffe821b15f8baec8dedd95,0,0,en,ase,whatsthatsign,"interpret, interpreting","{""signpuddle_id"": ""1637"", ""sign_fsw"": ""AS1ce40S2fe00S1ce48S2fe00S21406S20500S2c400M525x528S1ce40497x498S1ce48475x498S2c400485x473"", ""source"": ""Adam Frost"", ""fps"": 30.0, ""duration"": 2.067, ""width"": 1280, ""height"": 720, ""codec"": ""h264""}"
videos/interpreter.mp4,7be0a773bc50631df1eb5ac8e1ccbfa8,0,0,en,ase,whatsthatsign,interpreter,"{""signpuddle_id"": ""1638"", ""sign_fsw"": ""AS1ce40S2fe00S1ce48S2fe00S21406S20500S2c300S15a40S2fe00S15a48S2fe00S38006S22a04S22a14M523x554S1ce40499x471S1ce48477x471S2c300493x446S15a40510x506S15a48478x506S22a04510x539S22a14478x539"", ""source"": ""Adam Frost"", ""fps"": 29.97, ""duration"": 2.035, ""width"": 1280, ""height"": 720, ""codec"": ""h264""}"
videos/intersection_Greece_Greek.mp4,19b01b38c058a186800292e76cdef953,0,0,en,ase,whatsthatsign,"intersection, Greece, Greek","{""signpuddle_id"": ""2226"", ""sign_fsw"": ""AS10041S2fe00S10049S2fe00S21400S20600M516x522S10049485x492S10041495x492S20600489x478"", ""source"": ""Adam Frost"", ""fps"": 30.0, ""duration"": 1.733, ""width"": 1280, ""height"": 720, ""codec"": ""h264""}"
videos/interview.mp4,1eef7d479a3bebdca3a4fe8290290af0,0,0,en,ase,whatsthatsign,interview,"{""signpuddle_id"": ""1650"", ""sign_fsw"": ""AS19210S30005S19218S30003S27100S27114M541x564S2ff00482x483S19210503x520S19218476x528S27100501x541S27114459x549"", ""source"": ""Adam Frost"", ""fps"": 29.97, ""duration"": 2.202, ""width"": 1280, ""height"": 720, ""codec"": ""h264""}"
videos/investigate_research_inspect.mp4,737f74469dc1a66a54ce84ffd3c50c58,0,0,en,ase,whatsthatsign,"investigate, research, inspect","{""signpuddle_id"": ""1538"", ""sign_fsw"": ""AS10050S2fe00S15a39S2fe00S21400S20e00S26a07M525x523S15a39475x482S10050486x493S20e00496x492S26a07504x477"", ""source"": ""Adam Frost"", ""fps"": 29.97, ""duration"": 2.135, ""width"": 1280, ""height"": 720, ""codec"": ""h264""}"
videos/island.mp4,f5a828afaed7d4e79b4e467c8b52d513,0,0,en,ase,whatsthatsign,island,"{""signpuddle_id"": ""1251"", ""sign_fsw"": ""AS19240S2fe00S20356S2fe00S21400S21100S2ea32M516x518S20356485x494S19240486x482S21100503x504"", ""source"": ""Adam Frost"", ""fps"": 29.97, ""duration"": 2.002, ""width"": 1280, ""height"": 720, ""codec"": ""h264""}"
videos/jacket_coat.mp4,05dbbfa08da79e9a6e79c78e7e571715,0,0,en,ase,whatsthatsign,"jacket, coat","{""signpuddle_id"": ""246"", ""sign_fsw"": ""AS1f701S38517S1f709S38511S21100S28804S2881cM530x520S1f701509x480S1f709471x480S21100494x482S28804503x498S2881c486x498"", ""source"": ""Adam Frost"", ""fps"": 30.0, ""duration"": 2.6, ""width"": 1280, ""height"": 720, ""codec"": ""h264""}"
videos/join_participate.mp4,3d033efeabc7eb0228035c4ea942a050,0,0,en,ase,whatsthatsign,"join, participate","{""signpuddle_id"": ""1621"", ""sign_fsw"": ""AS11540S2fe00S16d48S2fe00S21400S2b700S20500M520x522S16d48481x479S11540485x492S2b700501x485"", ""source"": ""Adam Frost"", ""fps"": 29.97, ""duration"": 2.169, ""width"": 1280, ""height"": 720, ""codec"": ""h264""}"
videos/juice_jealous.mp4,7d7ba5ebae8e6334a9293897218ed48a,0,0,en,ase,whatsthatsign,"juice, jealous","{""signpuddle_id"": ""1008"", ""sign_fsw"": ""AS19200S33d00S10006S20e00S2e004M544x529S33b00482x483S19200506x510S2e004523x491"", ""source"": ""Adam Frost"", ""fps"": 29.97, ""duration"": 2.169, ""width"": 1280, ""height"": 720, ""codec"": ""h264""}"
videos/jump_jumped_jumping.mp4,90d32fefb08245572955df346d1bff54,0,0,en,ase,whatsthatsign,"jump, jumped, jumping","{""signpuddle_id"": ""33"", ""sign_fsw"": ""AS10e04S2fe00S15a3aS2fe00S21400S20500S22f00S11004M514x541S15a3a487x529S10e04493x507S22f00488x489S11004494x459"", ""source"": ""Adam Frost"", ""fps"": 30.0, ""duration"": 3.633, ""width"": 1280, ""height"": 720, ""codec"": ""h264""}"
videos/jump_on_me.mp4,0b1fd4ae09c8a1b182db329278a27fca,0,0,en,ase,whatsthatsign,jump on me,"{""signpuddle_id"": ""832"", ""sign_fsw"": ""AS11001S38510S11009S38530S2b704S2b715S20500S20500M525x539S11001488x472S11009485x507S20500514x492S20500479x528S2b704511x461S2b715475x497"", ""source"": ""Adam Frost"", ""fps"": 29.97, ""duration"": 2.636, ""width"": 1280, ""height"": 720, ""codec"": ""h264""}"
videos/junior_juniors_third-year.mp4,9bc2b48c2f99f0ba08c925a47d0551eb,0,0,en,ase,whatsthatsign,"junior, juniors, third-year, third-year student","{""signpuddle_id"": ""1842"", ""sign_fsw"": ""AS15a41S2fe00S14c0aS2fe00S21407S20600M533x519S14c0a467x496S15a41486x481S20600511x491"", ""source"": ""Adam Frost"", ""fps"": 29.97, ""duration"": 2.069, ""width"": 1280, ""height"": 720, ""codec"": ""h264""}"
videos/ketchup.mp4,0dade01316cc0fde65d62c0d96299e50,0,0,en,ase,whatsthatsign,ketchup,"{""signpuddle_id"": ""2328"", ""sign_fsw"": ""AS14c51S2fe00S20348S2fe00S21400S20600M528x519S20348485x504S14c51472x481S20600506x498"", ""source"": ""Adam Frost"", ""fps"": 30.0, ""duration"": 1.866, ""width"": 1280, ""height"": 720, ""codec"": ""h264""}"
videos/key_keys.mp4,598d5c8fc9c2306c0e791eb8a78e871d,0,0,en,ase,whatsthatsign,"key, keys","{""signpuddle_id"": ""1500"", ""sign_fsw"": ""AS10612S2fe00S15a48S2fe00S21406S21100S2c500M527x521S15a48473x491S10612486x506S2c500487x480"", ""source"": ""Adam Frost"", ""fps"": 30.0, ""duration"": 2.267, ""width"": 1280, ""height"": 720, ""codec"": ""h264""}"
videos/kibble.mp4,673744c69ed1e9209e8dbf58709b0862,0,0,en,ase,whatsthatsign,kibble,"{""signpuddle_id"": ""2346"", ""sign_fsw"": ""AS14020S2fe00S10006S19220S14720S14720S1dc20S14a20M518x579S14020483x421S19220497x455S14720498x478S14720498x504S1dc20488x530S14a20497x564"", ""source"": ""Adam Frost"", ""fps"": 30.0, ""duration"": 2.166, ""width"": 1280, ""height"": 720, ""codec"": ""h264""}"
videos/kick.mp4,2e570744e8b3366b41877ad707c95af8,0,0,en,ase,whatsthatsign,kick,"{""signpuddle_id"": ""2042"", ""sign_fsw"": ""AS15a41S2fe00S15a06S2fe00S21404S20500M515x518S15a06486x482S15a41492x495"", ""source"": ""Adam Frost"", ""fps"": 29.97, ""duration"": 2.069, ""width"": 1280, ""height"": 720, ""codec"": ""h264""}"
videos/kid_kids.mp4,20c00689facd07acd52cd4537dc98a6d,0,0,en,ase,whatsthatsign,"kid, kids","{""signpuddle_id"": ""1319"", ""sign_fsw"": ""AS1a012S33200S10006S21100S2c500M562x528S33100482x483S2c500522x489S1a012493x508"", ""source"": ""Adam Frost"", ""fps"": 29.97, ""duration"": 2.269, ""width"": 1280, ""height"": 720, ""codec"": ""h264""}"
videos/kill_murder_slaughter.mp4,0cfb44460b61863c438b10e5f20eaafb,0,0,en,ase,whatsthatsign,"kill, murder, slaughter, massacre, put to death, assassinate, execute","{""signpuddle_id"": ""2171"", ""sign_fsw"": ""AS10050S2fe00S15a18S2fe00S21406S20e00S26500M515x530S15a18485x483S10050499x500S20e00502x488S26500501x470"", ""source"": ""Adam Frost"", ""fps"": 30.0, ""duration"": 1.8, ""width"": 1280, ""height"": 720, ""codec"": ""h264""}"
videos/king.mp4,0e4973f793a20463ecdcddc21e60ff91,0,0,en,ase,whatsthatsign,king,"{""signpuddle_id"": ""2047"", ""sign_fsw"": ""AS14010S38511S10006S20500S22a05S38537S20500M521x531S36d00479x469S14010465x476S22a05495x506S20500510x520"", ""source"": ""Adam Frost"", ""fps"": 30.0, ""duration"": 1.967, ""width"": 1280, ""height"": 720, ""codec"": ""h264""}"
videos/kitchen.mp4,ba61c7706cdec0878391c3c80ffaa8e5,0,0,en,ase,whatsthatsign,kitchen,"{""signpuddle_id"": ""634"", ""sign_fsw"": ""AS14040S2fe00S15a37S2fe00S21400S20500S2a408S20500M530x537S15a37490x476S14040470x463S2a408490x501S20600508x491"", ""source"": ""Adam Frost"", ""fps"": 29.97, ""duration"": 2.035, ""width"": 1280, ""height"": 720, ""codec"": ""h264""}"
videos/knife.mp4,98527ba829cbe0d764ee7d8b65860655,0,0,en,ase,whatsthatsign,knife,"{""signpuddle_id"": ""2066"", ""sign_fsw"": ""AS11541S2fe00S11549S2fe00S21400S20e00S2a304M532x528S11541488x473S11549469x480S2a304509x488"", ""source"": ""Adam Frost"", ""fps"": 29.97, ""duration"": 2.135, ""width"": 1280, ""height"": 720, ""codec"": ""h264""}"
videos/knitting_knit.mp4,fc26464452b11efc51194e72e131a93b,0,0,en,ase,whatsthatsign,"knitting, knit","{""signpuddle_id"": ""22"", ""sign_fsw"": ""AS10041S2fe00S10049S2fe00S21400S21100S2a30bS2a313M549x524S10041497x494S10049482x494S21100494x476S2a30b517x491S2a313451x491"", ""source"": ""Adam Frost"", ""fps"": 29.97, ""duration"": 2.502, ""width"": 1280, ""height"": 720, ""codec"": ""h264""}"
videos/know_knows_knew.mp4,0b28a6e0d99faa1bfb869ee03c19fcec,0,0,en,ase,whatsthatsign,"know, knows, knew, known","{""signpuddle_id"": ""384"", ""sign_fsw"": ""AS15a11S30007S10006S20500M533x518S2ff00482x483S15a11510x487"", ""source"": ""Adam Frost"", ""fps"": 29.97, ""duration"": 2.302, ""width"": 1280, ""height"": 720, ""codec"": ""h264""}"
videos/know_nothing_clueless_ignorant.mp4,a61d646d8cedd471b3e40273f04bdda8,0,0,en,ase,whatsthatsign,"know nothing, clueless, ignorant","{""signpuddle_id"": ""1689"", ""sign_fsw"": ""AS17610S30000S10006S20500M518x518S2ff00482x483S17610492x476"", ""source"": ""Adam Frost"", ""fps"": 29.97, ""duration"": 2.069, ""width"": 1280, ""height"": 720, ""codec"": ""h264""}"
videos/know_that.mp4,d9717db1220ae3551afa5aff73699ce5,0,0,en,ase,whatsthatsign,know that,"{""signpuddle_id"": ""1013"", ""sign_fsw"": ""AS15a11S30007S10006S20500S22e04M533x531S2ff00482x483S15a11510x487S22e04515x513"", ""source"": ""Adam Frost"", ""fps"": 29.97, ""duration"": 2.402, ""width"": 1280, ""height"": 720, ""codec"": ""h264""}"
videos/lab_laboratory.mp4,79730ec3653bb5aab4d13c29b5d0d212,0,0,en,ase,whatsthatsign,"lab, laboratory","{""signpuddle_id"": ""333"", ""sign_fsw"": ""AS1dc20S2fe00S10006S1f720S14720M512x538S1dc20488x463S1f720492x497S14720498x516"", ""source"": ""Adam Frost"", ""fps"": 30.0, ""duration"": 1.8, ""width"": 1280, ""height"": 720, ""codec"": ""h264""}"
videos/label_brand.mp4,3f2e4bb32819cf519e9000f7617bcbd4,0,0,en,ase,whatsthatsign,"label, brand","{""signpuddle_id"": ""93"", ""sign_fsw"": ""AS11502S2fe00S15a28S2fe00S21410S20e00S26506M536x514S11502472x499S15a28465x487S20e00507x501S26506521x500"", ""source"": ""Adam Frost"", ""fps"": 29.97, ""duration"": 2.603, ""width"": 1280, ""height"": 720, ""codec"": ""h264""}"
videos/lake.mp4,134750c0618b3f9c69e6d05a45b6a2f2,0,0,en,ase,whatsthatsign,lake,"{""signpuddle_id"": ""1197"", ""sign_fsw"": ""AS1dc20S2fe00S10006S1f720S14020S14a20M515x551S1dc20491x449S1f720495x483S14020486x502S14a20500x536"", ""source"": ""Adam Frost"", ""fps"": 29.97, ""duration"": 2.035, ""width"": 1280, ""height"": 720, ""codec"": ""h264""}"
videos/lake_pond_puddle.mp4,84d656be77ed66cc8bfe791519b3e65a,0,0,en,ase,whatsthatsign,"lake, pond, puddle","{""signpuddle_id"": ""1270"", ""sign_fsw"": ""AS18710S30004S10006S20500S1ed40S2fe00S1ed48S2fe00S38006S2f900S2f900M530x574S2ff00482x483S18710491x513S1ed40504x547S1ed48471x547S2f900517x569S2f900472x569"", ""source"": ""Adam Frost"", ""fps"": 29.97, ""duration"": 2.336, ""width"": 1280, ""height"": 720, ""codec"": ""h264""}"
videos/land_ground_soil.mp4,e20534a09a0ad7c7d486daed8a86141d,0,0,en,ase,whatsthatsign,"land, ground, soil, earth","{""signpuddle_id"": ""2054"", ""sign_fsw"": ""AS18537S2fe00S1853fS2fe00S38006S14c50S14c58S2e706S2e712M530x543S18537507x458S1853f474x459S14c50505x493S14c58472x493S2e706505x528S2e712471x528"", ""source"": ""Adam Frost"", ""fps"": 29.97, ""duration"": 2.269, ""width"": 1280, ""height"": 720, ""codec"": ""h264""}"
videos/language.mp4,1c713f3048499c630d606f431140c177,0,0,en,ase,whatsthatsign,language,"{""signpuddle_id"": ""205"", ""sign_fsw"": ""AS1dc50S2fe00S1dc58S2fe00S21406S20500S28805S2881dM535x527S1dc50502x473S1dc58475x473S28805515x507S2881d466x507"", ""source"": ""Adam Frost"", ""fps"": 30.0, ""duration"": 2.0, ""width"": 1280, ""height"": 720, ""codec"": ""h264""}"
videos/laptop.mp4,fde4fcb7118211911d4f5cd1f2338fe4,0,0,en,ase,whatsthatsign,laptop,"{""signpuddle_id"": ""1741"", ""sign_fsw"": ""AS15a12S2fe00S15a16S2fe00S21400S20500S2c400M520x526S15a16488x514S15a12487x501S2c400480x475"", ""source"": ""Adam Frost"", ""fps"": 29.97, ""duration"": 2.402, ""width"": 1280, ""height"": 720, ""codec"": ""h264""}"
videos/last_final.mp4,72e4fdc6d424a640a9e56fcefaebf1c3,0,0,en,ase,whatsthatsign,"last, final","{""signpuddle_id"": ""1353"", ""sign_fsw"": ""AS19240S2fe00S19249S2fe00S21400S20e00S22a04M524x529S19249477x471S19240503x475S22a04510x514S20e00510x497"", ""source"": ""Adam Frost"", ""fps"": 29.97, ""duration"": 2.135, ""width"": 1280, ""height"": 720, ""codec"": ""h264""}"
videos/last_week_a_week_ago.mp4,eb020bb42e09afdde699098fb89bab6a,0,0,en,ase,whatsthatsign,"last week, a week ago","{""signpuddle_id"": ""497"", ""sign_fsw"": ""AS10050S2fe00S15a36S2fe00S21400S20e00S2d50aM529x519S15a36471x507S10050476x482S20e00496x497S2d50a510x503"", ""source"": ""Adam Frost"", ""fps"": 29.97, ""duration"": 2.736, ""width"": 1280, ""height"": 720, ""codec"": ""h264""}"
videos/last_year_a_year_ago_1_year_ago.mp4,76743063db765ab40d6146a628f3fb43,0,0,en,ase,whatsthatsign,"last year, a year ago, 1 year ago, one year ago","{""signpuddle_id"": ""960"", ""sign_fsw"": ""AS10000S38507S10006S22124M552x520S36d00479x506S10000527x490S22124530x480"", ""source"": ""Adam Frost"", ""fps"": 29.97, ""duration"": 2.169, ""width"": 1280, ""height"": 720, ""codec"": ""h264""}"
videos/late.mp4,17eea0ce3e00bdc978498eaf753de883,0,0,en,ase,whatsthatsign,late,"{""signpuddle_id"": ""797"", ""sign_fsw"": ""AS15a04S2fe01S10006S26904M508x525S15a04494x476S26904492x507"", ""source"": ""Adam Frost"", ""fps"": 30.0, ""duration"": 2.6, ""width"": 1280, ""height"": 720, ""codec"": ""h264""}"
videos/later.mp4,c38ca5297d7f6f4bb7d43ccba3409494,0,0,en,ase,whatsthatsign,later,"{""signpuddle_id"": ""984"", ""sign_fsw"": ""AS1dc10S2fe00S10006S2c300M515x529S1dc10491x499S2c300486x472"", ""source"": ""Adam Frost"", ""fps"": 29.97, ""duration"": 2.236, ""width"": 1280, ""height"": 720, ""codec"": ""h264""}"
videos/laugh_laughter_giggle.mp4,1a542da18db8490e7d97a159afe1aa54,0,0,en,ase,whatsthatsign,"laugh, laughter, giggle, chuckle, snicker, chortle","{""signpuddle_id"": ""1669"", ""sign_fsw"": ""AS1dc01S30005S10006S20e00S26a06M548x537S2ff00482x483S1dc01508x507S20e00520x498S26a06534x491"", ""source"": ""Adam Frost"", ""fps"": 29.97, ""duration"": 1.835, ""width"": 1280, ""height"": 720, ""codec"": ""h264""}"
videos/laundry_room.mp4,6259128292b1dc14cb3aa9421ca0e88a,0,0,en,ase,whatsthatsign,laundry room,"{""signpuddle_id"": ""2381"", ""sign_fsw"": ""AS15411S2fe00S1541fS2fe00S37f00S2e10eS2e112S15a40S2fe00S15a48S2fe00S38005S26902S26916M542x558S15411492x446S1541f483x465S2e10e521x443S2e112459x456S15a40512x531S15a48476x506S26902491x539S26916491x514"", ""source"": ""Adam Frost"", ""fps"": 30.0, ""duration"": 2.333, ""width"": 1280, ""height"": 720, ""codec"": ""h264""}"
videos/law_legal.mp4,addd8d324fae2aef2c925e6bab6be87a,0,0,en,ase,whatsthatsign,"law, legal","{""signpuddle_id"": ""1829"", ""sign_fsw"": ""AS1dc40S2fe00S15a18S2fe00S21406S20500S22a04S20500M521x523S15a18479x494S1dc40492x478S22a04508x505S20500494x512"", ""source"": ""Adam Frost"", ""fps"": 29.97, ""duration"": 2.069, ""width"": 1280, ""height"": 720, ""codec"": ""h264""}"
videos/lawyer_attorney_litigator.mp4,c5208dad933817c77e17223794457625,0,0,en,ase,whatsthatsign,"lawyer, attorney, litigator","{""signpuddle_id"": ""399"", ""sign_fsw"": ""AS1dc40S2fe00S15a18S2fe00S21406S20500S15a40S2fe00S15a48S2fe00S38006S22a04S22a14M524x544S15a18478x465S1dc40491x456S15a40511x499S15a48478x499S22a04511x529S22a14477x529"", ""source"": ""Adam Frost"", ""fps"": 29.97, ""duration"": 2.069, ""width"": 1280, ""height"": 720, ""codec"": ""h264""}"
videos/lay_off_laid_off_dismiss.mp4,56f003d676377e605de8def7754b1dc2,0,0,en,ase,whatsthatsign,"lay off, laid off, dismiss, waive, layoff","{""signpuddle_id"": ""2304"", ""sign_fsw"": ""AS15a50S2fe00S15a39S2fe00S21400S20e00S26506M529x516S15a39472x485S15a50484x489S20e00499x489S26506514x488"", ""source"": ""Adam Frost"", ""fps"": 30.0, ""duration"": 2.033, ""width"": 1280, ""height"": 720, ""codec"": ""h264""}"
videos/lazy.mp4,7399e943f96f06b4c7007517f004cc7d,0,0,en,ase,whatsthatsign,lazy,"{""signpuddle_id"": ""1710"", ""sign_fsw"": ""AS1dc01S38511S10006S20600M521x521S36d00479x479S1dc01471x479S20600471x510"", ""source"": ""Adam Frost"", ""fps"": 29.97, ""duration"": 1.869, ""width"": 1280, ""height"": 720, ""codec"": ""h264""}"
videos/leaf_leaves.mp4,718f0c76d060f31667c8e21dfefbf45c,0,0,en,ase,whatsthatsign,"leaf, leaves","{""signpuddle_id"": ""834"", ""sign_fsw"": ""AS14c50S2fe00S10049S2fe00S21400S20500S2a408M530x532S10049470x502S14c50478x470S2a408505x468"", ""source"": ""Adam Frost"", ""fps"": 29.97, ""duration"": 2.903, ""width"": 1280, ""height"": 720, ""codec"": ""h264""}"
videos/learn.mp4,89b42fac32a56719ceeebc6f7a6e825e,0,0,en,ase,whatsthatsign,learn,"{""signpuddle_id"": ""100"", ""sign_fsw"": ""AS14c51S2fe00S15a37S2fe00S21400S20500S22a00S18551M525x529S15a37476x495S14c51483x503S22a00504x493S18551498x471"", ""source"": ""Adam Frost"", ""fps"": 30.0, ""duration"": 2.467, ""width"": 1280, ""height"": 720, ""codec"": ""h264""}"
videos/leather.mp4,e1641f9c593df8a94f4159a5691a587c,0,0,en,ase,whatsthatsign,leather,"{""signpuddle_id"": ""1954"", ""sign_fsw"": ""AS18241S38517S10006S20e00S22f04M542x525S36d00479x477S18241517x475S20e00513x496S22f04507x511"", ""source"": ""Adam Frost"", ""fps"": 30.0, ""duration"": 1.7, ""width"": 1280, ""height"": 720, ""codec"": ""h264""}"
videos/leave_go_out.mp4,d3be28bf210e4a24bb4a5e8f85428d46,0,0,en,ase,whatsthatsign,"leave, go out","{""signpuddle_id"": ""1501"", ""sign_fsw"": ""AS15410S30006S10006S26500S20310M539x518S2ff00482x483S15410524x488S26500524x468S20310523x448"", ""source"": ""Adam Frost"", ""fps"": 29.97, ""duration"": 1.835, ""width"": 1280, ""height"": 720, ""codec"": ""h264""}"
videos/leave_left_remaining.mp4,17fc0c84ba53ed810e95ffb0224b9b32,0,0,en,ase,whatsthatsign,"leave, left, remaining, remain, left over, leave behind, left behind, abandon","{""signpuddle_id"": ""835"", ""sign_fsw"": ""AS14c40S2fe00S14c48S2fe00S38006S22a04S22a14M532x525S14c40508x475S14c48469x475S22a04514x510S22a14474x510"", ""source"": ""Adam Frost"", ""fps"": 29.97, ""duration"": 2.603, ""width"": 1280, ""height"": 720, ""codec"": ""h264""}"
videos/leave_take_off_go_out.mp4,358e1eacc360a5c6e8342a0a67f01a23,0,0,en,ase,whatsthatsign,"leave, take off, go out, vamoose","{""signpuddle_id"": ""1507"", ""sign_fsw"": ""AS15a31S2fe00S15a59S2fe00S21404S20e00S26507M525x523S15a31489x500S15a59475x488S20e00501x491S26507512x478"", ""source"": ""Adam Frost"", ""fps"": 29.97, ""duration"": 1.969, ""width"": 1280, ""height"": 720, ""codec"": ""h264""}"
videos/leg_legs.mp4,8a7484fce61fce813d329a27ca614020,0,0,en,ase,whatsthatsign,"leg, legs","{""signpuddle_id"": ""1910"", ""sign_fsw"": ""AS1dc20S2fe00S10006S14a20S1f000M515x534S1dc20491x466S14a20500x500S1f000486x519"", ""source"": ""Adam Frost"", ""fps"": 29.97, ""duration"": 1.702, ""width"": 1280, ""height"": 720, ""codec"": ""h264""}"
videos/lemon_lemonade.mp4,2467e9752e45bedb3b98dddf66e4a3ac,0,0,en,ase,whatsthatsign,"lemon, lemonade","{""signpuddle_id"": ""985"", ""sign_fsw"": ""AS1dc20S30005S10006S21100S26b00M543x521S2ff00482x483S1dc20513x491S26b00516x469"", ""source"": ""Adam Frost"", ""fps"": 29.97, ""duration"": 2.069, ""width"": 1280, ""height"": 720, ""codec"": ""h264""}"
videos/lesbian.mp4,38ae2fdb8c14f0df994cd7c5c3bff6d5,0,0,en,ase,whatsthatsign,lesbian,"{""signpuddle_id"": ""1369"", ""sign_fsw"": ""AS1dc02S30004S10006S20500M529x526S2ff00482x483S1dc02499x502"", ""source"": ""Adam Frost"", ""fps"": 29.97, ""duration"": 1.835, ""width"": 1280, ""height"": 720, ""codec"": ""h264""}"
videos/less_than_under_under_the_limit.mp4,b2a0a40ca0e789f28d82bd9f34ea5315,0,0,en,ase,whatsthatsign,"less than, under, under the limit, below the limit","{""signpuddle_id"": ""983"", ""sign_fsw"": ""AS15a51S2fe00S15a1aS2fe00S21404S20500S22a04M516x523S15a1a484x477S15a51493x490S22a04489x508"", ""source"": ""Adam Frost"", ""fps"": 29.97, ""duration"": 2.502, ""width"": 1280, ""height"": 720, ""codec"": ""h264""}"
videos/lesson_list.mp4,7929dc36837eb72e67492b8d2f62cfa3,0,0,en,ase,whatsthatsign,"lesson, list","{""signpuddle_id"": ""2041"", ""sign_fsw"": ""AS18210S2fe00S15a08S2fe00S21414S20500S22a04S20500M523x520S15a08477x480S18210483x491S22a04510x491S20500512x509"", ""source"": ""Adam Frost"", ""fps"": 29.97, ""duration"": 1.969, ""width"": 1280, ""height"": 720, ""codec"": ""h264""}"
videos/lesson_list_course.mp4,9b6351a58038be7c59349d54735a52c3,0,0,en,ase,whatsthatsign,"lesson, list, course","{""signpuddle_id"": ""2036"", ""sign_fsw"": ""AS18240S2fe00S15a38S2fe00S21400S20500S26504S20500M524x520S15a38477x480S18240483x491S26504510x491S20500512x509"", ""source"": ""Adam Frost"", ""fps"": 30.0, ""duration"": 2.067, ""width"": 1280, ""height"": 720, ""codec"": ""h264""}"
videos/letter.mp4,9a0a3d8ad949981bd37fc0d34c59aedd,0,0,en,ase,whatsthatsign,letter,"{""signpuddle_id"": ""211"", ""sign_fsw"": ""AS1dc20S2fe00S10018S2fe00S21406S20600M521x526S10018494x496S1dc20497x475S20600480x481"", ""source"": ""Adam Frost"", ""fps"": 30.0, ""duration"": 2.833, ""width"": 1280, ""height"": 720, ""codec"": ""h264""}"
videos/lettuce_cabbage.mp4,7c58615b42c9dc2721d5a6f4f7c70da8,0,0,en,ase,whatsthatsign,"lettuce, cabbage","{""signpuddle_id"": ""1021"", ""sign_fsw"": ""AS14c10S30007S10006S20600M544x518S2ff00482x483S14c10507x466S20600522x499"", ""source"": ""Adam Frost"", ""fps"": 29.97, ""duration"": 2.569, ""width"": 1280, ""height"": 720, ""codec"": ""h264""}"
videos/library.mp4,65f2c651eb7bbe91faa9e1e06bd40325,0,0,en,ase,whatsthatsign,library,"{""signpuddle_id"": ""329"", ""sign_fsw"": ""AS1dc20S2fe00S10006S2e50eM528x515S1dc20473x485S2e50e501x489"", ""source"": ""Adam Frost"", ""fps"": 29.97, ""duration"": 2.269, ""width"": 1280, ""height"": 720, ""codec"": ""h264""}"
videos/lick.mp4,7539b517a9287c25da69ccebe503b878,0,0,en,ase,whatsthatsign,lick,"{""signpuddle_id"": ""842"", ""sign_fsw"": ""AS11513S2fe00S15a18S2fe00S21406S20e00S22f00M520x526S15a18480x499S11513493x500S20e00494x490S22f00488x474"", ""source"": ""Adam Frost"", ""fps"": 29.97, ""duration"": 2.436, ""width"": 1280, ""height"": 720, ""codec"": ""h264""}"
videos/lie_lying.mp4,3f41796795540bea997c38902f7cdda4,0,0,en,ase,whatsthatsign,"lie, lying","{""signpuddle_id"": ""793"", ""sign_fsw"": ""AS18210S30004S10006S20e00S26502M521x528S2ff00482x483S18210498x513S26502477x514"", ""source"": ""Adam Frost"", ""fps"": 29.97, ""duration"": 2.402, ""width"": 1280, ""height"": 720, ""codec"": ""h264""}"
videos/life_alive_live.mp4,a7719cddc0a90ba3b09aaa6e324dca5e,0,0,en,ase,whatsthatsign,"life, alive, live, lives","{""signpuddle_id"": ""247"", ""sign_fsw"": ""AS1f702S38517S1f70aS38511S21100S22a00S22a10M527x519S1f70a474x499S1f702512x499S21100494x491S22a00513x481S22a10475x481"", ""source"": ""Adam Frost"", ""fps"": 30.0, ""duration"": 1.867, ""width"": 1280, ""height"": 720, ""codec"": ""h264""}"
videos/lifeguard.mp4,753cc46eda6e28b3061d77201549ff73,0,0,en,ase,whatsthatsign,lifeguard,"{""signpuddle_id"": ""1729"", ""sign_fsw"": ""AS1f702S38517S1f70aS38511S21100S22a00S22a10S15a11S2fe00S15a19S2fe00S21414S20500M526x535S1f70a474x485S1f702511x485S21100493x477S22a00510x466S22a10475x466S15a19488x512S15a11489x512"", ""source"": ""Adam Frost"", ""fps"": 29.97, ""duration"": 2.002, ""width"": 1280, ""height"": 720, ""codec"": ""h264""}"
videos/lift_elevator.mp4,2f5042eb8e4be027760529182564bede,0,0,en,ase,whatsthatsign,"lift, elevator","{""signpuddle_id"": ""348"", ""sign_fsw"": ""AS10e04S2fe00S15a3aS2fe00S21400S20500S22f20M514x526S15a3a486x514S10e04494x492S22f20489x475"", ""source"": ""Adam Frost"", ""fps"": 30.0, ""duration"": 2.833, ""width"": 1280, ""height"": 720, ""codec"": ""h264""}"
videos/lift_go_up_elevator.mp4,7db2ae4dda71fc6255a93ed7ff434ae8,0,0,en,ase,whatsthatsign,"lift, go up elevator","{""signpuddle_id"": ""801"", ""sign_fsw"": ""AS10e04S2fe00S15a3aS2fe00S21400S20500S22a20M514x526S15a3a487x514S10e04495x492S22a20496x474"", ""source"": ""Adam Frost"", ""fps"": 29.97, ""duration"": 2.936, ""width"": 1280, ""height"": 720, ""codec"": ""h264""}"
videos/light_lights_lamp.mp4,dda2eaf7ff63599315f57e9381deb8fa,0,0,en,ase,whatsthatsign,"light, lights, lamp, lamps","{""signpuddle_id"": ""190"", ""sign_fsw"": ""AS1bb00S30004S10006S21d00S20b00M530x537S2ff00482x483S1bb00487x509S21d00512x525S20b00515x510"", ""source"": ""Adam Frost"", ""fps"": 29.97, ""duration"": 2.236, ""width"": 1280, ""height"": 720, ""codec"": ""h264""}"
videos/lightweight_light.mp4,6b1507cfd4921f369eba9b2b225cd890,0,0,en,ase,whatsthatsign,"lightweight, light","{""signpuddle_id"": ""1037"", ""sign_fsw"": ""AS1c551S2fe00S1c559S2fe00S38006S2a208S2a210M560x517S1c551510x492S1c559466x492S2a208537x483S2a210441x483"", ""source"": ""Adam Frost"", ""fps"": 29.97, ""duration"": 2.636, ""width"": 1280, ""height"": 720, ""codec"": ""h264""}"
videos/like.mp4,c1548df9699e5af1119f7d196c4f96fa,0,0,en,ase,whatsthatsign,like,"{""signpuddle_id"": ""488"", ""sign_fsw"": ""AS14c02S38510S10006S20500S26500S1bb02M516x537S1bb02488x464S14c02485x506S26500499x488S20500503x526"", ""source"": ""Adam Frost"", ""fps"": 30.0, ""duration"": 2.633, ""width"": 1280, ""height"": 720, ""codec"": ""h264""}"
videos/linguistics_linguistic.mp4,6a0ede24e0f64a9a202827c9f6eab641,0,0,en,ase,whatsthatsign,"linguistics, linguistic","{""signpuddle_id"": ""1835"", ""sign_fsw"": ""AS1dc50S2fe00S1dc58S2fe00S21406S20500S26506S26512S20350S20358M565x515S1dc50502x485S1dc58475x485S26506530x500S26512455x500S20350550x500S20358435x500"", ""source"": ""Adam Frost"", ""fps"": 29.97, ""duration"": 1.802, ""width"": 1280, ""height"": 720, ""codec"": ""h264""}"
videos/lion_lions.mp4,9d2b786e68f5b3ac6c29cefbb06ad7b2,0,0,en,ase,whatsthatsign,"lion, lions","{""signpuddle_id"": ""1441"", ""sign_fsw"": ""AS14e04S38400S10006S2b705M529x518S2ff00482x483S14e04486x451S2b705515x454"", ""source"": ""Adam Frost"", ""fps"": 29.97, ""duration"": 1.635, ""width"": 1280, ""height"": 720, ""codec"": ""h264""}"
videos/listen.mp4,5fda1e5c9370754a8f4357c5fc3e47eb,0,0,en,ase,whatsthatsign,listen,"{""signpuddle_id"": ""153"", ""sign_fsw"": ""AS16d17S33010S10006S20500M537x518S2ff00482x483S16d17517x496"", ""source"": ""Adam Frost"", ""fps"": 29.97, ""duration"": 2.603, ""width"": 1280, ""height"": 720, ""codec"": ""h264""}"
videos/listen_to_music_listening_to_music.mp4,0fad50ac3095fa61aee64007db3d4f0f,0,0,en,ase,whatsthatsign,"listen to music, listening to music","{""signpuddle_id"": ""2334"", ""sign_fsw"": ""AS15a40S38622S15a3aS2fe00S2a404S16d17S33010S10006S20500M537x518S37806475x466S15a3a507x461S15a40497x427S2a404467x425S2ff00482x483S16d17517x495"", ""source"": ""Adam Frost"", ""fps"": 30.0, ""duration"": 2.3, ""width"": 1280, ""height"": 720, ""codec"": ""h264""}"
videos/living_room.mp4,1abdd95e63fee6d84ae2b768e71db505,0,0,en,ase,whatsthatsign,living room,"{""signpuddle_id"": ""2379"", ""sign_fsw"": ""AS1f702S38517S1f70aS38511S21100S22a00S22a10S15a40S2fe00S15a48S2fe00S38005S26902S26916M527x551S1f70a474x467S1f702512x467S21100494x459S22a00513x449S22a10475x449S15a40512x524S15a48476x497S26902491x531S26916491x506"", ""source"": ""Adam Frost"", ""fps"": 30.0, ""duration"": 2.133, ""width"": 1280, ""height"": 720, ""codec"": ""h264""}"
videos/living_room_formal_room.mp4,5ccd359dbac9a121f6e3a8c2231764e5,0,0,en,ase,whatsthatsign,"living room, formal room","{""signpuddle_id"": ""2377"", ""sign_fsw"": ""AS14c10S38510S10006S20e00S22f00S15a40S2fe00S15a48S2fe00S38005S26902S26916M524x549S14c10478x457S22f00498x451S20e00504x469S15a40512x522S15a48476x497S26902491x530S26916491x506"", ""source"": ""Adam Frost"", ""fps"": 30.0, ""duration"": 2.133, ""width"": 1280, ""height"": 720, ""codec"": ""h264""}"
videos/lobby.mp4,cd2abac0a2477047beded644fd533355,0,0,en,ase,whatsthatsign,lobby,"{""signpuddle_id"": ""334"", ""sign_fsw"": ""AS1dc20S2fe00S10006S17620S14720S14720S19a20M515x563S1dc20485x437S17620494x471S14720495x491S14720495x517S19a20487x543"", ""source"": ""Adam Frost"", ""fps"": 29.97, ""duration"": 2.369, ""width"": 1280, ""height"": 720, ""codec"": ""h264""}"
videos/lobster_lobsters.mp4,cc87c36a4619b22d3cda22bce8f7fcd1,0,0,en,ase,whatsthatsign,"lobster, lobsters","{""signpuddle_id"": ""1460"", ""sign_fsw"": ""AS18520S2fe00S18528S2fe00S38006S22114S22114M533x513S18520508x498S18528468x498S22114507x488S22114468x488"", ""source"": ""Adam Frost"", ""fps"": 29.97, ""duration"": 1.735, ""width"": 1280, ""height"": 720, ""codec"": ""h264""}"
videos/loft.mp4,c893c4347f4c07eaa7ddb48d00a028d7,0,0,en,ase,whatsthatsign,loft,"{""signpuddle_id"": ""1198"", ""sign_fsw"": ""AS1dc20S2fe00S10006S17620S1ce20S1fb20M515x554S1dc20485x447S17620493x481S1ce20493x501S1fb20494x535"", ""source"": ""Adam Frost"", ""fps"": 29.97, ""duration"": 1.935, ""width"": 1280, ""height"": 720, ""codec"": ""h264""}"
videos/lonely.mp4,af7fbd6264480ad91ba423a0d5b75b28,0,0,en,ase,whatsthatsign,lonely,"{""signpuddle_id"": ""1371"", ""sign_fsw"": ""AS10010S30004S10006S20e00S22f04M526x546S2ff00482x483S10010486x508S20e00507x518S22f04501x532"", ""source"": ""Adam Frost"", ""fps"": 29.97, ""duration"": 2.135, ""width"": 1280, ""height"": 720, ""codec"": ""h264""}"
videos/long.mp4,050fe83b286de5d9984e08ad8edb5c54,0,0,en,ase,whatsthatsign,long,"{""signpuddle_id"": ""1301"", ""sign_fsw"": ""AS10050S38630S10006S21100S26503M519x524S37602482x481S10050504x494S21100500x476S26503486x488"", ""source"": ""Adam Frost"", ""fps"": 29.97, ""duration"": 2.235, ""width"": 1280, ""height"": 720, ""codec"": ""h264""}"
videos/long_ago_long_time_ago.mp4,56a5106088bd659e15e79dfcf0a1ae36,0,0,en,ase,whatsthatsign,"long ago, long time ago","{""signpuddle_id"": ""1666"", ""sign_fsw"": ""AS14c10S38507S10006S2bd05M539x531S36d00479x501S14c10516x469S2bd05524x503"", ""source"": ""Adam Frost"", ""fps"": 29.97, ""duration"": 2.236, ""width"": 1280, ""height"": 720, ""codec"": ""h264""}"
videos/long_sleeves.mp4,8651fe26ea348577053a205d6cb92a02,0,0,en,ase,whatsthatsign,long sleeves,"{""signpuddle_id"": ""1065"", ""sign_fsw"": ""AS14702S38630S10006S20600M521x536S37606479x464S14702499x510S20600479x525"", ""source"": ""Adam Frost"", ""fps"": 29.97, ""duration"": 2.369, ""width"": 1280, ""height"": 720, ""codec"": ""h264""}"
videos/look_at_stare_at_watch.mp4,89c4fde532155e085e7d30166ca4d864,0,0,en,ase,whatsthatsign,"look at, stare at, watch, view, look forward, stare forward","{""signpuddle_id"": ""36"", ""sign_fsw"": ""AS10e50S2fe00S10006S26500M508x524S10e50493x494S26500493x476"", ""source"": ""Adam Frost"", ""fps"": 29.97, ""duration"": 2.336, ""width"": 1280, ""height"": 720, ""codec"": ""h264""}"
videos/look_at_surface_look_at_paper.mp4,ea611a582192201cd5739896cd2a68e4,0,0,en,ase,whatsthatsign,"look at surface, look at paper","{""signpuddle_id"": ""39"", ""sign_fsw"": ""AS10e50S2fe00S15a0aS2fe00S38004S26500M514x533S15a0a487x468S10e50495x483S26500495x518"", ""source"": ""Adam Frost"", ""fps"": 30.0, ""duration"": 2.467, ""width"": 1280, ""height"": 720, ""codec"": ""h264""}"
videos/look_at_wrist_look_at_watch_look_at_time.mp4,cd66c0ae30c73b2ebd9b02eda5b33cb4,0,0,en,ase,whatsthatsign,"look at wrist, look at watch, look at time","{""signpuddle_id"": ""41"", ""sign_fsw"": ""AS10e50S38633S2035aS2fe00S26500M524x532S37806477x474S2035a509x468S10e50493x482S26500493x517"", ""source"": ""Adam Frost"", ""fps"": 29.97, ""duration"": 2.636, ""width"": 1280, ""height"": 720, ""codec"": ""h264""}"
videos/look_face.mp4,e5456f0a2dd10264529086fac05608f4,0,0,en,ase,whatsthatsign,"look, face","{""signpuddle_id"": ""1513"", ""sign_fsw"": ""AS10001S2ff00S10006S2ed00M519x544S2ff00482x483S10001498x492S2ed00494x521"", ""source"": ""Adam Frost"", ""fps"": 30.0, ""duration"": 1.767, ""width"": 1280, ""height"": 720, ""codec"": ""h264""}"
videos/look_the_same_looks_the_same_looked_the_same.mp4,2337cb08fb30be0058378c2813023ffe,0,0,en,ase,whatsthatsign,"look the same, looks the same, looked the same","{""signpuddle_id"": ""1489"", ""sign_fsw"": ""AS10001S2ff00S10006S2ed00S19a50S2fe00S19a58S2fe00S38006S22a04S22a14M535x581S2ff00482x483S10001498x492S2ed00494x521S19a50507x543S19a58465x543S22a04515x566S22a14472x566"", ""source"": ""Adam Frost"", ""fps"": 30.0, ""duration"": 2.133, ""width"": 1280, ""height"": 720, ""codec"": ""h264""}"
videos/lose_lost.mp4,01a9e0e146bcd4adb5cf1eee688607e1,0,0,en,ase,whatsthatsign,"lose, lost","{""signpuddle_id"": ""836"", ""sign_fsw"": ""AS1853dS2fe00S18535S2fe00S21406S20500S2a204S2a21cS14c50S14c58M556x525S1853d504x475S18535473x475S2a204504x497S2a21c474x496S14c50532x486S14c58444x486"", ""source"": ""Adam Frost"", ""fps"": 29.97, ""duration"": 2.336, ""width"": 1280, ""height"": 720, ""codec"": ""h264""}"
videos/lose_lost_lost_a_game.mp4,7ecf689d0c2fa6b20f8861dfd8855956,0,0,en,ase,whatsthatsign,"lose, lost, lost a game","{""signpuddle_id"": ""40"", ""sign_fsw"": ""AS10e50S2fe00S15a3aS2fe00S21400S22a04S20500M514x527S15a3a487x515S10e50490x491S22a04490x474"", ""source"": ""Adam Frost"", ""fps"": 29.97, ""duration"": 3.203, ""width"": 1280, ""height"": 720, ""codec"": ""h264""}"
videos/lotion_Lutheran_Lutherans.mp4,da887184074aaf23e386a6ad292e7863,0,0,en,ase,whatsthatsign,"lotion, Lutheran, Lutherans","{""signpuddle_id"": ""2010"", ""sign_fsw"": ""AS1dc52S2fe00S15a39S2fe00S21400S20600M523x516S15a39500x493S1dc52486x484S20600477x503"", ""source"": ""Adam Frost"", ""fps"": 29.97, ""duration"": 2.002, ""width"": 1280, ""height"": 720, ""codec"": ""h264""}"
videos/loud_bold_vibrant.mp4,e77ae9ba2856d47476f612ce40bab91d,0,0,en,ase,whatsthatsign,"loud, bold, vibrant","{""signpuddle_id"": ""1089"", ""sign_fsw"": ""AS10021S30006S20328S30002S20500S20320S27106S27116M584x531S2ff00482x483S10021517x500S20320569x503S20328441x503S27106550x491S27116461x491"", ""source"": ""Adam Frost"", ""fps"": 29.97, ""duration"": 2.769, ""width"": 1280, ""height"": 720, ""codec"": ""h264""}"
videos/lousy.mp4,b7f2e76bc936fa4d0e0a6c60a5ec238c,0,0,en,ase,whatsthatsign,lousy,"{""signpuddle_id"": ""743"", ""sign_fsw"": ""AS11e41S33200S10006S20500S23f03M528x548S33100482x483S11e41478x515S23f03505x527"", ""source"": ""Adam Frost"", ""fps"": 30.0, ""duration"": 2.767, ""width"": 1280, ""height"": 720, ""codec"": ""h264""}"
videos/love.mp4,a7f95b9a1ca7306e0209db63df0a5a21,0,0,en,ase,whatsthatsign,love,"{""signpuddle_id"": ""2270"", ""sign_fsw"": ""AS1dc20S2fe00S10006S17620S10e20S14a20M512x552S1dc20488x449S17620496x483S10e20497x503S14a20497x537"", ""source"": ""Adam Frost"", ""fps"": 30.0, ""duration"": 2.2, ""width"": 1280, ""height"": 720, ""codec"": ""h264""}"
videos/love_kissfist.mp4,c6c381aaf2cc6a72c09015028362d1f0,0,0,en,ase,whatsthatsign,"love, kissfist","{""signpuddle_id"": ""776"", ""sign_fsw"": ""AS20320S33d00S10006S20500S26500M528x525S2ff00482x483S20320493x510S26500514x509"", ""source"": ""Adam Frost"", ""fps"": 29.97, ""duration"": 2.436, ""width"": 1280, ""height"": 720, ""codec"": ""h264""}"
videos/lover_significant_other_sweetheart.mp4,41c79e3eeb2233368a54976f07bd3a94,0,0,en,ase,whatsthatsign,"lover, significant other, sweetheart, partner, Valentine's, <i>boyfriend</i>, <i>girlfriend</i>","{""signpuddle_id"": ""1320"", ""sign_fsw"": ""AS1f70aS38511S1f702S38511S20500S20500S21800S21800M521x520S1f70a463x500S1f702480x500S21800481x489S21800459x489S36d00479x481"", ""source"": ""Adam Frost"", ""fps"": 30.0, ""duration"": 1.967, ""width"": 1280, ""height"": 720, ""codec"": ""h264""}"
videos/lunch.mp4,cebcadeda49d14faf3c5d4c973a92e0c,0,0,en,ase,whatsthatsign,lunch,"{""signpuddle_id"": ""972"", ""sign_fsw"": ""AS18507S33d00S10006S20500S15a10S2fe00S15a1aS38615S20500M522x605S33b00482x483S18507502x510S15a10504x541S37800513x568S15a1a495x593"", ""source"": ""Adam Frost"", ""fps"": 29.97, ""duration"": 2.269, ""width"": 1280, ""height"": 720, ""codec"": ""h264""}"
videos/machine.mp4,7ec6c8d3a98299a7fdc68de6c03caa4f,0,0,en,ase,whatsthatsign,machine,"{""signpuddle_id"": ""331"", ""sign_fsw"": ""AS14e02S2fe00S14e0aS2fe00S21406S20700S23624M530x526S14e02499x481S14e0a470x475S23624480x509"", ""source"": ""Adam Frost"", ""fps"": 29.97, ""duration"": 2.436, ""width"": 1280, ""height"": 720, ""codec"": ""h264""}"
videos/mad_angry.mp4,6cd09701dda253d2ba50a4d67d3cacdd,0,0,en,ase,whatsthatsign,"mad, angry","{""signpuddle_id"": ""1677"", ""sign_fsw"": ""AS15400S33d00S10006S26500M525x552S33b00482x483S15400509x508S26500511x537"", ""source"": ""Adam Frost"", ""fps"": 29.97, ""duration"": 1.668, ""width"": 1280, ""height"": 720, ""codec"": ""h264""}"
videos/mad_grumpy_crabby.mp4,1497018736e78c919827529db471baab,0,0,en,ase,whatsthatsign,"mad, grumpy, crabby, testy, irritable, cantankerous","{""signpuddle_id"": ""1678"", ""sign_fsw"": ""AS15400S33d00S10006S21800M538x533S33b00482x483S15400509x508S21800520x500"", ""source"": ""Adam Frost"", ""fps"": 30.0, ""duration"": 1.833, ""width"": 1280, ""height"": 720, ""codec"": ""h264""}"
videos/mail_letter.mp4,b461fbeec06a3a74129b4406ac531022,0,0,en,ase,whatsthatsign,"mail, letter","{""signpuddle_id"": ""237"", ""sign_fsw"": ""AS1f502S33d00S1f50aS2fe00S20500S22a05S1f520S21414S20500M525x586S33b00482x483S1f502492x510S22a05498x537S1f50a493x562S1f520501x553"", ""source"": ""Adam Frost"", ""fps"": 30.0, ""duration"": 1.867, ""width"": 1280, ""height"": 720, ""codec"": ""h264""}"
videos/main_major_field.mp4,f2a7625625f2f6c817e83c13ba8eebea,0,0,en,ase,whatsthatsign,"main, major, field, straight","{""signpuddle_id"": ""1864"", ""sign_fsw"": ""AS15a40S2fe00S15a48S2fe00S21400S21100S26500M511x539S15a48490x512S15a40498x495S21100498x479S26500497x462"", ""source"": ""Adam Frost"", ""fps"": 29.97, ""duration"": 2.002, ""width"": 1280, ""height"": 720, ""codec"": ""h264""}"
videos/mainly_predominantly.mp4,fe6f3b44547c341313150a81d412e13f,0,0,en,ase,whatsthatsign,"mainly, predominantly","{""signpuddle_id"": ""2331"", ""sign_fsw"": ""AS20340S2fe00S20348S2fe00S38006S22a03S22a13M532x515S20340517x486S20348481x486S22a03504x501S22a13468x501"", ""source"": ""Adam Frost"", ""fps"": 30.0, ""duration"": 1.6, ""width"": 1280, ""height"": 720, ""codec"": ""h264""}"
videos/make_create_produce.mp4,3468d0e7bae315850983717f61a5a13b,0,0,en,ase,whatsthatsign,"make, create, produce","{""signpuddle_id"": ""1534"", ""sign_fsw"": ""AS20302S2fe00S2030aS2fe00S21400S21100S26900S26910M531x518S20302497x486S2030a488x503S26900515x483S26910469x500"", ""source"": ""Adam Frost"", ""fps"": 29.97, ""duration"": 1.869, ""width"": 1280, ""height"": 720, ""codec"": ""h264""}"
videos/makeup_apply_makeup_put_on_makeup.mp4,f1ead754ebb596f7b3a539a6dddcd335,0,0,en,ase,whatsthatsign,"makeup, apply makeup, put on makeup","{""signpuddle_id"": ""1956"", ""sign_fsw"": ""AS18507S30006S1850fS30002S2500cS2501cM531x564S2ff00482x483S18507511x497S1850f470x497S2500c509x528S2501c469x528"", ""source"": ""Adam Frost"", ""fps"": 29.97, ""duration"": 2.035, ""width"": 1280, ""height"": 720, ""codec"": ""h264""}"
videos/mall.mp4,6b7a7d7fad77fa70a267818949f5d919,0,0,en,ase,whatsthatsign,mall,"{""signpuddle_id"": ""286"", ""sign_fsw"": ""AS18d20S2fe00S10006S1f720S1dc20S1dc20M512x556S18d20492x444S1f720492x473S1dc20488x492S1dc20488x526"", ""source"": ""Adam Frost"", ""fps"": 29.97, ""duration"": 2.302, ""width"": 1280, ""height"": 720, ""codec"": ""h264""}"
videos/man_male_men.mp4,dc43b20e28a359602d75864c73a653c9,0,0,en,ase,whatsthatsign,"man, male, men, gentleman, gentlemen","{""signpuddle_id"": ""90"", ""sign_fsw"": ""AS14c20S30007S10006S20500S22a03S14c10S38510S20500M538x550S2ff00482x483S14c20515x472S22a03514x512S14c10480x519S20500505x531"", ""source"": ""Adam Frost"", ""fps"": 30.0, ""duration"": 2.733, ""width"": 1280, ""height"": 720, ""codec"": ""h264""}"
videos/manager_controller_ruler.mp4,343f382a4ae02e76f9720bf5f111eb0e,0,0,en,ase,whatsthatsign,"manager, controller, ruler, dictator","{""signpuddle_id"": ""1643"", ""sign_fsw"": ""AS10640S2fe00S10648S2fe00S38007S27100S27114S15a40S2fe00S15a48S2fe00S38006S22a04S22a14M537x564S10640506x455S10648480x481S27100497x436S27114463x463S15a40510x519S15a48478x519S22a04510x549S22a14477x549"", ""source"": ""Adam Frost"", ""fps"": 29.97, ""duration"": 2.169, ""width"": 1280, ""height"": 720, ""codec"": ""h264""}"
videos/many_a_lot.mp4,b12a93c41a93977dcc252499dc63b2fa,0,0,en,ase,whatsthatsign,"many, a lot","{""signpuddle_id"": ""491"", ""sign_fsw"": ""AS20300S2fe00S20308S2fe00S38006S26500S26510S14c30S14c38M537x534S20308468x519S20300518x519S26500518x500S26510468x500S14c30513x466S14c38463x466"", ""source"": ""Adam Frost"", ""fps"": 30.0, ""duration"": 2.2, ""width"": 1280, ""height"": 720, ""codec"": ""h264""}"
videos/marry_marriage.mp4,bfe2baca72ab8e9fcdad57bba5f1ed88,0,0,en,ase,whatsthatsign,"marry, marriage","{""signpuddle_id"": ""483"", ""sign_fsw"": ""AS16d51S2fe00S16d39S2fe00S21400S20800M515x516S16d39495x493S16d51486x496S20800492x484"", ""source"": ""Adam Frost"", ""fps"": 29.97, ""duration"": 2.069, ""width"": 1280, ""height"": 720, ""codec"": ""h264""}"
videos/mash.mp4,316db2e33b36b7df65686001ced5a748,0,0,en,ase,whatsthatsign,mash,"{""signpuddle_id"": ""2204"", ""sign_fsw"": ""AS20340S2fe00S15a39S2fe00S21400S20c00M524x517S15a39482x483S20340476x497S20c00496x504"", ""source"": ""Adam Frost"", ""fps"": 30.0, ""duration"": 2.166, ""width"": 1280, ""height"": 720, ""codec"": ""h264""}"
videos/math_mathematics.mp4,a59369d49ad263b1bbee0541520056a7,0,0,en,ase,whatsthatsign,"math, mathematics","{""signpuddle_id"": ""1849"", ""sign_fsw"": ""AS18d41S2fe00S18d49S2fe00S21400S20e00S26a02S26a16M526x525S18d49497x481S18d41475x476S20e00495x505S26a02479x498S26a16509x498"", ""source"": ""Adam Frost"", ""fps"": 29.97, ""duration"": 2.302, ""width"": 1280, ""height"": 720, ""codec"": ""h264""}"
videos/maybe_perhaps_probably.mp4,e39e6fc7b9fac43a8ae37dd4cb013631,0,0,en,ase,whatsthatsign,"maybe, perhaps, probably","{""signpuddle_id"": ""1479"", ""sign_fsw"": ""AS15a30S2fe00S15a38S2fe00S38006S23600S23614M541x524S15a30516x477S15a38473x477S23600502x507S23614459x507"", ""source"": ""Adam Frost"", ""fps"": 29.97, ""duration"": 2.336, ""width"": 1280, ""height"": 720, ""codec"": ""h264""}"
videos/mayonnaise_mayo.mp4,a06c6dc3945e85386717bb773e68ed13,0,0,en,ase,whatsthatsign,"mayonnaise, mayo","{""signpuddle_id"": ""2317"", ""sign_fsw"": ""AS18d20S2fe00S10006S1f720S19a20S17620M514x544S18d20488x456S1f720488x485S19a20486x504S17620493x528"", ""source"": ""Adam Frost"", ""fps"": 30.0, ""duration"": 1.7, ""width"": 1280, ""height"": 720, ""codec"": ""h264""}"
videos/me_I.mp4,aaa1c2bf6de996cd4c8d77a53ca10aaf,0,0,en,ase,whatsthatsign,"me, I","{""signpuddle_id"": ""167"", ""sign_fsw"": ""AS10043S38510S10006S20500M521x516S10043491x485S20500479x505"", ""source"": ""Adam Frost"", ""fps"": 29.97, ""duration"": 1.868, ""width"": 1280, ""height"": 720, ""codec"": ""h264""}"
videos/mean_cruel_unkind.mp4,a1799ab60388e6fcfadaeddd1d7c7ded,0,0,en,ase,whatsthatsign,"mean, cruel, unkind, spiteful, malicious, malevolent, callous, vicious","{""signpuddle_id"": ""1683"", ""sign_fsw"": ""AS14e10S33200S14e48S2fe00S20500S22a04S21600S1f740S21406S20e00S22a04M524x600S33100482x483S14e10499x502S14e48478x549S22a04505x536S21600488x539S1f740504x554S20e00506x571S22a04505x585"", ""source"": ""Adam Frost"", ""fps"": 29.97, ""duration"": 1.835, ""width"": 1280, ""height"": 720, ""codec"": ""h264""}"
videos/mean_meaning_intend.mp4,4d19b22ed795816338198d9eb892a306,0,0,en,ase,whatsthatsign,"mean, meaning, intend, purpose, intention","{""signpuddle_id"": ""1995"", ""sign_fsw"": ""AS10e12S2fe00S15a48S2fe00S21406S20500S2c300S20500M533x520S15a48468x493S10e12480x501S2c300507x480S20600483x488"", ""source"": ""Adam Frost"", ""fps"": 29.97, ""duration"": 1.869, ""width"": 1280, ""height"": 720, ""codec"": ""h264""}"
videos/measure.mp4,90ec57cc2144dd47533772f864f861d6,0,0,en,ase,whatsthatsign,measure,"{""signpuddle_id"": ""1023"", ""sign_fsw"": ""AS19a20S2fe00S19a28S2fe00S21406S20500S2c503M544x521S19a20487x501S19a28457x501S2c503512x480"", ""source"": ""Adam Frost"", ""fps"": 30.0, ""duration"": 2.867, ""width"": 1280, ""height"": 720, ""codec"": ""h264""}"
videos/meat_steak.mp4,80fe9c6d78282582b5d6c77e8879f804,0,0,en,ase,whatsthatsign,"meat, steak","{""signpuddle_id"": ""1025"", ""sign_fsw"": ""AS1bb51S2fe00S15a0aS2fe00S21400S20800S26a20M520x524S15a0a489x512S1bb51481x492S20800510x502S26a20489x476"", ""source"": ""Adam Frost"", ""fps"": 29.97, ""duration"": 2.469, ""width"": 1280, ""height"": 720, ""codec"": ""h264""}"
videos/medicine_medical.mp4,7bd124a977eb66e632227ecebb8279ab,0,0,en,ase,whatsthatsign,"medicine, medical","{""signpuddle_id"": ""1544"", ""sign_fsw"": ""AS1c550S2fe00S15a39S2fe00S21400S20500S2c503M534x522S15a39466x497S1c550481x494S2c503502x479"", ""source"": ""Adam Frost"", ""fps"": 29.97, ""duration"": 1.768, ""width"": 1280, ""height"": 720, ""codec"": ""h264""}"
videos/medium_sleeves.mp4,97b9e5bfe76a360a6ac8206ed2daa7c3,0,0,en,ase,whatsthatsign,medium sleeves,"{""signpuddle_id"": ""1066"", ""sign_fsw"": ""AS14702S38620S10006S20600M522x534S37606492x466S14702498x498S20600478x513"", ""source"": ""Adam Frost"", ""fps"": 29.97, ""duration"": 2.469, ""width"": 1280, ""height"": 720, ""codec"": ""h264""}"
videos/meet.mp4,8fb440fda6cce6e3c2fab5ff6b764ec1,0,0,en,ase,whatsthatsign,meet,"{""signpuddle_id"": ""16"", ""sign_fsw"": ""AS10010S2fe00S10018S2fe00S21406S20500M516x515S10010501x485S10018485x485"", ""source"": ""Adam Frost"", ""fps"": 29.97, ""duration"": 2.703, ""width"": 1280, ""height"": 720, ""codec"": ""h264""}"
videos/meet_meet_each_other.mp4,3d3949ff4ae40f5b52a320ec71a5257d,0,0,en,ase,whatsthatsign,"meet, meet each other","{""signpuddle_id"": ""2406"", ""sign_fsw"": ""AS10020S2fe00S10008S2fe00S21414S26500S26514S20500M511x519S10008490x482S10020496x489"", ""source"": ""Adam Frost"", ""fps"": 30.0, ""duration"": 1.833, ""width"": 1280, ""height"": 720, ""codec"": ""h264""}"
videos/meet_meet_me.mp4,e6b92522bff232a3490b74462d0cb8fc,0,0,en,ase,whatsthatsign,"meet, meet me","{""signpuddle_id"": ""2101"", ""sign_fsw"": ""AS10000S2fe00S10028S2fe00S21410S26504S20500M514x528S10000493x491S10028487x498S26504500x473"", ""source"": ""Adam Frost"", ""fps"": 30.0, ""duration"": 2.1, ""width"": 1280, ""height"": 720, ""codec"": ""h264""}"
videos/meet_meet_you.mp4,3530f4d834bcf7735494711cf33196de,0,0,en,ase,whatsthatsign,"meet, meet you","{""signpuddle_id"": ""2100"", ""sign_fsw"": ""AS10020S2fe00S10008S2fe00S21414S26500S20500M511x528S10008490x473S10020496x480S26500497x513"", ""source"": ""Adam Frost"", ""fps"": 30.0, ""duration"": 2.0, ""width"": 1280, ""height"": 720, ""codec"": ""h264""}"
videos/meeting_conference_convention.mp4,91306254469609f33b03866255ddd30c,0,0,en,ase,whatsthatsign,"meeting, conference, convention, session","{""signpuddle_id"": ""1502"", ""sign_fsw"": ""AS18517S2fe00S1851fS2fe00S21406S20500S22113S22115M527x518S18517500x491S1851f481x491S22113508x483S22115473x483"", ""source"": ""Adam Frost"", ""fps"": 29.97, ""duration"": 2.102, ""width"": 1280, ""height"": 720, ""codec"": ""h264""}"
videos/melt_dissolve_fade.mp4,3ab5a42faf124061eb3a76ec1bb9a199,0,0,en,ase,whatsthatsign,"melt, dissolve, fade, solve, resolve, solution","{""signpuddle_id"": ""1367"", ""sign_fsw"": ""AS18537S2fe00S1853fS2fe00S38006S26506S26512S1f730S1f738M560x514S18537502x487S1853f479x487S26506523x497S26512462x497S1f730540x497S1f738440x497"", ""source"": ""Adam Frost"", ""fps"": 29.97, ""duration"": 2.102, ""width"": 1280, ""height"": 720, ""codec"": ""h264""}"
videos/merge_blend_mainstream.mp4,4cc07d882a8cfd1986e7f460d3ea7f9c,0,0,en,ase,whatsthatsign,"merge, blend, mainstream, mainstreamed","{""signpuddle_id"": ""1024"", ""sign_fsw"": ""AS14c50S2fe00S14c58S2fe00S21400S2d50dS2d515S20500M521x535S14c58480x483S14c50492x466S2d50d500x508S2d515481x518"", ""source"": ""Adam Frost"", ""fps"": 29.97, ""duration"": 2.603, ""width"": 1280, ""height"": 720, ""codec"": ""h264""}"
videos/message_comment_story.mp4,92a66743231c4d8eca14c5a4e50c6980,0,0,en,ase,whatsthatsign,"message, comment, story","{""signpuddle_id"": ""1654"", ""sign_fsw"": ""AS1bb17S2fe00S1bb4fS2fe00S21406S21000S26a06S26a12M527x525S1bb17500x476S1bb4f474x476S21000490x504S26a06513x498S26a12473x498"", ""source"": ""Adam Frost"", ""fps"": 29.97, ""duration"": 2.269, ""width"": 1280, ""height"": 720, ""codec"": ""h264""}"
videos/metal.mp4,e47cb6ee8d12430176398af1792d254c,0,0,en,ase,whatsthatsign,metal,"{""signpuddle_id"": ""1792"", ""sign_fsw"": ""AS10610S38404S10006S20e00S26a00M536x545S2ff00482x483S10610489x519S20e00516x532S26a00509x515"", ""source"": ""Adam Frost"", ""fps"": 29.97, ""duration"": 1.835, ""width"": 1280, ""height"": 720, ""codec"": ""h264""}"
videos/microphone.mp4,ce252ca9d215edba70908acac0c7e560,0,0,en,ase,whatsthatsign,microphone,"{""signpuddle_id"": ""1871"", ""sign_fsw"": ""AS20341S30004S10006S20600M534x530S2ff00482x483S20341489x509S20600512x515"", ""source"": ""Adam Frost"", ""fps"": 29.97, ""duration"": 1.869, ""width"": 1280, ""height"": 720, ""codec"": ""h264""}"
videos/microwave.mp4,d7a89b9e1d6cd4f2c79ec7acbb3f2e7f,0,0,en,ase,whatsthatsign,microwave,"{""signpuddle_id"": ""692"", ""sign_fsw"": ""AS20340S2fe00S20348S2fe00S38006S21d00S21d00M529x514S20340513x499S20348472x499S21d00511x487S21d00471x487"", ""source"": ""Adam Frost"", ""fps"": 30.0, ""duration"": 2.367, ""width"": 1280, ""height"": 720, ""codec"": ""h264""}"
videos/middle_center_central.mp4,3a3afd1408810ed3f1b925b769325e3f,0,0,en,ase,whatsthatsign,"middle, center, central","{""signpuddle_id"": ""1922"", ""sign_fsw"": ""AS1c550S2fe00S15a39S2fe00S21400S2e736S20500M520x524S15a39480x496S1c550490x496S2e736493x477"", ""source"": ""Adam Frost"", ""fps"": 30.0, ""duration"": 1.933, ""width"": 1280, ""height"": 720, ""codec"": ""h264""}"
videos/midnight.mp4,5d8327aac055dfc166508823c11f111c,0,0,en,ase,whatsthatsign,midnight,"{""signpuddle_id"": ""1503"", ""sign_fsw"": ""AS10e1cS2fe00S15a1aS38617S20500S21d00M516x537S37800512x465S15a1a485x463S10e1c500x497S21d00498x529"", ""source"": ""Adam Frost"", ""fps"": 29.97, ""duration"": 2.035, ""width"": 1280, ""height"": 720, ""codec"": ""h264""}"
videos/milk.mp4,9e6ecee873d3ab88212a01cee9df147f,0,0,en,ase,whatsthatsign,milk,"{""signpuddle_id"": ""277"", ""sign_fsw"": ""AS20340S2fe00S10006S21800M509x514S20340493x499S21800491x486"", ""source"": ""Adam Frost"", ""fps"": 29.97, ""duration"": 2.202, ""width"": 1280, ""height"": 720, ""codec"": ""h264""}"
videos/million_millions.mp4,07a6db8e75ea4a3495549e75734b2736,0,0,en,ase,whatsthatsign,"million, millions","{""signpuddle_id"": ""1886"", ""sign_fsw"": ""AS18d20S2fe00S10006S2e508M512x528S18d20488x472S2e508489x501"", ""source"": ""Adam Frost"", ""fps"": 29.97, ""duration"": 2.035, ""width"": 1280, ""height"": 720, ""codec"": ""h264""}"
videos/minor.mp4,b4fc78cbf3009e68cd6dce695e780c4d,0,0,en,ase,whatsthatsign,minor,"{""signpuddle_id"": ""1866"", ""sign_fsw"": ""AS10040S2fe00S15a48S2fe00S21404S21100S26500M517x529S10040483x499S15a48489x472S21100504x511S26500503x494"", ""source"": ""Adam Frost"", ""fps"": 29.97, ""duration"": 2.035, ""width"": 1280, ""height"": 720, ""codec"": ""h264""}"
videos/minute_moment_a_minute.mp4,febac4238513ad198703f840cefe8a68,0,0,en,ase,whatsthatsign,"minute, moment, a minute, 1 minute, one minute","{""signpuddle_id"": ""560"", ""sign_fsw"": ""AS10010S2fe00S10019S2fe00S21400S20500S2c300M519x543S10019482x513S10010501x483S2c300493x457"", ""source"": ""Adam Frost"", ""fps"": 30.0, ""duration"": 1.833, ""width"": 1280, ""height"": 720, ""codec"": ""h264""}"
videos/mirror.mp4,08b541877cdc14ab92f057c0b8f94b86,0,0,en,ase,whatsthatsign,mirror,"{""signpuddle_id"": ""673"", ""sign_fsw"": ""AS15a00S30006S10006S2e100M547x518S15a00529x489S2e100524x455S2ff00482x483"", ""source"": ""Adam Frost"", ""fps"": 30.0, ""duration"": 1.767, ""width"": 1280, ""height"": 720, ""codec"": ""h264""}"
videos/mischievous.mp4,e117c6732879db4afe675de0a001878d,0,0,en,ase,whatsthatsign,mischievous,"{""signpuddle_id"": ""837"", ""sign_fsw"": ""AS12120S30007S12128S2fe00S20e00S21800S21800S2ea04S2ea1cM536x585S2ff00482x483S12120511x475S12128469x530S21800514x465S21800472x520S2ea04521x505S2ea1c467x560"", ""source"": ""Adam Frost"", ""fps"": 29.97, ""duration"": 2.97, ""width"": 1280, ""height"": 720, ""codec"": ""h264""}"
videos/mix_scramble.mp4,141d3a65f16909fa2c4df82e3102fd85,0,0,en,ase,whatsthatsign,"mix, scramble","{""signpuddle_id"": ""1680"", ""sign_fsw"": ""AS15451S2fe00S1543fS2fe00S37f00S2ea06S2ea42M529x523S15451476x477S1543f472x499S2ea06504x482S2ea42500x501"", ""source"": ""Adam Frost"", ""fps"": 29.97, ""duration"": 2.102, ""width"": 1280, ""height"": 720, ""codec"": ""h264""}"
videos/model_fashion_model.mp4,dfdf86d456ff379b0b9135e136c6d34b,0,0,en,ase,whatsthatsign,"model, fashion model","{""signpuddle_id"": ""1791"", ""sign_fsw"": ""AS1c511S38507S10006S20500S2c500M550x528S36d00479x524S1c511521x499S2c500510x472"", ""source"": ""Adam Frost"", ""fps"": 30.0, ""duration"": 2.067, ""width"": 1280, ""height"": 720, ""codec"": ""h264""}"
videos/moderate_average_medium.mp4,52b7f0139fa13b43a87aa6e9b07f9195,0,0,en,ase,whatsthatsign,"moderate, average, medium, mediocre","{""signpuddle_id"": ""310"", ""sign_fsw"": ""AS15a10S2fe00S15a1aS2fe00S21414S20600M520x518S15a1a481x497S15a10487x491S20600498x483"", ""source"": ""Adam Frost"", ""fps"": 29.97, ""duration"": 2.202, ""width"": 1280, ""height"": 720, ""codec"": ""h264""}"
videos/mom_momma_mother.mp4,4ceddf116f03076c5c25610e42026107,0,0,en,ase,whatsthatsign,"mom, momma, mother","{""signpuddle_id"": ""355"", ""sign_fsw"": ""AS14c27S30004S10006S20600M530x535S2ff00482x483S14c27504x508S20600479x520"", ""source"": ""Adam Frost"", ""fps"": 30.0, ""duration"": 2.333, ""width"": 1280, ""height"": 720, ""codec"": ""h264""}"
videos/money.mp4,4478d398b800c71788638cd4bf3a28ea,0,0,en,ase,whatsthatsign,money,"{""signpuddle_id"": ""435"", ""sign_fsw"": ""AS1851cS2fe00S15a39S2fe00S21400S20600M520x515S15a39480x490S1851c492x486S20600498x504"", ""source"": ""Adam Frost"", ""fps"": 29.97, ""duration"": 2.436, ""width"": 1280, ""height"": 720, ""codec"": ""h264""}"
videos/monkey_monkeys.mp4,a3b9240216d85a85990bb796345327c9,0,0,en,ase,whatsthatsign,"monkey, monkeys","{""signpuddle_id"": ""1439"", ""sign_fsw"": ""AS14e03S38537S14e0bS38531S20e00S22f00S22f10M540x523S14e03511x495S14e0b463x495S20e00495x506S22f00515x477S22f10461x478"", ""source"": ""Adam Frost"", ""fps"": 29.97, ""duration"": 1.902, ""width"": 1280, ""height"": 720, ""codec"": ""h264""}"
videos/monster_beast_creature.mp4,e5b1df8d5763a5adb22dabc2c11cd0ed,0,0,en,ase,whatsthatsign,"monster, beast, creature","{""signpuddle_id"": ""1883"", ""sign_fsw"": ""AS14e20S30006S14e28S30002S26500S26510M544x523S2ff00482x483S14e20519x492S14e28456x492S26500525x474S26510461x474"", ""source"": ""Adam Frost"", ""fps"": 30.0, ""duration"": 1.867, ""width"": 1280, ""height"": 720, ""codec"": ""h264""}"
videos/month_one_month_1_month.mp4,cbfa452c33aa035488ea0f903458bf7f,0,0,en,ase,whatsthatsign,"month, one month, 1 month, a month","{""signpuddle_id"": ""757"", ""sign_fsw"": ""AS10002S2fe00S10028S2fe00S21414S20e00S22a04M519x525S10028481x475S10002489x477S20e00506x495S22a04505x510"", ""source"": ""Adam Frost"", ""fps"": 30.0, ""duration"": 2.833, ""width"": 1280, ""height"": 720, ""codec"": ""h264""}"
videos/moon.mp4,235835a29f36b320ced9908eb9e41ab6,0,0,en,ase,whatsthatsign,moon,"{""signpuddle_id"": ""1836"", ""sign_fsw"": ""AS1ed10S31410S10006S20500S22a07M547x518S2ff00482x483S1ed10507x486S22a07534x476"", ""source"": ""Adam Frost"", ""fps"": 29.97, ""duration"": 1.935, ""width"": 1280, ""height"": 720, ""codec"": ""h264""}"
videos/more.mp4,00ac7849ca42a1aee23ce430356dfb14,0,0,en,ase,whatsthatsign,more,"{""signpuddle_id"": ""1701"", ""sign_fsw"": ""AS18510S2fe00S18518S2fe00S21406S20500M526x508S18510501x493S18518474x493"", ""source"": ""Adam Frost"", ""fps"": 29.97, ""duration"": 1.868, ""width"": 1280, ""height"": 720, ""codec"": ""h264""}"
videos/more_than_above_above_the_limit.mp4,468d4525f8204345c5346e5e6a714474,0,0,en,ase,whatsthatsign,"more than, above, above the limit, over the limit","{""signpuddle_id"": ""1140"", ""sign_fsw"": ""AS15a51S2fe00S15a1aS2fe00S21400S20500S22a00M518x521S15a1a482x509S15a51495x498S22a00496x480"", ""source"": ""Adam Frost"", ""fps"": 29.97, ""duration"": 2.436, ""width"": 1280, ""height"": 720, ""codec"": ""h264""}"
videos/most_most_of.mp4,193c254520d99cf7ac6965ea2eda1bbd,0,0,en,ase,whatsthatsign,"most, most of","{""signpuddle_id"": ""259"", ""sign_fsw"": ""AS1f740S2fe00S1f748S2fe00S21406S20e00S22a00M521x525S1f740501x510S1f748479x499S20e00502x494S22a00502x476"", ""source"": ""Adam Frost"", ""fps"": 30.0, ""duration"": 2.333, ""width"": 1280, ""height"": 720, ""codec"": ""h264""}"
videos/motel.mp4,b90337e6fb8f6f4c7e7db8761a6a331c,0,0,en,ase,whatsthatsign,motel,"{""signpuddle_id"": ""2278"", ""sign_fsw"": ""AS18d20S2fe00S10006S17620S1fb20S14a20S1dc20M512x561S18d20491x440S17620496x469S1fb20497x489S14a20497x512S1dc20488x531"", ""source"": ""Adam Frost"", ""fps"": 30.0, ""duration"": 2.366, ""width"": 1280, ""height"": 720, ""codec"": ""h264""}"
videos/mother_in_law_mom_in_law_mother-in-law.mp4,8f0105cfebd1913bf6dfa98db48e50b3,0,0,en,ase,whatsthatsign,"mother in law, mom in law, mother-in-law, mom-in-law","{""signpuddle_id"": ""1341"", ""sign_fsw"": ""AS14c27S30004S10006S20500S1dc40S2fe00S15a18S2fe00S21406S20500S22a04S20500M530x586S2ff00482x483S14c27504x508S15a18488x557S1dc40501x541S22a04517x568S20500503x575"", ""source"": ""Adam Frost"", ""fps"": 29.97, ""duration"": 1.902, ""width"": 1280, ""height"": 720, ""codec"": ""h264""}"
videos/mother_mom_momma.mp4,dbed84bdf6b6ef6a84894541fea579b0,0,0,en,ase,whatsthatsign,"mother, mom, momma","{""signpuddle_id"": ""471"", ""sign_fsw"": ""AS14c27S30004S10006S20500S22517M542x535S2ff00482x483S14c27504x508S22517524x498"", ""source"": ""Adam Frost"", ""fps"": 29.97, ""duration"": 2.536, ""width"": 1280, ""height"": 720, ""codec"": ""h264""}"
videos/motorcycle.mp4,2ee9d027d9e2fa6ae695733227beaf35,0,0,en,ase,whatsthatsign,motorcycle,"{""signpuddle_id"": ""2132"", ""sign_fsw"": ""AS20350S2fe00S20358S2fe00S38006S23000M530x518S20350510x503S20358471x503S23000505x482"", ""source"": ""Adam Frost"", ""fps"": 30.0, ""duration"": 1.733, ""width"": 1280, ""height"": 720, ""codec"": ""h264""}"
videos/mountain.mp4,95d6c33aa74f33536278f39fc8c01dce,0,0,en,ase,whatsthatsign,mountain,"{""signpuddle_id"": ""284"", ""sign_fsw"": ""AS1f751S2fe00S1f759S2fe00S21400S20500S14c20S2fe00S14c28S2fe00S38006S22a00S22a10M527x542S1f759489x509S1f751487x521S14c20504x477S14c28473x477S22a00509x459S22a10478x459"", ""source"": ""Adam Frost"", ""fps"": 29.97, ""duration"": 2.269, ""width"": 1280, ""height"": 720, ""codec"": ""h264""}"
videos/mouse_rat.mp4,4c631b4b95d8ae15894ae73956a91272,0,0,en,ase,whatsthatsign,"mouse, rat","{""signpuddle_id"": ""368"", ""sign_fsw"": ""AS10011S33200S10006S20e00S26a02M523x540S33100482x483S10011502x505S20e00488x520S26a02472x513"", ""source"": ""Adam Frost"", ""fps"": 29.97, ""duration"": 2.002, ""width"": 1280, ""height"": 720, ""codec"": ""h264""}"
videos/mouth.mp4,4d4483ca5ba0f5b14f0bf90c9413b74f,0,0,en,ase,whatsthatsign,mouth,"{""signpuddle_id"": ""1958"", ""sign_fsw"": ""AS10001S33d00S10006S2e306M538x544S33b00482x483S10001517x510S2e306489x521"", ""source"": ""Adam Frost"", ""fps"": 30.0, ""duration"": 1.733, ""width"": 1280, ""height"": 720, ""codec"": ""h264""}"
videos/move_move_away_move_out.mp4,6d58e662482fdafd94e2e6b7da59be41,0,0,en,ase,whatsthatsign,"move, move away, move out","{""signpuddle_id"": ""1567"", ""sign_fsw"": ""AS18551S2fe00S18559S2fe00S38006S2d207S2d217S14c57S14c59M554x529S18551484x510S18559446x509S2d207506x497S2d217464x498S14c57528x472S14c59486x475"", ""source"": ""Adam Frost"", ""fps"": 29.97, ""duration"": 1.835, ""width"": 1280, ""height"": 720, ""codec"": ""h264""}"
videos/move_move_in_move_here.mp4,4ebb1ec8d67ed594b2780b06e3aaaf23,0,0,en,ase,whatsthatsign,"move, move in, move here","{""signpuddle_id"": ""1568"", ""sign_fsw"": ""AS18521S2fe00S18529S2fe00S38006S28802S28812M541x514S18521494x495S18529459x495S28802519x487S28812476x487"", ""source"": ""Adam Frost"", ""fps"": 29.97, ""duration"": 1.969, ""width"": 1280, ""height"": 720, ""codec"": ""h264""}"
videos/move_move_to.mp4,a92426b5011f180264c117689d1a7740,0,0,en,ase,whatsthatsign,"move, move to","{""signpuddle_id"": ""378"", ""sign_fsw"": ""AS18521S2fe00S18529S2fe00S38006S2880aS2881aM541x514S18521494x495S18529459x495S2880a519x487S2881a476x487"", ""source"": ""Adam Frost"", ""fps"": 29.97, ""duration"": 2.436, ""width"": 1280, ""height"": 720, ""codec"": ""h264""}"
videos/move_up_push_up_reschedule_earlier.mp4,b1642f19f70d590c3ea5cfe9da212366,0,0,en,ase,whatsthatsign,"move up, push up, reschedule earlier, bring forward, advance, hold earlier, prepone","{""signpuddle_id"": ""796"", ""sign_fsw"": ""AS1ce40S2fe00S1ce48S2fe00S21406S20500S2b704M522x529S1ce40500x472S1ce48478x472S2b704499x505"", ""source"": ""Adam Frost"", ""fps"": 29.97, ""duration"": 2.502, ""width"": 1280, ""height"": 720, ""codec"": ""h264""}"
videos/movie_video_film.mp4,6810c5c35ba2eb0a51b9a6aa8f86a115,0,0,en,ase,whatsthatsign,"movie, video, film","{""signpuddle_id"": ""88"", ""sign_fsw"": ""AS14c20S2fe00S15a5aS2fe00S21414S20500S2a400M526x530S15a5a476x518S14c20475x492S2a400501x471"", ""source"": ""Adam Frost"", ""fps"": 30.0, ""duration"": 2.0, ""width"": 1280, ""height"": 720, ""codec"": ""h264""}"
videos/mow_mowing_pushing.mp4,61f369db08c0bfc8aad549d5116737f4,0,0,en,ase,whatsthatsign,"mow, mowing, pushing, mower, lawn mower","{""signpuddle_id"": ""839"", ""sign_fsw"": ""AS20350S2fe00S20358S2fe00S38006S26a00S26a10M538x516S20350517x501S20358469x501S26a00511x484S26a10462x484"", ""source"": ""Adam Frost"", ""fps"": 30.0, ""duration"": 3.233, ""width"": 1280, ""height"": 720, ""codec"": ""h264""}"
videos/much_a_lot.mp4,7ab181e5d776798b769360ba7e895594,0,0,en,ase,whatsthatsign,"much, a lot","{""signpuddle_id"": ""1943"", ""sign_fsw"": ""AS15440S2fe00S15448S2fe00S38006S2880aS28812M549x513S15440508x488S15448478x488S2880a527x494S28812452x494"", ""source"": ""Adam Frost"", ""fps"": 29.97, ""duration"": 1.935, ""width"": 1280, ""height"": 720, ""codec"": ""h264""}"
videos/muffin_cupcake.mp4,99c55c0aeeaadc43c20e02dd9f0d3d72,0,0,en,ase,whatsthatsign,"muffin, cupcake","{""signpuddle_id"": ""2072"", ""sign_fsw"": ""AS15451S2fe00S15a39S2fe00S21400S20600S22f00M516x525S15a39493x502S15451485x492S22f00484x475"", ""source"": ""Adam Frost"", ""fps"": 30.0, ""duration"": 2.0, ""width"": 1280, ""height"": 720, ""codec"": ""h264""}"
videos/muscle_muscles.mp4,fa17022925e5882b714fd2dc0e51f5d8,0,0,en,ase,whatsthatsign,"muscle, muscles","{""signpuddle_id"": ""1959"", ""sign_fsw"": ""AS18241S38603S10006S20600M515x534S37606485x466S18241487x468S20600489x488"", ""source"": ""Adam Frost"", ""fps"": 29.97, ""duration"": 1.535, ""width"": 1280, ""height"": 720, ""codec"": ""h264""}"
videos/museum_Montana_Montanan.mp4,e0271cb65c2e9ece4e136e31d9fcf885,0,0,en,ase,whatsthatsign,"museum, Montana, Montanan","{""signpuddle_id"": ""1158"", ""sign_fsw"": ""AS18d20S2fe00S18d28S2fe00S21406S20500S23b04S23b1cM543x518S18d20501x483S18d28480x483S23b04524x497S23b1c458x497"", ""source"": ""Adam Frost"", ""fps"": 29.97, ""duration"": 2.336, ""width"": 1280, ""height"": 720, ""codec"": ""h264""}"
videos/mushroom.mp4,bc5b721449d64d18ee8dd7ce6ed40b46,0,0,en,ase,whatsthatsign,mushroom,"{""signpuddle_id"": ""1042"", ""sign_fsw"": ""AS15412S2fe00S10018S2fe00S21400S20600M526x520S10018485x490S15412475x480S20600504x491"", ""source"": ""Adam Frost"", ""fps"": 29.97, ""duration"": 2.402, ""width"": 1280, ""height"": 720, ""codec"": ""h264""}"
videos/music_song_sing.mp4,2a8852a4dee925ab793b80a8f3a17e2b,0,0,en,ase,whatsthatsign,"music, song, sing, concert","{""signpuddle_id"": ""137"", ""sign_fsw"": ""AS15a40S38622S15a3aS2fe00S2a404M534x524S37806475x517S15a3a507x512S15a40497x478S2a404467x476"", ""source"": ""Adam Frost"", ""fps"": 30.0, ""duration"": 2.233, ""width"": 1280, ""height"": 720, ""codec"": ""h264""}"
videos/musician_musicians_singer.mp4,bfb85e0002ec1e230935b356d6c3fa67,0,0,en,ase,whatsthatsign,"musician, musicians, singer, singers","{""signpuddle_id"": ""1850"", ""sign_fsw"": ""AS15a40S38622S15a3aS2fe00S2a404S15a40S2fe00S15a48S2fe00S38006S22a04S22a14M534x551S37806475x490S15a3a507x485S15a40497x451S2a404467x449S15a40510x506S15a48478x506S22a04510x536S22a14477x536"", ""source"": ""Adam Frost"", ""fps"": 29.97, ""duration"": 2.102, ""width"": 1280, ""height"": 720, ""codec"": ""h264""}"
videos/mustache.mp4,cd655b1f4b346b2674bb93a4139dbb96,0,0,en,ase,whatsthatsign,mustache,"{""signpuddle_id"": ""231"", ""sign_fsw"": ""AS1f010S33d00S1f018S33d00S21100S21100S2880bS28813M569x524S33b00482x483S1f010503x499S1f018469x499S21100534x500S21100454x500S2880b549x504S28813431x504"", ""source"": ""Adam Frost"", ""fps"": 30.0, ""duration"": 2.333, ""width"": 1280, ""height"": 720, ""codec"": ""h264""}"
videos/mustard.mp4,af97ab8a1201365239e576d548dc1c22,0,0,en,ase,whatsthatsign,mustard,"{""signpuddle_id"": ""2318"", ""sign_fsw"": ""AS18d20S2fe00S10006S11520S20320S1fb20S1f720S11a20S10120M511x594S18d20490x406S11520495x435S20320495x469S1fb20495x488S1f720490x511S11a20495x530S10120495x564"", ""source"": ""Adam Frost"", ""fps"": 30.0, ""duration"": 2.4, ""width"": 1280, ""height"": 720, ""codec"": ""h264""}"
videos/my_mine.mp4,eaf03f0f88ba5c5989d9306d2c0079b1,0,0,en,ase,whatsthatsign,"my, mine","{""signpuddle_id"": ""465"", ""sign_fsw"": ""AS15a01S38510S10006S20500M513x514S15a01490x486S20500487x503"", ""source"": ""Adam Frost"", ""fps"": 29.97, ""duration"": 2.169, ""width"": 1280, ""height"": 720, ""codec"": ""h264""}"
videos/my_turn_I_m_next.mp4,6593719a0c8b502a83a118c84eb7bd34,0,0,en,ase,whatsthatsign,"my turn, I'm next","{""signpuddle_id"": ""1372"", ""sign_fsw"": ""AS1dc02S38510S10006S2c305S20500M526x520S1dc02475x496S2c305499x480S20500508x506"", ""source"": ""Adam Frost"", ""fps"": 29.97, ""duration"": 1.935, ""width"": 1280, ""height"": 720, ""codec"": ""h264""}"
videos/myself.mp4,c121bb9d9173dac67f7cff68c5082271,0,0,en,ase,whatsthatsign,myself,"{""signpuddle_id"": ""1141"", ""sign_fsw"": ""AS1f540S38510S10006S20500M508x519S1f540493x482S20500496x508"", ""source"": ""Adam Frost"", ""fps"": 29.97, ""duration"": 2.069, ""width"": 1280, ""height"": 720, ""codec"": ""h264""}"
videos/name.mp4,02b201a4d7b737120187c1c5dac23bb8,0,0,en,ase,whatsthatsign,name,"{""signpuddle_id"": ""50"", ""sign_fsw"": ""AS11541S2fe00S11549S2fe00S21400S20600M522x525S11541498x491S11549479x498S20600489x476"", ""source"": ""Adam Frost"", ""fps"": 29.97, ""duration"": 2.436, ""width"": 1280, ""height"": 720, ""codec"": ""h264""}"
videos/name_named_call.mp4,9adf67a5892a1bcb4d6641759191d089,0,0,en,ase,whatsthatsign,"name, named, call, called","{""signpuddle_id"": ""2087"", ""sign_fsw"": ""AS11541S2fe00S11549S2fe00S21400S20500M522x517S11541498x483S11549479x490"", ""source"": ""Adam Frost"", ""fps"": 30.0, ""duration"": 1.666, ""width"": 1280, ""height"": 720, ""codec"": ""h264""}"
videos/napkin_cloth.mp4,027fe14e5c17c16d6a61a3306ef8fbb1,0,0,en,ase,whatsthatsign,"napkin, cloth","{""signpuddle_id"": ""1937"", ""sign_fsw"": ""AS1f700S30004S10006S21100S27102M518x541S2ff00482x483S1f700492x511S21100476x514S27102458x501"", ""source"": ""Adam Frost"", ""fps"": 29.97, ""duration"": 1.802, ""width"": 1280, ""height"": 720, ""codec"": ""h264""}"
videos/near_close_nearby.mp4,b7cb890679795ff95c72b9b5da3fb6bb,0,0,en,ase,whatsthatsign,"near, close, nearby","{""signpuddle_id"": ""121"", ""sign_fsw"": ""AS15a02S2fe00S15a0aS2fe00S21414S20600M521x516S15a0a480x499S15a02494x504S20600489x485"", ""source"": ""Adam Frost"", ""fps"": 29.97, ""duration"": 2.336, ""width"": 1280, ""height"": 720, ""codec"": ""h264""}"
videos/neat_cool.mp4,9f6bbf911a2354915ee0cbb81e45430b,0,0,en,ase,whatsthatsign,"neat, cool","{""signpuddle_id"": ""1700"", ""sign_fsw"": ""AS1eb10S30005S10006S21100S2c300M547x527S2ff00482x483S1eb10512x508S2c300521x485"", ""source"": ""Adam Frost"", ""fps"": 29.97, ""duration"": 1.768, ""width"": 1280, ""height"": 720, ""codec"": ""h264""}"
videos/neat_tidy_overclean.mp4,d18eff115b12857c40ff9face6f41a3b,0,0,en,ase,whatsthatsign,"neat, tidy, overclean, sanitize, sterilize","{""signpuddle_id"": ""866"", ""sign_fsw"": ""AS15a51S2fe00S15a39S2fe00S21400S21100S26507S2f900M524x529S15a39492x506S15a51477x506S21100489x494S26507502x480S2f900513x472"", ""source"": ""Adam Frost"", ""fps"": 30.0, ""duration"": 3.0, ""width"": 1280, ""height"": 720, ""codec"": ""h264""}"
videos/neck.mp4,b417a5c2661be221a82854951f234cf7,0,0,en,ase,whatsthatsign,neck,"{""signpuddle_id"": ""1960"", ""sign_fsw"": ""AS18210S36a00S10006S20600M531x534S36a00482x477S18210508x514S20600498x523"", ""source"": ""Adam Frost"", ""fps"": 29.97, ""duration"": 1.668, ""width"": 1280, ""height"": 720, ""codec"": ""h264""}"
videos/need_should_must.mp4,d3287d59f7315d0132710fd3986d4389,0,0,en,ase,whatsthatsign,"need, should, must, need to, have to, has to","{""signpuddle_id"": ""1315"", ""sign_fsw"": ""AS10620S2fe00S10006S22e04M511x524S10620489x477S22e04494x506"", ""source"": ""Adam Frost"", ""fps"": 29.97, ""duration"": 1.969, ""width"": 1280, ""height"": 720, ""codec"": ""h264""}"
videos/need_should_ought.mp4,d3ec220cedda793d82c027fd6b3b945d,0,0,en,ase,whatsthatsign,"need, should, ought, need to, ought to, supposed to","{""signpuddle_id"": ""434"", ""sign_fsw"": ""AS10620S2fe00S10006S23004M513x524S10620487x477S23004488x506"", ""source"": ""Adam Frost"", ""fps"": 29.97, ""duration"": 2.836, ""width"": 1280, ""height"": 720, ""codec"": ""h264""}"
videos/negative_subtract_minus.mp4,a5e511961c8fc1eed602ec8b8b3ffd5f,0,0,en,ase,whatsthatsign,"negative, subtract, minus","{""signpuddle_id"": ""13"", ""sign_fsw"": ""AS10012S2fe00S15a28S2fe00S21410S20500M519x517S10012489x502S15a28482x483"", ""source"": ""Adam Frost"", ""fps"": 30.0, ""duration"": 2.167, ""width"": 1280, ""height"": 720, ""codec"": ""h264""}"
videos/nephew.mp4,20f1e3b50b8f456da92351501fca9554,0,0,en,ase,whatsthatsign,nephew,"{""signpuddle_id"": ""1351"", ""sign_fsw"": ""AS11911S30007S10006S2e00cM544x536S2ff00482x483S11911516x484S2e00c523x508"", ""source"": ""Adam Frost"", ""fps"": 30.0, ""duration"": 1.833, ""width"": 1280, ""height"": 720, ""codec"": ""h264""}"
videos/neutrally_closed_mouth.mp4,c8a9610db49af90383b93ea14fdce02e,0,0,en,ase,whatsthatsign,neutrally closed mouth,"{""signpuddle_id"": ""418"", ""sign_fsw"": ""AS33b00M518x518S33b00482x483"", ""source"": ""Adam Frost"", ""fps"": 29.97, ""duration"": 1.635, ""width"": 1280, ""height"": 720, ""codec"": ""h264""}"
videos/neutrally_closed_mouth_then_neutrally_opened_mouth.mp4,6dda348cbe39310fae6f8c176f5e1101,0,0,en,ase,whatsthatsign,neutrally closed mouth then neutrally opened mouth,"{""signpuddle_id"": ""426"", ""sign_fsw"": ""AS33b00S34700M518x530S33b00482x471S34710493x517S2ff10482x501"", ""source"": ""Adam Frost"", ""fps"": 29.97, ""duration"": 2.102, ""width"": 1280, ""height"": 720, ""codec"": ""h264""}"
videos/neutrally_closed_mouth_then_rounded_mouth.mp4,25cd0af226bdf7a8ef658566dc6d20d5,0,0,en,ase,whatsthatsign,neutrally closed mouth then rounded mouth,"{""signpuddle_id"": ""1160"", ""sign_fsw"": ""AS33b00S34400M518x530S33b00482x471S34410495x516S2ff10482x501"", ""source"": ""Adam Frost"", ""fps"": 29.97, ""duration"": 1.668, ""width"": 1280, ""height"": 720, ""codec"": ""h264""}"
videos/neutrally_open_mouth.mp4,53dc37cba866ec81906286d9693265cb,0,0,en,ase,whatsthatsign,neutrally open mouth,"{""signpuddle_id"": ""419"", ""sign_fsw"": ""AS34700M518x518S34700482x483"", ""source"": ""Adam Frost"", ""fps"": 29.97, ""duration"": 2.302, ""width"": 1280, ""height"": 720, ""codec"": ""h264""}"
videos/never.mp4,d039900a82b35579c14d658109b53355,0,0,en,ase,whatsthatsign,never,"{""signpuddle_id"": ""453"", ""sign_fsw"": ""AS15a50S2fe00S10006S23f03M519x517S15a50481x483S23f03496x496"", ""source"": ""Adam Frost"", ""fps"": 29.97, ""duration"": 2.569, ""width"": 1280, ""height"": 720, ""codec"": ""h264""}"
videos/new.mp4,81d6b74c54efa2c8b1669ec713a73212,0,0,en,ase,whatsthatsign,new,"{""signpuddle_id"": ""2116"", ""sign_fsw"": ""AS1821dS2fe00S15a16S2fe00S21400S20e00S2880fS2880fM532x522S15a16505x510S1821d503x497S20e00491x500S2880f468x501S2880f468x479"", ""source"": ""Adam Frost"", ""fps"": 30.0, ""duration"": 2.2, ""width"": 1280, ""height"": 720, ""codec"": ""h264""}"
videos/new_fresh.mp4,63c50df5919f7ad60d20aa18b0168954,0,0,en,ase,whatsthatsign,"new, fresh","{""signpuddle_id"": ""318"", ""sign_fsw"": ""AS1821dS2fe00S15a16S2fe00S21400S20e00S2880fM532x517S15a16505x505S1821d503x492S20e00491x495S2880f468x484"", ""source"": ""Adam Frost"", ""fps"": 30.0, ""duration"": 2.2, ""width"": 1280, ""height"": 720, ""codec"": ""h264""}"
videos/next.mp4,f3209d78c5b104c32089f24e26dd097f,0,0,en,ase,whatsthatsign,next,"{""signpuddle_id"": ""1668"", ""sign_fsw"": ""AS15a02S2fe00S15a0aS2fe00S38004S2b700M521x519S15a0a480x503S15a02494x507S2b700497x481"", ""source"": ""Adam Frost"", ""fps"": 29.97, ""duration"": 1.902, ""width"": 1280, ""height"": 720, ""codec"": ""h264""}"
videos/next_to_adjacent_by.mp4,e3d0e3a9db6700824ad5207d315dde2d,0,0,en,ase,whatsthatsign,"next to, adjacent, by, on the left side","{""signpuddle_id"": ""1145"", ""sign_fsw"": ""AS15a40S2fe00S15a48S2fe00S21400S20500S28802M519x522S15a48499x495S15a40507x478S28802482x478"", ""source"": ""Adam Frost"", ""fps"": 29.97, ""duration"": 2.536, ""width"": 1280, ""height"": 720, ""codec"": ""h264""}"
videos/next_week.mp4,694647d10dc02b2f6c2bf1b1378c341b,0,0,en,ase,whatsthatsign,next week,"{""signpuddle_id"": ""468"", ""sign_fsw"": ""AS10050S2fe00S15a36S2fe00S21400S20e00S2d506M529x519S15a36471x507S10050476x482S20e00496x497S2d506509x488"", ""source"": ""Adam Frost"", ""fps"": 29.97, ""duration"": 2.536, ""width"": 1280, ""height"": 720, ""codec"": ""h264""}"
videos/next_year.mp4,fe5b5c863d2107c6d4d2c7ddd8dfb38f,0,0,en,ase,whatsthatsign,next year,"{""signpuddle_id"": ""1002"", ""sign_fsw"": ""AS20340S2fe00S20348S2fe00S21400S20500S26500S10040M511x542S20340496x511S20348490x527S26500496x492S10040496x459"", ""source"": ""Adam Frost"", ""fps"": 29.97, ""duration"": 2.302, ""width"": 1280, ""height"": 720, ""codec"": ""h264""}"
videos/nice_kind_pleasant.mp4,a64d328586491276e8a909f60e07fe5b,0,0,en,ase,whatsthatsign,"nice, kind, pleasant","{""signpuddle_id"": ""143"", ""sign_fsw"": ""AS15a51S2fe00S15a39S2fe00S21400S21100S26507M519x524S15a39496x501S15a51481x501S21100493x489S26507506x476"", ""source"": ""Adam Frost"", ""fps"": 29.97, ""duration"": 1.969, ""width"": 1280, ""height"": 720, ""codec"": ""h264""}"
videos/nickle_five_cents_5_.mp4,2c23413d7f056706d026cf83260cecd6,0,0,en,ase,whatsthatsign,"nickle, five cents, 5¢","{""signpuddle_id"": ""1961"", ""sign_fsw"": ""AS14c01S30007S10006S20500S26500M524x518S2ff00482x483S14c01498x488S26500508x469"", ""source"": ""Adam Frost"", ""fps"": 30.0, ""duration"": 1.867, ""width"": 1280, ""height"": 720, ""codec"": ""h264""}"
videos/niece.mp4,804ff6dcca2500c527087e026e08fd42,0,0,en,ase,whatsthatsign,niece,"{""signpuddle_id"": ""1350"", ""sign_fsw"": ""AS11911S30005S10006S2e00cM540x567S2ff00482x483S11911512x515S2e00c519x539"", ""source"": ""Adam Frost"", ""fps"": 29.97, ""duration"": 1.702, ""width"": 1280, ""height"": 720, ""codec"": ""h264""}"
videos/night_evening.mp4,257603ec9469010c9a68ac676b65555d,0,0,en,ase,whatsthatsign,"night, evening","{""signpuddle_id"": ""2119"", ""sign_fsw"": ""AS18220S2fe00S15a1aS2fe00S21414S20500M516x514S15a1a489x502S18220485x486"", ""source"": ""Adam Frost"", ""fps"": 30.0, ""duration"": 1.967, ""width"": 1280, ""height"": 720, ""codec"": ""h264""}"
videos/nine_months_9_months.mp4,62c8b7aef8221594751ac7b7386da891,0,0,en,ase,whatsthatsign,"nine months, 9 months","{""signpuddle_id"": ""1433"", ""sign_fsw"": ""AS1ce02S2fe00S10028S2fe00S21414S20e00S22a04M521x528S10028479x479S1ce02491x473S20e00503x498S22a04502x513"", ""source"": ""Adam Frost"", ""fps"": 29.97, ""duration"": 1.969, ""width"": 1280, ""height"": 720, ""codec"": ""h264""}"
videos/nine_weeks_9_weeks.mp4,45065f1b85cc73196aff8191aafac5e4,0,0,en,ase,whatsthatsign,"nine weeks, 9 weeks","{""signpuddle_id"": ""887"", ""sign_fsw"": ""AS1ce50S2fe00S15a36S2fe00S21400S20e00S26506M528x519S15a36472x507S1ce50474x481S20e00497x497S26506513x496"", ""source"": ""Adam Frost"", ""fps"": 29.97, ""duration"": 2.302, ""width"": 1280, ""height"": 720, ""codec"": ""h264""}"
videos/nine_weeks_ago_9_weeks_ago.mp4,7f2fee7abcaacbc7336dc8b249d418d6,0,0,en,ase,whatsthatsign,"nine weeks ago, 9 weeks ago","{""signpuddle_id"": ""895"", ""sign_fsw"": ""AS1ce50S2fe00S15a36S2fe00S21400S20e00S2d50aM529x519S15a36471x507S1ce50475x481S20e00496x497S2d50a510x503"", ""source"": ""Adam Frost"", ""fps"": 29.97, ""duration"": 2.569, ""width"": 1280, ""height"": 720, ""codec"": ""h264""}"
videos/nine_years_old_9_years_old_age_nine.mp4,ff9a3ca16a236348095e8f6028d68c20,0,0,en,ase,whatsthatsign,"nine years old, 9 years old, age nine, age 9, nine, 9","{""signpuddle_id"": ""1399"", ""sign_fsw"": ""AS1ce20S30004S10006S20500S2c601M531x543S2ff00482x483S1ce20492x513S2c601512x512"", ""source"": ""Adam Frost"", ""fps"": 30.0, ""duration"": 1.8, ""width"": 1280, ""height"": 720, ""codec"": ""h264""}"
videos/nineteen_years_old_19_years_old_age_nineteen.mp4,9e1a75fe77c574572f2d1905f1835a2a,0,0,en,ase,whatsthatsign,"nineteen years old, 19 years old, age nineteen, age 19, nineteen, 19","{""signpuddle_id"": ""1413"", ""sign_fsw"": ""AS10000S30004S10006S20500S2c601S1f540S1ce20M564x543S2ff00482x483S10000487x513S2c601513x512S1f540522x484S1ce20542x478"", ""source"": ""Adam Frost"", ""fps"": 29.97, ""duration"": 2.102, ""width"": 1280, ""height"": 720, ""codec"": ""h264""}"
videos/ninth_9th.mp4,ad7efedc0111a70ac3c7f3dcdef0890a,0,0,en,ase,whatsthatsign,"ninth, 9th","{""signpuddle_id"": ""1116"", ""sign_fsw"": ""AS1ce11S2fe00S10006S2c300M516x526S1ce11484x499S2c300490x475"", ""source"": ""Adam Frost"", ""fps"": 30.0, ""duration"": 1.933, ""width"": 1280, ""height"": 720, ""codec"": ""h264""}"
videos/no.mp4,47c739c84418e3a7695b57ed9fcc316d,0,0,en,ase,whatsthatsign,no,"{""signpuddle_id"": ""695"", ""sign_fsw"": ""AS13f20S2fe00S10006S22104M515x513S13f20486x498S22104487x488"", ""source"": ""Adam Frost"", ""fps"": 29.97, ""duration"": 2.236, ""width"": 1280, ""height"": 720, ""codec"": ""h264""}"
videos/no_headshake.mp4,b955c1d2f5dd1f9d9749fbf4893894b8,0,0,en,ase,whatsthatsign,"no, headshake","{""signpuddle_id"": ""423"", ""sign_fsw"": ""AS30126M518x524S30126482x476"", ""source"": ""Adam Frost"", ""fps"": 29.97, ""duration"": 1.335, ""width"": 1280, ""height"": 720, ""codec"": ""h264""}"
videos/noise_sound_noisy.mp4,caaedb7d8e9ae66d796531bd72d90f84,0,0,en,ase,whatsthatsign,"noise, sound, noisy, make noise","{""signpuddle_id"": ""840"", ""sign_fsw"": ""AS14c52S33010S14c5aS33020S26a00S26a10M553x518S2ff00482x483S14c52522x489S14c5a447x489S26a00525x471S26a10448x471"", ""source"": ""Adam Frost"", ""fps"": 29.97, ""duration"": 2.302, ""width"": 1280, ""height"": 720, ""codec"": ""h264""}"
videos/none_no_not_have.mp4,749d879039f150217cb0b573be507ab6,0,0,en,ase,whatsthatsign,"none, no, not have, don't have, doesn't have, didn't have, have no","{""signpuddle_id"": ""18"", ""sign_fsw"": ""AS17620S2fe00S17628S2fe00S38006S26506S26512M540x508S17620505x492S17628480x492S26506525x492S26512461x492"", ""source"": ""Adam Frost"", ""fps"": 29.97, ""duration"": 2.102, ""width"": 1280, ""height"": 720, ""codec"": ""h264""}"
videos/noon.mp4,91821204426fd6c0b4014195bafbe120,0,0,en,ase,whatsthatsign,noon,"{""signpuddle_id"": ""1148"", ""sign_fsw"": ""AS10e10S2fe00S15a1aS38615S20500S21b00M514x539S37800505x502S15a1a487x527S10e10493x472S21b00497x461"", ""source"": ""Adam Frost"", ""fps"": 30.0, ""duration"": 2.2, ""width"": 1280, ""height"": 720, ""codec"": ""h264""}"
videos/noon_midday.mp4,a3f83e33151969d14472ef341bc6c6bd,0,0,en,ase,whatsthatsign,"noon, midday","{""signpuddle_id"": ""1147"", ""sign_fsw"": ""AS15a10S2fe00S15a1aS38615S20500M514x532S15a10496x468S37800505x495S15a1a487x520"", ""source"": ""Adam Frost"", ""fps"": 29.97, ""duration"": 2.302, ""width"": 1280, ""height"": 720, ""codec"": ""h264""}"
videos/normal_nature_natural.mp4,27efc7d057198bbfdbe0f436107e3bf7,0,0,en,ase,whatsthatsign,"normal, nature, natural, naturally, nation, national, of course","{""signpuddle_id"": ""55"", ""sign_fsw"": ""AS11551S2fe00S2035aS2fe00S21400S2e736S20500M520x523S2035a480x502S11551493x498S2e736483x478"", ""source"": ""Adam Frost"", ""fps"": 30.0, ""duration"": 2.8, ""width"": 1280, ""height"": 720, ""codec"": ""h264""}"
videos/north_northern.mp4,16127f92f5d500c850995ff75e6a7e1a,0,0,en,ase,whatsthatsign,"north, northern","{""signpuddle_id"": ""287"", ""sign_fsw"": ""AS11920S2fe00S10006S22a00M511x521S11920490x495S22a00497x479"", ""source"": ""Adam Frost"", ""fps"": 29.97, ""duration"": 2.669, ""width"": 1280, ""height"": 720, ""codec"": ""h264""}"
videos/nose.mp4,c78f4253d9832453ebe3de0e9dd1b291,0,0,en,ase,whatsthatsign,nose,"{""signpuddle_id"": ""1908"", ""sign_fsw"": ""AS10001S33200S10006S20500M524x534S33100482x483S10001503x504"", ""source"": ""Adam Frost"", ""fps"": 30.0, ""duration"": 1.767, ""width"": 1280, ""height"": 720, ""codec"": ""h264""}"
videos/nosy_pry_prying.mp4,24c7ab661a915d56dacff068b38b6283,0,0,en,ase,whatsthatsign,"nosy, pry, prying, snoop, snooping","{""signpuddle_id"": ""845"", ""sign_fsw"": ""AS10620S33200S16d48S2fe00S20500S22a04S10651S21400S20900M524x576S33100482x483S10620502x503S22a04509x532S10651493x552S16d48481x544S20900484x566"", ""source"": ""Adam Frost"", ""fps"": 29.97, ""duration"": 2.369, ""width"": 1280, ""height"": 720, ""codec"": ""h264""}"
videos/not_don_t_doesn_t.mp4,82d98d13399ac5f0366b39943c5ea353,0,0,en,ase,whatsthatsign,"not, don't, doesn't, didn't, isn't, aren't, wasn't, weren't, wouldn't, ain't","{""signpuddle_id"": ""360"", ""sign_fsw"": ""AS1f540S38404S10006S20e00S26500M533x543S2ff00482x483S1f540493x519S20e00520x524S26500519x505"", ""source"": ""Adam Frost"", ""fps"": 29.97, ""duration"": 2.236, ""width"": 1280, ""height"": 720, ""codec"": ""h264""}"
videos/not_yet.mp4,5dcfd647caedd326298641f0bad5e739,0,0,en,ase,whatsthatsign,not yet,"{""signpuddle_id"": ""1481"", ""sign_fsw"": ""AS15a04S2fe01S10006S26b04M514x525S15a04495x476S26b04487x507"", ""source"": ""Adam Frost"", ""fps"": 29.97, ""duration"": 1.735, ""width"": 1280, ""height"": 720, ""codec"": ""h264""}"
videos/nothing_it_s_nothing_no_big_deal.mp4,ea259cbef8d6903db11f7b2d78c4c309,0,0,en,ase,whatsthatsign,"nothing, it's nothing, no big deal, no biggie","{""signpuddle_id"": ""1164"", ""sign_fsw"": ""AS1ce20S2fe00S1ce28S2fe00S38006S27102S27116M531x537S1ce20509x463S1ce28469x463S27102511x497S27116475x497"", ""source"": ""Adam Frost"", ""fps"": 30.0, ""duration"": 1.967, ""width"": 1280, ""height"": 720, ""codec"": ""h264""}"
videos/noun.mp4,e3d18fc4ea6ea7849b16a487e548b261,0,0,en,ase,whatsthatsign,noun,"{""signpuddle_id"": ""393"", ""sign_fsw"": ""AS11920S2fe00S10006S17620S11520S11920M511x555S11920489x445S17620495x475S11520495x495S11920489x529"", ""source"": ""Adam Frost"", ""fps"": 30.0, ""duration"": 2.367, ""width"": 1280, ""height"": 720, ""codec"": ""h264""}"
videos/now.mp4,cbf506844aff4b2d31ab9bc5991afa4f,0,0,en,ase,whatsthatsign,now,"{""signpuddle_id"": ""176"", ""sign_fsw"": ""AS19a00S2fe00S19a08S2fe00S38006S22a04S22a14M534x520S19a00506x481S19a08467x481S22a04513x505S22a14475x505"", ""source"": ""Adam Frost"", ""fps"": 30.0, ""duration"": 2.067, ""width"": 1280, ""height"": 720, ""codec"": ""h264""}"
videos/number_value_figure.mp4,87b5751f3f75c13334a4846ee8e69d11,0,0,en,ase,whatsthatsign,"number, value, figure","{""signpuddle_id"": ""157"", ""sign_fsw"": ""AS18510S2fe00S18514S2fe00S21406S20500S2c300S2c314S20500M535x531S18510497x496S18514473x488S20600485x478S2c300509x469S2c314465x507"", ""source"": ""Adam Frost"", ""fps"": 29.97, ""duration"": 1.802, ""width"": 1280, ""height"": 720, ""codec"": ""h264""}"
videos/nurse.mp4,afe844e350fe3ec7db11c626674dff66,0,0,en,ase,whatsthatsign,nurse,"{""signpuddle_id"": ""1624"", ""sign_fsw"": ""AS11950S38632S15a39S2fe00S20600M525x524S15a39502x477S11950496x498S20600476x487"", ""source"": ""Adam Frost"", ""fps"": 29.97, ""duration"": 2.102, ""width"": 1280, ""height"": 720, ""codec"": ""h264""}"
videos/nuts_peanuts.mp4,3ef8fb3aff607a77425ba7a50c69ada3,0,0,en,ase,whatsthatsign,"nuts, peanuts","{""signpuddle_id"": ""1031"", ""sign_fsw"": ""AS1f540S33d00S10006S20e00S26a00M543x534S34700482x483S1f540492x505S20e00523x522S26a00516x506"", ""source"": ""Adam Frost"", ""fps"": 29.97, ""duration"": 2.369, ""width"": 1280, ""height"": 720, ""codec"": ""h264""}"
videos/object.mp4,fb04bb6acef6601017641a7e298234ce,0,0,en,ase,whatsthatsign,object,"{""signpuddle_id"": ""402"", ""sign_fsw"": ""AS17620S2fe00S10006S14720S19220S2a20cS14a20S16d20S1fb20M519x574S17620498x427S14720499x447S19220498x489S2a20c482x473S14a20498x512S16d20497x531S1fb20498x555"", ""source"": ""Adam Frost"", ""fps"": 29.97, ""duration"": 3.337, ""width"": 1280, ""height"": 720, ""codec"": ""h264""}"
videos/ocean.mp4,431cdc25da2c8d3a2ed817d0f2945bfa,0,0,en,ase,whatsthatsign,ocean,"{""signpuddle_id"": ""1205"", ""sign_fsw"": ""AS17620S2fe00S10006S16d20S14a20S1f720S11920M511x554S17620495x446S16d20494x466S14a20496x490S1f720491x509S11920490x528"", ""source"": ""Adam Frost"", ""fps"": 30.0, ""duration"": 2.467, ""width"": 1280, ""height"": 720, ""codec"": ""h264""}"
videos/ocean_sea.mp4,fd35f1426bf787a6a668a4361d46aaaf,0,0,en,ase,whatsthatsign,"ocean, sea","{""signpuddle_id"": ""1291"", ""sign_fsw"": ""AS18710S30004S10006S20500S14c50S2fe00S14c58S2fe00S38005S2c100S2c111M527x633S2ff00482x483S18710491x514S14c50503x602S14c58474x580S2c100497x570S2c111481x548"", ""source"": ""Adam Frost"", ""fps"": 29.97, ""duration"": 2.336, ""width"": 1280, ""height"": 720, ""codec"": ""h264""}"
videos/of.mp4,df1b8a3407d843ce8420359e5b3175ea,0,0,en,ase,whatsthatsign,of,"{""signpuddle_id"": ""2387"", ""sign_fsw"": ""AS17620S2fe00S10006S1ce20M511x525S17620490x475S1ce20489x495"", ""source"": ""Adam Frost"", ""fps"": 30.0, ""duration"": 1.9, ""width"": 1280, ""height"": 720, ""codec"": ""h264""}"
videos/off.mp4,3b6ea9337d59b1850654435b83455551,0,0,en,ase,whatsthatsign,off,"{""signpuddle_id"": ""2347"", ""sign_fsw"": ""AS17620S2fe00S10006S1ce20S1ce20M511x542S17620490x458S1ce20489x478S1ce20489x512"", ""source"": ""Adam Frost"", ""fps"": 30.0, ""duration"": 1.7, ""width"": 1280, ""height"": 720, ""codec"": ""h264""}"
videos/office.mp4,aad396fb7ae2082e529a9f0f2e3c2a27,0,0,en,ase,whatsthatsign,office,"{""signpuddle_id"": ""328"", ""sign_fsw"": ""AS17620S2fe00S10006S1ce20S1ce20S19220S16d20S14a20M511x575S17620490x425S1ce20489x445S1ce20489x479S19220490x513S16d20489x536S14a20490x560"", ""source"": ""Adam Frost"", ""fps"": 29.97, ""duration"": 2.836, ""width"": 1280, ""height"": 720, ""codec"": ""h264""}"
videos/often_million.mp4,f1dace38e0a6ce08edd9e9e11e6fef3b,0,0,en,ase,whatsthatsign,"often, million","{""signpuddle_id"": ""1300"", ""sign_fsw"": ""AS18251S2fe00S15a38S2fe00S21400S20500S26500S20500M521x518S15a38480x491S18251486x498S26500507x489S20500496x482"", ""source"": ""Adam Frost"", ""fps"": 29.97, ""duration"": 2.135, ""width"": 1280, ""height"": 720, ""codec"": ""h264""}"
videos/oh_oh_I_see_oh_I_get_it.mp4,9cf2f4ea8e727481d83ee0471c17ca2a,0,0,en,ase,whatsthatsign,"oh, oh I see, oh I get it, ah makes sense, oh ok","{""signpuddle_id"": ""184"", ""sign_fsw"": ""AS19a50S2fe00S10006S22f04M514x520S19a50486x480S22f04488x506"", ""source"": ""Adam Frost"", ""fps"": 29.97, ""duration"": 1.969, ""width"": 1280, ""height"": 720, ""codec"": ""h264""}"
videos/oil.mp4,50a2edd07baee440b7403eaa57466ee8,0,0,en,ase,whatsthatsign,oil,"{""signpuddle_id"": ""1555"", ""sign_fsw"": ""AS17620S2fe00S10006S19220S1dc20M515x537S17620494x464S19220494x484S1dc20485x507"", ""source"": ""Adam Frost"", ""fps"": 29.97, ""duration"": 1.702, ""width"": 1280, ""height"": 720, ""codec"": ""h264""}"
videos/ok_okay.mp4,94b92c06dc5ce5f2aaec086c4a2c747a,0,0,en,ase,whatsthatsign,"ok, okay","{""signpuddle_id"": ""115"", ""sign_fsw"": ""AS17620S2fe00S10006S14020M515x525S17620499x475S14020485x495"", ""source"": ""Adam Frost"", ""fps"": 29.97, ""duration"": 1.501, ""width"": 1280, ""height"": 720, ""codec"": ""h264""}"
videos/old_age.mp4,f8ed7f40fb14a6c816e6aaf4793db2ed,0,0,en,ase,whatsthatsign,"old, age","{""signpuddle_id"": ""519"", ""sign_fsw"": ""AS15410S30004S10006S20e00S22a04S20310M518x572S2ff00482x483S15410494x510S22a04495x539S20310494x557"", ""source"": ""Adam Frost"", ""fps"": 29.97, ""duration"": 2.202, ""width"": 1280, ""height"": 720, ""codec"": ""h264""}"
videos/older.mp4,bd43849c9e0ce828f775e56c0a6e8563,0,0,en,ase,whatsthatsign,older,"{""signpuddle_id"": ""1352"", ""sign_fsw"": ""AS14e01S30004S10006S20e00S22a07S20301M549x535S2ff00482x483S14e01492x508S22a07519x504S20301528x487"", ""source"": ""Adam Frost"", ""fps"": 29.97, ""duration"": 2.002, ""width"": 1280, ""height"": 720, ""codec"": ""h264""}"
videos/on.mp4,51ce7d24fef76ad75a030661fb801c87,0,0,en,ase,whatsthatsign,on,"{""signpuddle_id"": ""2388"", ""sign_fsw"": ""AS17620S2fe00S10006S11920M511x523S17620495x477S11920489x497"", ""source"": ""Adam Frost"", ""fps"": 30.0, ""duration"": 1.8, ""width"": 1280, ""height"": 720, ""codec"": ""h264""}"
videos/on_the_left_on_the_left_side_on.mp4,7de3696bf1b178f2a04788e993846c94,0,0,en,ase,whatsthatsign,"on the left, on the left side, on, against","{""signpuddle_id"": ""340"", ""sign_fsw"": ""AS15a40S2fe00S10006S26a02M516x514S15a40504x487S26a02485x487"", ""source"": ""Adam Frost"", ""fps"": 30.0, ""duration"": 2.1, ""width"": 1280, ""height"": 720, ""codec"": ""h264""}"
videos/on_the_right_on_the_right_side_on.mp4,c3ec31d9d3dd2c0c752968648eb7fe53,0,0,en,ase,whatsthatsign,"on the right, on the right side, on, against","{""signpuddle_id"": ""339"", ""sign_fsw"": ""AS15a48S2fe00S10006S26a06M516x514S15a48485x487S26a06502x487"", ""source"": ""Adam Frost"", ""fps"": 29.97, ""duration"": 2.402, ""width"": 1280, ""height"": 720, ""codec"": ""h264""}"
videos/once.mp4,32466492b850a68ca65f9daa23fe3001,0,0,en,ase,whatsthatsign,once,"{""signpuddle_id"": ""1574"", ""sign_fsw"": ""AS10002S2fe00S15a48S2fe00S21406S20e00S28809M522x526S15a48479x495S10002492x511S20e00493x496S28809495x474"", ""source"": ""Adam Frost"", ""fps"": 29.97, ""duration"": 1.802, ""width"": 1280, ""height"": 720, ""codec"": ""h264""}"
videos/one.mp4,e0687c946d0396a360ff8e37c882913b,0,0,en,ase,whatsthatsign,one,"{""signpuddle_id"": ""2090"", ""sign_fsw"": ""AS10000S2fe00S10006S30a00M518x551S10000503x521S30a00482x483"", ""source"": ""Adam Frost"", ""fps"": 30.0, ""duration"": 2.133, ""width"": 1280, ""height"": 720, ""codec"": ""h264""}"
videos/one_year_old_1_year_old_age_one.mp4,ef471f9d52a923c7ff6e15426288e190,0,0,en,ase,whatsthatsign,"one year old, 1 year old, age one, age 1, a year old, one, 1","{""signpuddle_id"": ""1391"", ""sign_fsw"": ""AS10020S30004S10006S20500S2c601M537x543S2ff00482x483S10020499x513S2c601518x512"", ""source"": ""Adam Frost"", ""fps"": 29.97, ""duration"": 2.035, ""width"": 1280, ""height"": 720, ""codec"": ""h264""}"
videos/onion.mp4,60d014a88c0d7ed4c6d2726d1c4e084d,0,0,en,ase,whatsthatsign,onion,"{""signpuddle_id"": ""1032"", ""sign_fsw"": ""AS10612S31410S10006S21100S2c400M546x518S2ff00482x483S10612513x490S2c400506x463"", ""source"": ""Adam Frost"", ""fps"": 30.0, ""duration"": 2.4, ""width"": 1280, ""height"": 720, ""codec"": ""h264""}"
videos/only_just.mp4,fe9bd96dbcbebf2a60a3a47a52a98415,0,0,en,ase,whatsthatsign,"only, just","{""signpuddle_id"": ""244"", ""sign_fsw"": ""AS10020S2fe00S10006S2ed09M512x519S10020488x489S2ed09493x481"", ""source"": ""Adam Frost"", ""fps"": 29.97, ""duration"": 2.669, ""width"": 1280, ""height"": 720, ""codec"": ""h264""}"
videos/open_door.mp4,b87ec2ed00518f3a0da7deb0cee48d67,0,0,en,ase,whatsthatsign,"open, door","{""signpuddle_id"": ""499"", ""sign_fsw"": ""AS14720S2fe00S14728S2fe00S21406S20500S2df04M528x513S14720489x487S14728473x487S2df04507x492"", ""source"": ""Adam Frost"", ""fps"": 30.0, ""duration"": 3.633, ""width"": 1280, ""height"": 720, ""codec"": ""h264""}"
videos/open_opened_open_upward.mp4,b28aa6e5e988112648e89109dd6dcb4c,0,0,en,ase,whatsthatsign,"open, opened, open upward, opened upward, raised, raised, upright","{""signpuddle_id"": ""106"", ""sign_fsw"": ""AS15a02S2fe00S15a0aS2fe00S21400S20500S22a00M516x522S15a02489x496S15a0a485x510S22a00498x478"", ""source"": ""Adam Frost"", ""fps"": 30.0, ""duration"": 3.133, ""width"": 1280, ""height"": 720, ""codec"": ""h264""}"
videos/open_smiling_mouth.mp4,2f3c68b657599f34d19d263d5798d1f3,0,0,en,ase,whatsthatsign,open smiling mouth,"{""signpuddle_id"": ""445"", ""sign_fsw"": ""AS34000M518x518S34000482x483"", ""source"": ""Adam Frost"", ""fps"": 29.97, ""duration"": 1.602, ""width"": 1280, ""height"": 720, ""codec"": ""h264""}"
videos/open_unfold_open_book.mp4,28b6627a96758342feb57827ad72fb0c,0,0,en,ase,whatsthatsign,"open, unfold, open book, book","{""signpuddle_id"": ""133"", ""sign_fsw"": ""AS15a40S2fe00S15a48S2fe00S21406S20500S2a208S2a210M535x523S15a40500x496S15a48487x496S2a208512x478S2a210465x478"", ""source"": ""Adam Frost"", ""fps"": 29.97, ""duration"": 3.036, ""width"": 1280, ""height"": 720, ""codec"": ""h264""}"
videos/opposite__i_across_-i_.mp4,8fb37cc4f4da52fcd3b273e13ad0a8cf,0,0,en,ase,whatsthatsign,"opposite, <i>across</i>","{""signpuddle_id"": ""406"", ""sign_fsw"": ""AS10002S2fe00S1000aS2fe00S21406S20500S26506S26512M550x508S10002501x493S1000a469x493S26506535x493S26512450x493"", ""source"": ""Adam Frost"", ""fps"": 29.97, ""duration"": 2.836, ""width"": 1280, ""height"": 720, ""codec"": ""h264""}"
videos/oppress_suppress_oppression.mp4,8f9737d6bba5d8c7863dd7dff6843621,0,0,en,ase,whatsthatsign,"oppress, suppress, oppression, suppression","{""signpuddle_id"": ""1962"", ""sign_fsw"": ""AS15a50S2fe00S20348S2fe00S21400S20500S2b720M519x519S20348481x482S15a50487x492S2b720500x486"", ""source"": ""Adam Frost"", ""fps"": 30.0, ""duration"": 1.967, ""width"": 1280, ""height"": 720, ""codec"": ""h264""}"
videos/or.mp4,53b8b6cb833bfcd23804f239e8737b8c,0,0,en,ase,whatsthatsign,or,"{""signpuddle_id"": ""274"", ""sign_fsw"": ""AS17620S2fe00S10006S11a20M508x525S17620492x475S11a20492x495"", ""source"": ""Adam Frost"", ""fps"": 29.97, ""duration"": 2.436, ""width"": 1280, ""height"": 720, ""codec"": ""h264""}"
videos/orange.mp4,5435acce60fdc210a21a72e6d0bc5fdf,0,0,en,ase,whatsthatsign,orange,"{""signpuddle_id"": ""696"", ""sign_fsw"": ""AS20310S30004S10006S20500S21600M518x538S2ff00482x483S20310492x513S21600496x530"", ""source"": ""Adam Frost"", ""fps"": 29.97, ""duration"": 1.768, ""width"": 1280, ""height"": 720, ""codec"": ""h264""}"
videos/orange_juice.mp4,a81a0cbf31353c28f3fb3c030d4bf532,0,0,en,ase,whatsthatsign,orange juice,"{""signpuddle_id"": ""841"", ""sign_fsw"": ""AS20310S30004S10006S20500S21600S19220S2fe00S10006S2a20cM518x575S2ff00482x483S20310492x513S21600496x530S19220492x556S2a20c476x540"", ""source"": ""Adam Frost"", ""fps"": 29.97, ""duration"": 2.669, ""width"": 1280, ""height"": 720, ""codec"": ""h264""}"
videos/other_another.mp4,4d388a4a20c3cd6e23cc52f423c76180,0,0,en,ase,whatsthatsign,"other, another","{""signpuddle_id"": ""376"", ""sign_fsw"": ""AS1f550S2fe00S10006S2a208M524x520S1f550477x505S2a208501x480"", ""source"": ""Adam Frost"", ""fps"": 29.97, ""duration"": 1.869, ""width"": 1280, ""height"": 720, ""codec"": ""h264""}"
videos/outside_outdoor.mp4,ff2ec4bc728c6dd543f3a02bffccc732,0,0,en,ase,whatsthatsign,"outside, outdoor","{""signpuddle_id"": ""410"", ""sign_fsw"": ""AS14c00S30006S10006S26a00S18501M550x518S2ff00482x483S14c00525x482S26a00523x466S18501523x444"", ""source"": ""Adam Frost"", ""fps"": 29.97, ""duration"": 3.303, ""width"": 1280, ""height"": 720, ""codec"": ""h264""}"
videos/oven.mp4,0b188c19e06b8c2cab4a8eb0287afc81,0,0,en,ase,whatsthatsign,oven,"{""signpuddle_id"": ""699"", ""sign_fsw"": ""AS17620S2fe00S10006S10e20S14a20S11920M511x550S17620495x451S10e20495x471S14a20495x505S11920489x524"", ""source"": ""Adam Frost"", ""fps"": 29.97, ""duration"": 2.469, ""width"": 1280, ""height"": 720, ""codec"": ""h264""}"
videos/oven_baking.mp4,e32532b2b9356a70c3001560a7739a34,0,0,en,ase,whatsthatsign,"oven, baking","{""signpuddle_id"": ""682"", ""sign_fsw"": ""AS15a30S2fe00S15a1aS2fe00S37f04S26a00M525x523S15a1a476x478S15a30481x496S26a00498x504"", ""source"": ""Adam Frost"", ""fps"": 30.0, ""duration"": 2.1, ""width"": 1280, ""height"": 720, ""codec"": ""h264""}"
videos/oversleep_overslept_sleep_in.mp4,fc27c1bd013de33094ca39e2164b52fb,0,0,en,ase,whatsthatsign,"oversleep, overslept, sleep in, slept in","{""signpuddle_id"": ""868"", ""sign_fsw"": ""AS14c00S2ff00S15a1aS2fe00S22a04S1ce12S2c601M527x591S2ff00482x483S14c00488x499S22a04494x532S1ce12476x569S15a1a482x555S2c601508x560"", ""source"": ""Adam Frost"", ""fps"": 29.97, ""duration"": 2.302, ""width"": 1280, ""height"": 720, ""codec"": ""h264""}"
videos/overtime_OT.mp4,5743d96ee0b6874eff33db819ab62b3b,0,0,en,ase,whatsthatsign,"overtime, OT","{""signpuddle_id"": ""2303"", ""sign_fsw"": ""AS17620S2fe00S10006S1fb20M508x520S17620492x481S1fb20493x501"", ""source"": ""Adam Frost"", ""fps"": 30.0, ""duration"": 1.733, ""width"": 1280, ""height"": 720, ""codec"": ""h264""}"
videos/packing_pack.mp4,ccf39ed36e31ff87ab5f32a8d5ea6b55,0,0,en,ase,whatsthatsign,"packing, pack","{""signpuddle_id"": ""1566"", ""sign_fsw"": ""AS18511S2fe00S18519S2fe00S38006S28802S2881aS28802S2881aS2fd00M551x521S18511504x502S18519469x502S28802529x494S2881a450x494S28802529x480S2881a450x480S2fd00488x486"", ""source"": ""Adam Frost"", ""fps"": 29.97, ""duration"": 2.069, ""width"": 1280, ""height"": 720, ""codec"": ""h264""}"
videos/pain_injury_injured.mp4,556450e27ef51e1c4a9879d988921872,0,0,en,ase,whatsthatsign,"pain, injury, injured, hurt","{""signpuddle_id"": ""1676"", ""sign_fsw"": ""AS10002S2fe00S1000aS2fe00S38006S26a02S26a16M553x514S10002506x493S1000a465x493S26a02539x487S26a16448x487"", ""source"": ""Adam Frost"", ""fps"": 29.97, ""duration"": 2.035, ""width"": 1280, ""height"": 720, ""codec"": ""h264""}"
videos/paint_painting.mp4,662814de86b352b7f9d8992ec88323ec,0,0,en,ase,whatsthatsign,"paint, painting","{""signpuddle_id"": ""47"", ""sign_fsw"": ""AS11511S2fe00S15a18S2fe00S21406S20e00S23604M522x535S15a18479x465S11511487x483S20e00484x506S23604483x518"", ""source"": ""Adam Frost"", ""fps"": 30.0, ""duration"": 2.267, ""width"": 1280, ""height"": 720, ""codec"": ""h264""}"
videos/pair_couple_partner.mp4,2b48bf05ef26150f35083ec47254ef46,0,0,en,ase,whatsthatsign,"pair, couple, partner","{""signpuddle_id"": ""619"", ""sign_fsw"": ""AS10e51S2fe00S10e08S2fe00S21400S20600M519x523S10e08485x493S10e51489x491S20600482x478"", ""source"": ""Adam Frost"", ""fps"": 29.97, ""duration"": 2.135, ""width"": 1280, ""height"": 720, ""codec"": ""h264""}"
videos/pamper_coddle_spoil.mp4,7e3287cc3121e4a77546664c449a9172,0,0,en,ase,whatsthatsign,"pamper, coddle, spoil, petting, pet","{""signpuddle_id"": ""1434"", ""sign_fsw"": ""AS15a50S2fe00S2035aS2fe00S21400S20e00S22114M524x518S2035a476x482S15a50483x491S20e00505x491S22114498x506"", ""source"": ""Adam Frost"", ""fps"": 29.97, ""duration"": 1.935, ""width"": 1280, ""height"": 720, ""codec"": ""h264""}"
videos/pants_slacks.mp4,8ca38bff24d4062ac5665028951299d7,0,0,en,ase,whatsthatsign,"pants, slacks","{""signpuddle_id"": ""127"", ""sign_fsw"": ""AS15a1cS38541S15a14S38541S22a04S22a14S26526S38547S22a04S22a14M545x542S36d10479x459S15a1c479x497S15a14459x497S22a04532x527S22a14512x527S26526494x527S22a04478x527S22a14458x527"", ""source"": ""Adam Frost"", ""fps"": 29.97, ""duration"": 2.569, ""width"": 1280, ""height"": 720, ""codec"": ""h264""}"
videos/paper_papers_document.mp4,6082c7a9514daab69809af3c7f564d51,0,0,en,ase,whatsthatsign,"paper, papers, document, documents","{""signpuddle_id"": ""140"", ""sign_fsw"": ""AS15a51S2fe00S15a39S2fe00S21400S20e00S26a03M529x523S15a39506x478S15a51492x478S20e00488x495S26a03472x502"", ""source"": ""Adam Frost"", ""fps"": 29.97, ""duration"": 2.369, ""width"": 1280, ""height"": 720, ""codec"": ""h264""}"
videos/parade_march.mp4,df11b6edd6bb864d3b65b662de640d59,0,0,en,ase,whatsthatsign,"parade, march","{""signpuddle_id"": ""1963"", ""sign_fsw"": ""AS14404S2fe00S1440cS2fe00S38005S26b00S26b10M526x535S14404504x504S1440c476x486S26b00499x483S26b10475x465"", ""source"": ""Adam Frost"", ""fps"": 29.97, ""duration"": 2.469, ""width"": 1280, ""height"": 720, ""codec"": ""h264""}"
videos/parents_parent.mp4,979933801c0c32e724bb6c9ef57afefa,0,0,en,ase,whatsthatsign,"parents, parent","{""signpuddle_id"": ""473"", ""sign_fsw"": ""AS14c27S30004S10006S20500S14c20S30007S10006S20500M530x535S2ff00482x483S14c27504x508S20500517x482"", ""source"": ""Adam Frost"", ""fps"": 29.97, ""duration"": 2.436, ""width"": 1280, ""height"": 720, ""codec"": ""h264""}"
videos/park.mp4,6634beed488f8f717b6ada99e4a42adb,0,0,en,ase,whatsthatsign,park,"{""signpuddle_id"": ""285"", ""sign_fsw"": ""AS14051S2fe00S10006S1f720S11a20S14020M516x556S14051485x445S1f720493x473S11a20498x492S14020484x526"", ""source"": ""Adam Frost"", ""fps"": 30.0, ""duration"": 2.733, ""width"": 1280, ""height"": 720, ""codec"": ""h264""}"
videos/park_park_a_vehicle_parked_vehicle.mp4,e1d39d6ca47be0836b486bd915f1e6df,0,0,en,ase,whatsthatsign,"park, park a vehicle, parked vehicle","{""signpuddle_id"": ""1250"", ""sign_fsw"": ""AS11e40S2fe00S15a3aS2fe00S21400S20500M514x519S15a3a487x507S11e40490x482"", ""source"": ""Adam Frost"", ""fps"": 29.97, ""duration"": 1.802, ""width"": 1280, ""height"": 720, ""codec"": ""h264""}"
videos/park_parked__vehicular_object_.mp4,3978625da66a133df0c87ae700a5fd49,0,0,en,ase,whatsthatsign,"park, parked, (vehicular object)","{""signpuddle_id"": ""480"", ""sign_fsw"": ""AS11e40S2fe00S10006S2f900M512x519S11e40489x481S2f900491x514"", ""source"": ""Adam Frost"", ""fps"": 29.97, ""duration"": 2.135, ""width"": 1280, ""height"": 720, ""codec"": ""h264""}"
videos/parking_parking_lot.mp4,1d593a67828661eeb71ac389cd361115,0,0,en,ase,whatsthatsign,"parking, parking lot","{""signpuddle_id"": ""1256"", ""sign_fsw"": ""AS11e40S2fe00S15a3aS2fe00S21400S20600M525x519S15a3a476x507S11e40479x482S20600503x501"", ""source"": ""Adam Frost"", ""fps"": 29.97, ""duration"": 2.002, ""width"": 1280, ""height"": 720, ""codec"": ""h264""}"
videos/part_some_some_of.mp4,55659f794bf515e7a7d86b9eeae4fd7c,0,0,en,ase,whatsthatsign,"part, some, some of","{""signpuddle_id"": ""144"", ""sign_fsw"": ""AS15a41S2fe00S15a3aS2fe00S21400S21100S26505M527x517S15a3a477x501S15a41473x483S21100501x489S26505514x504"", ""source"": ""Adam Frost"", ""fps"": 29.97, ""duration"": 2.769, ""width"": 1280, ""height"": 720, ""codec"": ""h264""}"
videos/partner.mp4,7c9d3af35fcd53353c89edf11b6c49c9,0,0,en,ase,whatsthatsign,partner,"{""signpuddle_id"": ""1379"", ""sign_fsw"": ""AS15a41S2fe00S15a0aS2fe00S21400S20e00S2a404S15a40S2fe00S15a48S2fe00S38006S22a04S22a14M524x555S15a0a476x487S15a41491x476S20e00476x473S2a404499x446S15a40510x508S15a48478x508S22a04510x540S22a14478x540"", ""source"": ""Adam Frost"", ""fps"": 29.97, ""duration"": 2.102, ""width"": 1280, ""height"": 720, ""codec"": ""h264""}"
videos/party.mp4,e68b6bdafd73d83da3fe6128d4e007df,0,0,en,ase,whatsthatsign,party,"{""signpuddle_id"": ""1580"", ""sign_fsw"": ""AS19a40S2fe00S19a48S2fe00S38006S2a404S2a414M532x531S19a40504x470S19a48468x470S2a404505x495S2a414469x495"", ""source"": ""Adam Frost"", ""fps"": 30.0, ""duration"": 1.967, ""width"": 1280, ""height"": 720, ""codec"": ""h264""}"
videos/pass_pass_by_move_past.mp4,dddfdb7fad582eda20680db409a096a3,0,0,en,ase,whatsthatsign,"pass, pass by, move past, go past, go by, bypass","{""signpuddle_id"": ""2031"", ""sign_fsw"": ""AS1f540S2fe00S1f548S2fe00S21406S20e00S26500M516x529S1f540501x505S1f548485x494S20e00503x489S26500502x471"", ""source"": ""Adam Frost"", ""fps"": 29.97, ""duration"": 1.935, ""width"": 1280, ""height"": 720, ""codec"": ""h264""}"
videos/passive_unemotional_submissive.mp4,c85a0b491e41fa0bea53f7317d1ac320,0,0,en,ase,whatsthatsign,"passive, unemotional, submissive","{""signpuddle_id"": ""1686"", ""sign_fsw"": ""AS1543eS38517S15436S38511S21100S22f04S22f14S20332S2033aM533x525S1543e508x475S15436468x475S21100494x483S22f04508x493S22f14468x493S20332513x510S2033a473x510"", ""source"": ""Adam Frost"", ""fps"": 29.97, ""duration"": 2.169, ""width"": 1280, ""height"": 720, ""codec"": ""h264""}"
videos/password.mp4,be83abb55b1275e69cd754cf74e70f48,0,0,en,ase,whatsthatsign,password,"{""signpuddle_id"": ""1748"", ""sign_fsw"": ""AS1f711S33d00S10006S20500S1f010S2fe00S10018S2fe00S21406S20500M518x568S33b00482x483S1f711482x509S10018484x538S1f010487x538"", ""source"": ""Adam Frost"", ""fps"": 29.97, ""duration"": 2.069, ""width"": 1280, ""height"": 720, ""codec"": ""h264""}"
videos/past_before_previous.mp4,ba0255d0873f3140ec21cb60d138af58,0,0,en,ase,whatsthatsign,"past, before, previous, last","{""signpuddle_id"": ""615"", ""sign_fsw"": ""AS15a00S38507S10006S26504M541x523S36d00479x492S15a00528x477S26504527x508"", ""source"": ""Adam Frost"", ""fps"": 30.0, ""duration"": 1.467, ""width"": 1280, ""height"": 720, ""codec"": ""h264""}"
videos/pasta_spaghetti_noodle.mp4,999c081873269fb2bbc61aa362cf65cc,0,0,en,ase,whatsthatsign,"pasta, spaghetti, noodle","{""signpuddle_id"": ""1034"", ""sign_fsw"": ""AS19201S2fe00S19209S2fe00S38006S2950aS29512M559x513S19201505x494S19209470x494S2950a528x487S29512442x487"", ""source"": ""Adam Frost"", ""fps"": 30.0, ""duration"": 2.7, ""width"": 1280, ""height"": 720, ""codec"": ""h264""}"
videos/patience_patient_endure.mp4,41761cdafbbeddb4cdc3f007a08430b8,0,0,en,ase,whatsthatsign,"patience, patient, endure, bear, tolerate, put up with, bear with","{""signpuddle_id"": ""440"", ""sign_fsw"": ""AS1f711S33d00S10006S20e00S22a04M519x547S33b00482x483S1f711482x510S20e00506x518S22a04506x532"", ""source"": ""Adam Frost"", ""fps"": 29.97, ""duration"": 2.102, ""width"": 1280, ""height"": 720, ""codec"": ""h264""}"
videos/pay.mp4,9554090ac2886e03b96eab75abf4cd5b,0,0,en,ase,whatsthatsign,pay,"{""signpuddle_id"": ""1529"", ""sign_fsw"": ""AS10004S2fe00S15a37S2fe00S21400S20e00S26900M520x525S15a37489x502S10004505x479S20e00483x496S26900481x475"", ""source"": ""Adam Frost"", ""fps"": 30.0, ""duration"": 2.1, ""width"": 1280, ""height"": 720, ""codec"": ""h264""}"
videos/paying_pay.mp4,8563a5bb6654603a0e28089b7e961247,0,0,en,ase,whatsthatsign,"paying, pay","{""signpuddle_id"": ""2281"", ""sign_fsw"": ""AS10004S2fe00S15a37S2fe00S21400S20e00S26b00M523x525S15a37492x502S10004508x479S20e00486x496S26b00478x475"", ""source"": ""Adam Frost"", ""fps"": 30.0, ""duration"": 2.133, ""width"": 1280, ""height"": 720, ""codec"": ""h264""}"
videos/peach.mp4,723e36603c21752dfadf275eb7fb23d4,0,0,en,ase,whatsthatsign,peach,"{""signpuddle_id"": ""1072"", ""sign_fsw"": ""AS18517S30005S10006S20e00S22113M539x539S2ff00482x483S18517512x512S22113520x503"", ""source"": ""Adam Frost"", ""fps"": 29.97, ""duration"": 2.035, ""width"": 1280, ""height"": 720, ""codec"": ""h264""}"
videos/pear.mp4,9f02e0e466951af68aa09ca5b9dd8a63,0,0,en,ase,whatsthatsign,pear,"{""signpuddle_id"": ""2319"", ""sign_fsw"": ""AS14051S2fe00S10006S14a20S1f720S11a20M516x548S14051485x452S14a20498x480S1f720493x499S11a20498x518"", ""source"": ""Adam Frost"", ""fps"": 30.0, ""duration"": 1.866, ""width"": 1280, ""height"": 720, ""codec"": ""h264""}"
videos/pee_urinate_piss.mp4,12cc6848de2efc1e09873acbfc92d67b,0,0,en,ase,whatsthatsign,"pee, urinate, piss","{""signpuddle_id"": ""2359"", ""sign_fsw"": ""AS14000S33200S10006S20500M526x519S33100482x483S14000497x489"", ""source"": ""Adam Frost"", ""fps"": 30.0, ""duration"": 1.733, ""width"": 1280, ""height"": 720, ""codec"": ""h264""}"
videos/pencil_writing.mp4,8d555f604d606d9ddde437acbe0a4f57,0,0,en,ase,whatsthatsign,"pencil, writing","{""signpuddle_id"": ""303"", ""sign_fsw"": ""AS1eb50S2fe00S15a39S2fe00S21400S20e00S26a07M527x523S15a39473x484S1eb50486x504S20e00498x493S26a07506x478"", ""source"": ""Adam Frost"", ""fps"": 29.97, ""duration"": 2.369, ""width"": 1280, ""height"": 720, ""codec"": ""h264""}"
videos/people.mp4,d71a88ba32f6b60e79c9b206b51eaf40,0,0,en,ase,whatsthatsign,people,"{""signpuddle_id"": ""362"", ""sign_fsw"": ""AS14020S2fe00S14028S2fe00S38006S2ea30S2ea1cM532x536S14020503x464S14028468x476S2ea30515x499S2ea1c468x511"", ""source"": ""Adam Frost"", ""fps"": 30.0, ""duration"": 3.733, ""width"": 1280, ""height"": 720, ""codec"": ""h264""}"
videos/pepper.mp4,447d5e281aac153598f42b90689de5f9,0,0,en,ase,whatsthatsign,pepper,"{""signpuddle_id"": ""2327"", ""sign_fsw"": ""AS1ce50S2fe00S10006S23604M520x526S1ce50493x475S23604481x509"", ""source"": ""Adam Frost"", ""fps"": 30.0, ""duration"": 1.667, ""width"": 1280, ""height"": 720, ""codec"": ""h264""}"
videos/percent.mp4,01bde202d658a5e13135833631a81092,0,0,en,ase,whatsthatsign,percent,"{""signpuddle_id"": ""1043"", ""sign_fsw"": ""AS18520S2fe00S10006S23f03M526x513S18520474x487S23f03503x492"", ""source"": ""Adam Frost"", ""fps"": 29.97, ""duration"": 2.269, ""width"": 1280, ""height"": 720, ""codec"": ""h264""}"
videos/perfect_good_ok.mp4,cf9ff957cef5bc6c6fb4824e78b5be48,0,0,en,ase,whatsthatsign,"perfect, good, ok, a-ok, sounds good, all good","{""signpuddle_id"": ""1215"", ""sign_fsw"": ""AS1ce10S2fe00S10006M511x515S1ce10489x485"", ""source"": ""Adam Frost"", ""fps"": 29.97, ""duration"": 2.002, ""width"": 1280, ""height"": 720, ""codec"": ""h264""}"
videos/performance_play_act.mp4,5f3bd9de72623159a9524348d54488a7,0,0,en,ase,whatsthatsign,"performance, play, act, show, drama, skit, theater, theatre, perform, performing, acting","{""signpuddle_id"": ""1801"", ""sign_fsw"": ""AS1f540S38517S1f548S38511S20e00S2ea04S2ea48M526x526S1f540509x474S1f548475x474S2ea04511x501S2ea48478x501S20e00495x506"", ""source"": ""Adam Frost"", ""fps"": 29.97, ""duration"": 1.969, ""width"": 1280, ""height"": 720, ""codec"": ""h264""}"
videos/person_-er.mp4,7de812a29cd7fb67d820a4ad8f5fd82b,0,0,en,ase,whatsthatsign,"person, -er","{""signpuddle_id"": ""135"", ""sign_fsw"": ""AS15a40S2fe00S15a48S2fe00S38006S22a04S22a14M523x523S15a40510x478S15a48478x478S22a04510x508S22a14477x508"", ""source"": ""Adam Frost"", ""fps"": 30.0, ""duration"": 1.767, ""width"": 1280, ""height"": 720, ""codec"": ""h264""}"
videos/pet.mp4,fb91754116e9489328c6bba0c75a0508,0,0,en,ase,whatsthatsign,pet,"{""signpuddle_id"": ""373"", ""sign_fsw"": ""AS14051S2fe00S10006S14a20S1fb20M516x533S14051485x467S14a20498x495S1fb20498x514"", ""source"": ""Adam Frost"", ""fps"": 29.97, ""duration"": 3.036, ""width"": 1280, ""height"": 720, ""codec"": ""h264""}"
videos/pfft_meh_eh.mp4,cabdb1fcffa55b02473e9334c165d39e,0,0,en,ase,whatsthatsign,"pfft, meh, eh, whatever, pshaw","{""signpuddle_id"": ""2357"", ""sign_fsw"": ""AS15a20S2fe00S10006S22e04M509x525S15a20495x476S22e04492x507"", ""source"": ""Adam Frost"", ""fps"": 30.0, ""duration"": 1.7, ""width"": 1280, ""height"": 720, ""codec"": ""h264""}"
videos/phone.mp4,377da2c1206c4c09f8fbd7553812991c,0,0,en,ase,whatsthatsign,phone,"{""signpuddle_id"": ""807"", ""sign_fsw"": ""AS19a02S30006S10006S20500M533x518S2ff00482x483S19a02513x490"", ""source"": ""Adam Frost"", ""fps"": 29.97, ""duration"": 2.002, ""width"": 1280, ""height"": 720, ""codec"": ""h264""}"
videos/phone_telephone_mobile_phone.mp4,c335a3dbbe75592c1ad117d6f183cc98,0,0,en,ase,whatsthatsign,"phone, telephone, mobile phone, smartphone","{""signpuddle_id"": ""301"", ""sign_fsw"": ""AS19a02S30006S10006S20600M533x529S2ff00482x483S19a02513x490S20600505x518"", ""source"": ""Adam Frost"", ""fps"": 29.97, ""duration"": 2.369, ""width"": 1280, ""height"": 720, ""codec"": ""h264""}"
videos/physics.mp4,3690324cdf6005de403aa2a339a5e5a2,0,0,en,ase,whatsthatsign,physics,"{""signpuddle_id"": ""1851"", ""sign_fsw"": ""AS11002S2fe00S1100aS2fe00S21406S20600M528x514S11002501x499S1100a473x499S20600489x486"", ""source"": ""Adam Frost"", ""fps"": 30.0, ""duration"": 2.0, ""width"": 1280, ""height"": 720, ""codec"": ""h264""}"
videos/pick_up_pull_up_pull_out.mp4,ce52865e064a82f20e2b69001be78dde,0,0,en,ase,whatsthatsign,"pick up, pull up, pull out","{""signpuddle_id"": ""876"", ""sign_fsw"": ""AS14c1cS2fe00S10006S22a00S2031cM512x533S14c1c489x502S22a00494x484S2031c494x467"", ""source"": ""Adam Frost"", ""fps"": 29.97, ""duration"": 2.769, ""width"": 1280, ""height"": 720, ""codec"": ""h264""}"
videos/picnic.mp4,48dd534dd187941b0a7491dea83525f3,0,0,en,ase,whatsthatsign,picnic,"{""signpuddle_id"": ""2326"", ""sign_fsw"": ""AS15a40S2fe00S15a48S2fe00S21406S20e00S27100S27114M542x534S15a40501x507S15a48487x498S20e00494x483S27100502x466S27114458x466"", ""source"": ""Adam Frost"", ""fps"": 30.0, ""duration"": 1.833, ""width"": 1280, ""height"": 720, ""codec"": ""h264""}"
videos/picture_photo_photograph.mp4,37296e8159df1f857bf58ffe23f2febd,0,0,en,ase,whatsthatsign,"picture, photo, photograph, image, portrait, illustration","{""signpuddle_id"": ""150"", ""sign_fsw"": ""AS16d10S31410S15a20S2fe00S22a03S21410S20500M523x568S2ff00482x483S16d10506x491S22a03504x516S16d10488x529S15a20481x541S20500496x551"", ""source"": ""Adam Frost"", ""fps"": 29.97, ""duration"": 2.302, ""width"": 1280, ""height"": 720, ""codec"": ""h264""}"
videos/pie.mp4,9449faec35094ceba4079ba657d2225a,0,0,en,ase,whatsthatsign,pie,"{""signpuddle_id"": ""2068"", ""sign_fsw"": ""AS15a40S2fe00S15a39S2fe00S21400S20e00S26e0aM515x532S15a39492x477S15a40490x468S26e0a485x501"", ""source"": ""Adam Frost"", ""fps"": 29.97, ""duration"": 2.102, ""width"": 1280, ""height"": 720, ""codec"": ""h264""}"
videos/pig_pigs.mp4,bd96ef797422ee21970e29a18c537911,0,0,en,ase,whatsthatsign,"pig, pigs","{""signpuddle_id"": ""1446"", ""sign_fsw"": ""AS18211S38404S10006S20500S22125M518x535S2ff00482x483S18211485x518S22125475x516"", ""source"": ""Adam Frost"", ""fps"": 29.97, ""duration"": 1.935, ""width"": 1280, ""height"": 720, ""codec"": ""h264""}"
videos/pillow.mp4,6398674c7cea044a54ac1993fb504fb4,0,0,en,ase,whatsthatsign,pillow,"{""signpuddle_id"": ""1977"", ""sign_fsw"": ""AS15410S30006S15418S30005S26a02S26a16M553x544S2ff00482x483S15410538x487S15418520x517S26a02521x487S26a16538x517"", ""source"": ""Adam Frost"", ""fps"": 29.97, ""duration"": 1.869, ""width"": 1280, ""height"": 720, ""codec"": ""h264""}"
videos/pink.mp4,c225b52bcc83eee4ec28b4714516803a,0,0,en,ase,whatsthatsign,pink,"{""signpuddle_id"": ""701"", ""sign_fsw"": ""AS14007S30004S10006S20e00S22a04M521x548S2ff00482x483S14007497x512S20e00484x519S22a04483x533"", ""source"": ""Adam Frost"", ""fps"": 30.0, ""duration"": 1.733, ""width"": 1280, ""height"": 720, ""codec"": ""h264""}"
videos/pissed_off.mp4,48c0f506eaeec60922b8a6283f3840e6,0,0,en,ase,whatsthatsign,pissed off,"{""signpuddle_id"": ""2360"", ""sign_fsw"": ""AS14000S33200S10006S20500S17620S2fe00S10006S1ce20S1ce20M526x618S33100482x483S14000497x490S17620490x534S1ce20489x554S1ce20489x588"", ""source"": ""Adam Frost"", ""fps"": 30.0, ""duration"": 2.066, ""width"": 1280, ""height"": 720, ""codec"": ""h264""}"
videos/pity_sympathy_poor_thing.mp4,298a469e19fd4995bb2170320ee19c1f,0,0,en,ase,whatsthatsign,"pity, sympathy, poor thing, poor you, aww, how sad","{""signpuddle_id"": ""1573"", ""sign_fsw"": ""AS1c527S2fe00S10006S2ea08M515x527S1c527490x474S2ea08486x502"", ""source"": ""Adam Frost"", ""fps"": 29.97, ""duration"": 2.269, ""width"": 1280, ""height"": 720, ""codec"": ""h264""}"
videos/pizza.mp4,8f7b1c5924653ddf827fa4ac2c27651b,0,0,en,ase,whatsthatsign,pizza,"{""signpuddle_id"": ""1045"", ""sign_fsw"": ""AS14051S2fe00S10006S19220S11e20S2450aS1f720M530x552S14051471x448S19220484x476S11e20476x503S2450a499x499S1f720479x537"", ""source"": ""Adam Frost"", ""fps"": 29.97, ""duration"": 2.102, ""width"": 1280, ""height"": 720, ""codec"": ""h264""}"
videos/place.mp4,63787e7cb92881c54ac338b8d2abac78,0,0,en,ase,whatsthatsign,place,"{""signpuddle_id"": ""335"", ""sign_fsw"": ""AS14040S2fe00S14048S2fe00S21406S20500S2d50aS2d512S20500M530x526S14040501x475S14048470x475S2d50a511x510S2d512470x510"", ""source"": ""Adam Frost"", ""fps"": 29.97, ""duration"": 2.97, ""width"": 1280, ""height"": 720, ""codec"": ""h264""}"
videos/plaid_shirt.mp4,e24a922c690048af7467d26944ae0f6d,0,0,en,ase,whatsthatsign,plaid shirt,"{""signpuddle_id"": ""1059"", ""sign_fsw"": ""AS14402S38510S10006S20e00S23304M531x522S23304501x496S14402469x479S20e00486x500"", ""source"": ""Adam Frost"", ""fps"": 29.97, ""duration"": 2.436, ""width"": 1280, ""height"": 720, ""codec"": ""h264""}"
videos/plan_prepare_arrange.mp4,a6de338d4a9325a87bde327272f99357,0,0,en,ase,whatsthatsign,"plan, prepare, arrange, organize, put in order, plans, planning","{""signpuddle_id"": ""2172"", ""sign_fsw"": ""AS15a40S2fe00S15a48S2fe00S38006S26526M528x514S15a40496x487S15a48473x487S26526513x495"", ""source"": ""Adam Frost"", ""fps"": 29.97, ""duration"": 1.869, ""width"": 1280, ""height"": 720, ""codec"": ""h264""}"
videos/planet.mp4,0e00f51273b237a7baf76907d1ffa5c2,0,0,en,ase,whatsthatsign,planet,"{""signpuddle_id"": ""1876"", ""sign_fsw"": ""AS14051S2fe00S2031aS2fe00S21400S2e700S20500M527x520S2031a473x505S14051478x480S2e700512x480"", ""source"": ""Adam Frost"", ""fps"": 29.97, ""duration"": 2.202, ""width"": 1280, ""height"": 720, ""codec"": ""h264""}"
videos/plant.mp4,8d192872a2b3bd02ddb6da4c5c97fa3e,0,0,en,ase,whatsthatsign,plant,"{""signpuddle_id"": ""1532"", ""sign_fsw"": ""AS14020S2fe00S16d48S2fe00S21406S21300S2b700M527x522S16d48473x502S14020474x478S21300506x506S2b700502x481"", ""source"": ""Adam Frost"", ""fps"": 29.97, ""duration"": 1.869, ""width"": 1280, ""height"": 720, ""codec"": ""h264""}"
videos/plant_spring_growing.mp4,251b1d16e13ab7ab472fbe007f471e84,0,0,en,ase,whatsthatsign,"plant, spring, growing","{""signpuddle_id"": ""678"", ""sign_fsw"": ""AS1853eS2fe00S16d48S2fe00S21406S21000S22f00S14c30M527x536S16d48474x496S1853e489x511S21000504x509S22f00502x492S14c30481x465"", ""source"": ""Adam Frost"", ""fps"": 30.0, ""duration"": 2.467, ""width"": 1280, ""height"": 720, ""codec"": ""h264""}"
videos/plaster_plasters_plastering.mp4,8fdfad127dd56b1eb17ffc62fd49c7ab,0,0,en,ase,whatsthatsign,"plaster, plasters, plastering, plastered","{""signpuddle_id"": ""879"", ""sign_fsw"": ""AS20350S2fe00S15a08S2fe00S21414S20e00S2a30cM525x532S15a08503x469S20350510x484S20e00499x501S2a30c475x492"", ""source"": ""Adam Frost"", ""fps"": 29.97, ""duration"": 2.669, ""width"": 1280, ""height"": 720, ""codec"": ""h264""}"
videos/plastic.mp4,1da4710bea6b12b2bd811ca08bb8ac1e,0,0,en,ase,whatsthatsign,plastic,"{""signpuddle_id"": ""1911"", ""sign_fsw"": ""AS14051S2fe00S10006S1dc20S1f720S20320S1fb20S19220S16d20M517x583S14051483x417S1dc20487x445S1f720491x479S20320496x498S1fb20496x517S19220496x540S16d20495x563"", ""source"": ""Adam Frost"", ""fps"": 30.0, ""duration"": 2.2, ""width"": 1280, ""height"": 720, ""codec"": ""h264""}"
videos/play.mp4,c6d8771e61ea2dbd1db8965b593caf56,0,0,en,ase,whatsthatsign,play,"{""signpuddle_id"": ""182"", ""sign_fsw"": ""AS19a40S2fe00S19a48S2fe00S38006S2a40cS2a414M532x532S19a48469x468S19a40504x468S2a40c505x496S2a414470x495"", ""source"": ""Adam Frost"", ""fps"": 30.0, ""duration"": 2.667, ""width"": 1280, ""height"": 720, ""codec"": ""h264""}"
videos/player.mp4,c8c9113d49fa67a7a4af56850af2e50f,0,0,en,ase,whatsthatsign,player,"{""signpuddle_id"": ""1837"", ""sign_fsw"": ""AS19a40S2fe00S19a48S2fe00S38006S15a40S2fe00S15a48S2fe00S38006S22a04S22a14M532x536S19a40504x464S19a48469x464S15a40512x490S15a48477x490S22a04511x521S22a14476x521"", ""source"": ""Adam Frost"", ""fps"": 29.97, ""duration"": 1.635, ""width"": 1280, ""height"": 720, ""codec"": ""h264""}"
videos/playing_playing_continuously.mp4,ebe13bb7086f6787f095f1aeefda0428,0,0,en,ase,whatsthatsign,"playing, playing continuously","{""signpuddle_id"": ""2244"", ""sign_fsw"": ""AS19a40S2fe00S19a48S2fe00S38006S2ea00S2ea18M532x526S19a48469x475S19a40504x475S2ea00512x501S2ea18474x500"", ""source"": ""Adam Frost"", ""fps"": 30.0, ""duration"": 2.0, ""width"": 1280, ""height"": 720, ""codec"": ""h264""}"
videos/playing_playing_repetitively.mp4,c68d79c4bfbe88503d4ad94692431519,0,0,en,ase,whatsthatsign,"playing, playing repetitively","{""signpuddle_id"": ""2238"", ""sign_fsw"": ""AS19a40S2fe00S19a48S2fe00S38006S2a304S2a31cM532x533S19a48469x467S19a40504x467S2a304507x493S2a31c470x492"", ""source"": ""Adam Frost"", ""fps"": 30.0, ""duration"": 2.1, ""width"": 1280, ""height"": 720, ""codec"": ""h264""}"
videos/please.mp4,8855bd4c355f44b56e7ac460b7da1916,0,0,en,ase,whatsthatsign,please,"{""signpuddle_id"": ""442"", ""sign_fsw"": ""AS15a02S38510S10006S21100S2e500M514x514S15a02487x486S21100496x500"", ""source"": ""Adam Frost"", ""fps"": 29.97, ""duration"": 2.269, ""width"": 1280, ""height"": 720, ""codec"": ""h264""}"
videos/please_don_t_nah_no.mp4,6916764f5c70f39bdc9a0c51ad1debd9,0,0,en,ase,whatsthatsign,"please don't, nah, no, don't do it, not a good idea","{""signpuddle_id"": ""764"", ""sign_fsw"": ""AS14c20S2fe00S10006S27206M522x520S14c20478x483S27206503x480"", ""source"": ""Adam Frost"", ""fps"": 30.0, ""duration"": 2.9, ""width"": 1280, ""height"": 720, ""codec"": ""h264""}"
videos/plus_add_addition.mp4,7d92a19d4e3cd8ac0f7f9f90ef3da72a,0,0,en,ase,whatsthatsign,"plus, add, addition, and","{""signpuddle_id"": ""11"", ""sign_fsw"": ""AS10012S2fe00S10018S2fe00S21414S20500M515x515S10018489x485S10012485x491"", ""source"": ""Adam Frost"", ""fps"": 29.97, ""duration"": 2.102, ""width"": 1280, ""height"": 720, ""codec"": ""h264""}"
videos/point_points.mp4,64cb8ab209351d70e430d5d485c3be30,0,0,en,ase,whatsthatsign,"point, points","{""signpuddle_id"": ""1838"", ""sign_fsw"": ""AS10012S2fe00S10018S2fe00S21407S20500M517x517S10012487x484S10018484x487"", ""source"": ""Adam Frost"", ""fps"": 29.97, ""duration"": 1.735, ""width"": 1280, ""height"": 720, ""codec"": ""h264""}"
videos/politics_political.mp4,7ec8a0bb60d21ce8d5f536a2c4756878,0,0,en,ase,whatsthatsign,"politics, political","{""signpuddle_id"": ""2026"", ""sign_fsw"": ""AS14010S30007S10006S2ef00S20500M555x518S2ff00482x483S14010511x479S2ef00537x476"", ""source"": ""Adam Frost"", ""fps"": 29.97, ""duration"": 2.035, ""width"": 1280, ""height"": 720, ""codec"": ""h264""}"
videos/polka_dotted_design_on_shirt.mp4,90b96d2f6c6bb3075cde1d2fcd182e99,0,0,en,ase,whatsthatsign,polka dotted design on shirt,"{""signpuddle_id"": ""1079"", ""sign_fsw"": ""AS1ce11S38517S1ce19S38521S20500S20500S22a04S22a14S20500S20500S2fd04M521x543S2fd04495x535S1ce11498x457S1ce19480x472S20500509x487S20500483x502S22a04507x501S22a14482x515S20500509x518S20500483x532"", ""source"": ""Adam Frost"", ""fps"": 29.97, ""duration"": 2.202, ""width"": 1280, ""height"": 720, ""codec"": ""h264""}"
videos/pool.mp4,729679f7ee5cef6d90ddec090a308942,0,0,en,ase,whatsthatsign,pool,"{""signpuddle_id"": ""627"", ""sign_fsw"": ""AS14051S2fe00S10006S17620S17620S1dc20M516x549S14051485x451S17620498x479S17620498x499S1dc20490x519"", ""source"": ""Adam Frost"", ""fps"": 29.97, ""duration"": 2.135, ""width"": 1280, ""height"": 720, ""codec"": ""h264""}"
videos/pool_cue.mp4,157bd0fa6c0e2fcb1fe25eb25d483c16,0,0,en,ase,whatsthatsign,"pool, cue","{""signpuddle_id"": ""1584"", ""sign_fsw"": ""AS20357S2fe00S15a58S2fe00S38006S26a01M530x517S15a58470x487S20357509x496S26a01495x483"", ""source"": ""Adam Frost"", ""fps"": 29.97, ""duration"": 2.469, ""width"": 1280, ""height"": 720, ""codec"": ""h264""}"
videos/poor.mp4,b3fa4fc68c68ee9657b747e734b00a47,0,0,en,ase,whatsthatsign,poor,"{""signpuddle_id"": ""1978"", ""sign_fsw"": ""AS14c32S38611S10006S20e00S22a04S1853dM517x547S37602493x454S14c32483x489S22a04498x513S1853d490x528"", ""source"": ""Adam Frost"", ""fps"": 29.97, ""duration"": 2.202, ""width"": 1280, ""height"": 720, ""codec"": ""h264""}"
videos/popular.mp4,e3de1e958702b16bb9afc2984be7cda7,0,0,en,ase,whatsthatsign,popular,"{""signpuddle_id"": ""1875"", ""sign_fsw"": ""AS14c20S2fe00S10018S2fe00S21414S20600M520x529S10018490x499S14c20480x471S20600498x496"", ""source"": ""Adam Frost"", ""fps"": 29.97, ""duration"": 2.035, ""width"": 1280, ""height"": 720, ""codec"": ""h264""}"
videos/porch.mp4,42954c4e7b5409d4167373828eff429a,0,0,en,ase,whatsthatsign,porch,"{""signpuddle_id"": ""623"", ""sign_fsw"": ""AS14051S2fe00S10006S17620S11a20S16d20S11502M517x561S14051486x440S17620499x468S11a20499x488S16d20498x522S11502484x546"", ""source"": ""Adam Frost"", ""fps"": 30.0, ""duration"": 2.5, ""width"": 1280, ""height"": 720, ""codec"": ""h264""}"
videos/pork.mp4,e1f7fb138f5922b9da1a0a0aae2aafa7,0,0,en,ase,whatsthatsign,pork,"{""signpuddle_id"": ""990"", ""sign_fsw"": ""AS14051S2fe00S10006S17620S11a20S14020M516x556S14051485x444S17620498x472S11a20498x492S14020484x526"", ""source"": ""Adam Frost"", ""fps"": 29.97, ""duration"": 2.536, ""width"": 1280, ""height"": 720, ""codec"": ""h264""}"
videos/positive.mp4,8785503f3b50283d797f09edefe50fbc,0,0,en,ase,whatsthatsign,positive,"{""signpuddle_id"": ""2321"", ""sign_fsw"": ""AS10012S2fe00S10018S2fe00S21414S20600M518x522S10018492x492S10012488x498S20600482x479"", ""source"": ""Adam Frost"", ""fps"": 30.0, ""duration"": 1.933, ""width"": 1280, ""height"": 720, ""codec"": ""h264""}"
videos/possible_possibility_able.mp4,e841a69434cdd02f980df6aab3902969,0,0,en,ase,whatsthatsign,"possible, possibility, able, ability","{""signpuddle_id"": ""1706"", ""sign_fsw"": ""AS20350S2fe00S20358S2fe00S38006S22f04S22f14M529x516S20350509x484S20358476x484S22f04504x502S22f14471x502"", ""source"": ""Adam Frost"", ""fps"": 29.97, ""duration"": 2.102, ""width"": 1280, ""height"": 720, ""codec"": ""h264""}"
videos/post.mp4,492a1ada04433fbfa5f3ecd2acdbca47,0,0,en,ase,whatsthatsign,post,"{""signpuddle_id"": ""1749"", ""sign_fsw"": ""AS1f550S2fe00S1f558S2fe00S38006S2a200S2a218M557x519S1f550506x504S1f558470x504S2a200534x482S2a218444x482"", ""source"": ""Adam Frost"", ""fps"": 29.97, ""duration"": 1.869, ""width"": 1280, ""height"": 720, ""codec"": ""h264""}"
videos/postpone_delay_put_off.mp4,daca15790e7895e333548c498ac5af84,0,0,en,ase,whatsthatsign,"postpone, delay, put off, procrastinate, defer","{""signpuddle_id"": ""795"", ""sign_fsw"": ""AS1ce40S2fe00S1ce48S2fe00S21406S20500S2b700M522x529S1ce40500x499S1ce48478x499S2b700496x472"", ""source"": ""Adam Frost"", ""fps"": 30.0, ""duration"": 2.567, ""width"": 1280, ""height"": 720, ""codec"": ""h264""}"
videos/potato_Idaho_Idahoan.mp4,2d4232411f14352ec74dcee984d2a011,0,0,en,ase,whatsthatsign,"potato, Idaho, Idahoan, Ireland, The Republic of Ireland, Northern Ireland, Irish","{""signpuddle_id"": ""1040"", ""sign_fsw"": ""AS11051S2fe00S2035aS2fe00S21400S20600M526x516S2035a492x501S11051497x485S20600474x487"", ""source"": ""Adam Frost"", ""fps"": 29.97, ""duration"": 2.269, ""width"": 1280, ""height"": 720, ""codec"": ""h264""}"
videos/pour.mp4,791d1e4f82dfb44bb0e5f53b35609b8e,0,0,en,ase,whatsthatsign,pour,"{""signpuddle_id"": ""1533"", ""sign_fsw"": ""AS16d27S2fe00S10006S28802M520x514S16d27500x494S28802481x487"", ""source"": ""Adam Frost"", ""fps"": 29.97, ""duration"": 1.935, ""width"": 1280, ""height"": 720, ""codec"": ""h264""}"
videos/pour_pour_into_water.mp4,4d38f45ef2cab7b0fc1dee395c66f8be,0,0,en,ase,whatsthatsign,"pour, pour into, water","{""signpuddle_id"": ""2273"", ""sign_fsw"": ""AS19a21S2fe00S16d48S2fe00S37f00S28802M528x527S16d48473x507S19a21485x477S28802506x474"", ""source"": ""Adam Frost"", ""fps"": 30.0, ""duration"": 1.966, ""width"": 1280, ""height"": 720, ""codec"": ""h264""}"
videos/pour_pouring.mp4,9099de2dd3741e17995a15273aae0565,0,0,en,ase,whatsthatsign,"pour, pouring","{""signpuddle_id"": ""2211"", ""sign_fsw"": ""AS19a21S2fe00S10006S28802M521x516S19a21479x488S28802499x485"", ""source"": ""Adam Frost"", ""fps"": 30.0, ""duration"": 2.0, ""width"": 1280, ""height"": 720, ""codec"": ""h264""}"
videos/practice.mp4,026e033bd90c74315d41523b68f6a66f,0,0,en,ase,whatsthatsign,practice,"{""signpuddle_id"": ""436"", ""sign_fsw"": ""AS1f720S2fe00S1001aS2fe00S21414S21100S27102M522x529S1001a479x514S1f720502x504S21100508x485S27102489x471"", ""source"": ""Adam Frost"", ""fps"": 29.97, ""duration"": 2.202, ""width"": 1280, ""height"": 720, ""codec"": ""h264""}"
videos/prefer_preferred_favorite.mp4,bcaba175f0b4c53c2680ff477f779f40,0,0,en,ase,whatsthatsign,"prefer, preferred, favorite","{""signpuddle_id"": ""196"", ""sign_fsw"": ""AS1c507S30004S10006S20600M540x543S2ff00482x483S1c507499x518S20600518x508"", ""source"": ""Adam Frost"", ""fps"": 29.97, ""duration"": 2.336, ""width"": 1280, ""height"": 720, ""codec"": ""h264""}"
videos/pregnant_big_stomach.mp4,b4f487694c4453188be1316f8d470955,0,0,en,ase,whatsthatsign,"pregnant, big stomach","{""signpuddle_id"": ""1331"", ""sign_fsw"": ""AS14c03S38530S10006S26500M521x526S36d00479x475S14c03485x500S26500494x483"", ""source"": ""Adam Frost"", ""fps"": 29.97, ""duration"": 2.169, ""width"": 1280, ""height"": 720, ""codec"": ""h264""}"
videos/pregnant_conceived.mp4,2e409d8ab320450396ca4bd990394ed5,0,0,en,ase,whatsthatsign,"pregnant, conceived","{""signpuddle_id"": ""1330"", ""sign_fsw"": ""AS14c02S38536S14c0aS38532S2d507S2d51fS20700M551x531S36d00479x469S14c02497x488S14c0a472x491S2d507531x493S2d51f450x496S20700493x516"", ""source"": ""Adam Frost"", ""fps"": 30.0, ""duration"": 2.3, ""width"": 1280, ""height"": 720, ""codec"": ""h264""}"
videos/preparation_arrangement_planning.mp4,9e1d6f4bcb6bbb5a4d853e2ae788fba0,0,0,en,ase,whatsthatsign,"preparation, arrangement, planning","{""signpuddle_id"": ""2173"", ""sign_fsw"": ""AS15a40S2fe00S15a48S2fe00S38006S29226M535x520S15a40489x480S15a48466x480S29226504x506"", ""source"": ""Adam Frost"", ""fps"": 29.97, ""duration"": 2.269, ""width"": 1280, ""height"": 720, ""codec"": ""h264""}"
videos/president_superintendent.mp4,3770ca4e469e089187d8fc760dd5420c,0,0,en,ase,whatsthatsign,"president, superintendent","{""signpuddle_id"": ""1648"", ""sign_fsw"": ""AS15420S30007S15428S30001S26506S26512S20320S20328M570x518S2ff00482x483S15420519x472S15428466x472S26506537x478S26512448x478S20320555x478S20328430x478"", ""source"": ""Adam Frost"", ""fps"": 29.97, ""duration"": 2.135, ""width"": 1280, ""height"": 720, ""codec"": ""h264""}"
videos/previous_before.mp4,79da57990059b8b112cad4fb7fab05f1,0,0,en,ase,whatsthatsign,"previous, before","{""signpuddle_id"": ""929"", ""sign_fsw"": ""AS15a02S2fe00S15a0aS2fe00S21414S20500S26504M521x517S15a0a480x483S15a02494x487S26504502x502"", ""source"": ""Adam Frost"", ""fps"": 29.97, ""duration"": 2.703, ""width"": 1280, ""height"": 720, ""codec"": ""h264""}"
videos/principal_Philippines_Philippine.mp4,27d7071ac3437fdcd042f301e7434a56,0,0,en,ase,whatsthatsign,"principal, Philippines, Philippine, Filipino","{""signpuddle_id"": ""1261"", ""sign_fsw"": ""AS14051S2fe00S2035aS2fe00S21400S2e736S20500M518x527S2035a483x512S14051487x490S2e736489x473"", ""source"": ""Adam Frost"", ""fps"": 29.97, ""duration"": 2.202, ""width"": 1280, ""height"": 720, ""codec"": ""h264""}"
videos/print_publish.mp4,b9b645e3a418c320afb8c8a12294a481,0,0,en,ase,whatsthatsign,"print, publish","{""signpuddle_id"": ""1495"", ""sign_fsw"": ""AS1f420S2fe00S15a39S2fe00S21400S20500S22104M519x516S15a39481x485S1f420490x501S22104506x492"", ""source"": ""Adam Frost"", ""fps"": 30.0, ""duration"": 2.0, ""width"": 1280, ""height"": 720, ""codec"": ""h264""}"
videos/printer_newspaper.mp4,e9679f7359eb81c1d3b1d5bd5e8fe8c1,0,0,en,ase,whatsthatsign,"printer, newspaper","{""signpuddle_id"": ""1496"", ""sign_fsw"": ""AS1f420S2fe00S15a39S2fe00S21400S20500S22114M526x516S15a39475x485S1f420484x501S22114500x492"", ""source"": ""Adam Frost"", ""fps"": 29.97, ""duration"": 1.802, ""width"": 1280, ""height"": 720, ""codec"": ""h264""}"
videos/problem_puzzle_enigma.mp4,955dec3e7d1d48a8eb766d764503f1a6,0,0,en,ase,whatsthatsign,"problem, puzzle, enigma, difficult","{""signpuddle_id"": ""2175"", ""sign_fsw"": ""AS11002S2fe00S1100aS2fe00S21400S20e00S23604S23610M547x525S11002495x476S1100a477x492S20e00494x511S23604508x508S23610453x508"", ""source"": ""Adam Frost"", ""fps"": 29.97, ""duration"": 1.735, ""width"": 1280, ""height"": 720, ""codec"": ""h264""}"
videos/professional_professionals_profession.mp4,e074680a64966b7c07e21c27d3ae7a03,0,0,en,ase,whatsthatsign,"professional, professionals, profession","{""signpuddle_id"": ""1874"", ""sign_fsw"": ""AS14051S2fe00S15a48S2fe00S21400S21100S26500M519x531S15a48482x504S14051488x499S21100495x487S26500495x469"", ""source"": ""Adam Frost"", ""fps"": 29.97, ""duration"": 2.002, ""width"": 1280, ""height"": 720, ""codec"": ""h264""}"
videos/promise_vow_pledge.mp4,9d09f55bed92049f7ad97b1c33a0f7fe,0,0,en,ase,whatsthatsign,"promise, vow, pledge, guarantee, oath, covenant","{""signpuddle_id"": ""1996"", ""sign_fsw"": ""AS10020S30004S20348S2fe00S20500S22a04S15a50S21400S20500M518x598S2ff00482x483S10020499x511S22a04500x545S20348493x583S15a50501x564"", ""source"": ""Adam Frost"", ""fps"": 30.0, ""duration"": 1.733, ""width"": 1280, ""height"": 720, ""codec"": ""h264""}"
videos/pronoun.mp4,c6ea276565f9383ed2dfff0f9602ca8c,0,0,en,ase,whatsthatsign,pronoun,"{""signpuddle_id"": ""223"", ""sign_fsw"": ""AS14051S2fe00S10006S11a20S17620S11920S17620S11520S11920M516x596S14051485x404S11a20498x432S17620498x466S11920492x486S17620498x516S11520498x536S11920492x570"", ""source"": ""Adam Frost"", ""fps"": 29.97, ""duration"": 3.37, ""width"": 1280, ""height"": 720, ""codec"": ""h264""}"
videos/propose_propose_marriage.mp4,c9a8c6b9f4bdc485355935f079682cab,0,0,en,ase,whatsthatsign,"propose, propose marriage","{""signpuddle_id"": ""1329"", ""sign_fsw"": ""AS17150S2fe00S1713fS2fe00S21400S20500S22e00M517x522S1713f483x502S17150497x499S22e00500x478"", ""source"": ""Adam Frost"", ""fps"": 29.97, ""duration"": 2.169, ""width"": 1280, ""height"": 720, ""codec"": ""h264""}"
videos/protection.mp4,14f5a4c5970906c8441b3c92b098e893,0,0,en,ase,whatsthatsign,protection,"{""signpuddle_id"": ""1888"", ""sign_fsw"": ""AS15a11S2fe00S15a19S2fe00S21414S20600M512x518S15a19488x482S15a11489x482S20600489x507"", ""source"": ""Adam Frost"", ""fps"": 29.97, ""duration"": 1.869, ""width"": 1280, ""height"": 720, ""codec"": ""h264""}"
videos/psychologist.mp4,fcf65e9249cfa4e01eb0c25790b4219a,0,0,en,ase,whatsthatsign,psychologist,"{""signpuddle_id"": ""1647"", ""sign_fsw"": ""AS15a40S2fe00S15a4fS2fe00S21400S20700S15a40S2fe00S15a48S2fe00S38006S22a04S22a14M523x551S15a4f480x467S15a40499x468S20700488x449S15a40510x503S15a48478x503S22a04510x536S22a14478x536"", ""source"": ""Adam Frost"", ""fps"": 29.97, ""duration"": 2.236, ""width"": 1280, ""height"": 720, ""codec"": ""h264""}"
videos/psychology_psychological_psychologically.mp4,787117c72957a9e3026440b75c959305,0,0,en,ase,whatsthatsign,"psychology, psychological, psychologically","{""signpuddle_id"": ""1646"", ""sign_fsw"": ""AS15a40S2fe00S15a4fS2fe00S21400S20710M521x523S15a4f480x495S15a40499x496S20710487x477"", ""source"": ""Adam Frost"", ""fps"": 29.97, ""duration"": 2.035, ""width"": 1280, ""height"": 720, ""codec"": ""h264""}"
videos/puffed_cheeks.mp4,81cf2c6934df0081595744ffcef0f7ef,0,0,en,ase,whatsthatsign,puffed cheeks,"{""signpuddle_id"": ""425"", ""sign_fsw"": ""AS32a00M518x518S32a00482x483"", ""source"": ""Adam Frost"", ""fps"": 29.97, ""duration"": 1.168, ""width"": 1280, ""height"": 720, ""codec"": ""h264""}"
videos/pumpkin_melon_cantaloupe.mp4,b3e1ce7eaaa18baf9e2eaaa353cd1873,0,0,en,ase,whatsthatsign,"pumpkin, melon, cantaloupe","{""signpuddle_id"": ""1038"", ""sign_fsw"": ""AS1bb51S2fe00S2035aS2fe00S21400S20b00S21d00M520x520S2035a504x505S1bb51493x481S20b00484x506S21d00481x497"", ""source"": ""Adam Frost"", ""fps"": 29.97, ""duration"": 2.302, ""width"": 1280, ""height"": 720, ""codec"": ""h264""}"
videos/punish_penalty_punishment.mp4,cac6f31842eeaf3f618c5e3cf91d30c1,0,0,en,ase,whatsthatsign,"punish, penalty, punishment","{""signpuddle_id"": ""1857"", ""sign_fsw"": ""AS10011S38611S10006S20e00S22a03M524x534S37602495x467S10011503x501S20e00488x510S22a03476x520"", ""source"": ""Adam Frost"", ""fps"": 29.97, ""duration"": 1.802, ""width"": 1280, ""height"": 720, ""codec"": ""h264""}"
videos/puppy.mp4,59e3453a345f6a33b2d9b5e646a2086a,0,0,en,ase,whatsthatsign,puppy,"{""signpuddle_id"": ""2348"", ""sign_fsw"": ""AS14051S2fe00S10006S11520S14051S14051S19a20M518x569S14051483x431S11520496x459S14051483x493S14051483x521S19a20490x549"", ""source"": ""Adam Frost"", ""fps"": 30.0, ""duration"": 2.066, ""width"": 1280, ""height"": 720, ""codec"": ""h264""}"
videos/purple.mp4,d66b84b62af416e985fa484fbc608450,0,0,en,ase,whatsthatsign,purple,"{""signpuddle_id"": ""702"", ""sign_fsw"": ""AS14051S2fe00S10006S2a204M517x528S14051484x473S2a204494x500"", ""source"": ""Adam Frost"", ""fps"": 29.97, ""duration"": 2.336, ""width"": 1280, ""height"": 720, ""codec"": ""h264""}"
videos/purse_suitcase_luggage.mp4,d1d8d68574b4419b01f4e42de1c1c9bc,0,0,en,ase,whatsthatsign,"purse, suitcase, luggage, bag","{""signpuddle_id"": ""1265"", ""sign_fsw"": ""AS2031cS2fe00S10006S23604M520x533S2031c493x498S37801499x467S23604481x516"", ""source"": ""Adam Frost"", ""fps"": 29.97, ""duration"": 1.935, ""width"": 1280, ""height"": 720, ""codec"": ""h264""}"
videos/pursed_lips_duck_lips_closed_mouth_pushed_forward.mp4,45ba43589f6c624a081f8a2559f52d8f,0,0,en,ase,whatsthatsign,"pursed lips, duck lips, closed mouth pushed forward","{""signpuddle_id"": ""2362"", ""sign_fsw"": ""AS33c00M518x518S33c00482x483"", ""source"": ""Adam Frost"", ""fps"": 30.0, ""duration"": 1.366, ""width"": 1280, ""height"": 720, ""codec"": ""h264""}"
videos/put_away_send_throw.mp4,1f7b6222f3dc3b88f10068f1bef380b9,0,0,en,ase,whatsthatsign,"put away, send, throw, putting away, sending, throwing","{""signpuddle_id"": ""1536"", ""sign_fsw"": ""AS20320S2fe00S20328S2fe00S38006S26500S26510S14c20S14c28S2fd04M533x540S20320514x514S20328472x525S26500514x495S26510473x507S14c20510x460S14c28468x473S2fd04491x533"", ""source"": ""Adam Frost"", ""fps"": 29.97, ""duration"": 2.703, ""width"": 1280, ""height"": 720, ""codec"": ""h264""}"
videos/put_put_there.mp4,db1c7d1d8ceb24e46989582e855b88fd,0,0,en,ase,whatsthatsign,"put, put there","{""signpuddle_id"": ""304"", ""sign_fsw"": ""AS18527S2fe00S10006S2b700M511x526S18527492x499S2b700490x475"", ""source"": ""Adam Frost"", ""fps"": 30.0, ""duration"": 2.0, ""width"": 1280, ""height"": 720, ""codec"": ""h264""}"
videos/quarter.mp4,0bc919eb1ec331719b00cf7fc3ec41d0,0,0,en,ase,whatsthatsign,quarter,"{""signpuddle_id"": ""1063"", ""sign_fsw"": ""AS1f051S2fe00S10006S2ea36M515x520S1f051485x481S2ea36490x505"", ""source"": ""Adam Frost"", ""fps"": 29.97, ""duration"": 2.202, ""width"": 1280, ""height"": 720, ""codec"": ""h264""}"
videos/queen.mp4,62ba047a5cd1db9038d2bd83ba42af93,0,0,en,ase,whatsthatsign,queen,"{""signpuddle_id"": ""2048"", ""sign_fsw"": ""AS1f011S38511S10006S20500S22a05S38537S20500M521x524S36d00479x477S1f011466x484S22a05493x499S20500508x513"", ""source"": ""Adam Frost"", ""fps"": 29.97, ""duration"": 2.202, ""width"": 1280, ""height"": 720, ""codec"": ""h264""}"
videos/question_question_mark_question_mark_symbol.mp4,666458b4731469fe90608f28571f4c95,0,0,en,ase,whatsthatsign,"question, question mark, question mark symbol","{""signpuddle_id"": ""1704"", ""sign_fsw"": ""AS10020S2fe00S10006S29f0cM519x524S10020482x476S29f0c500x491"", ""source"": ""Adam Frost"", ""fps"": 29.97, ""duration"": 1.868, ""width"": 1280, ""height"": 720, ""codec"": ""h264""}"
videos/quiet_silent_silence.mp4,e74536ebf354bd4f3fea1b3b54671703,0,0,en,ase,whatsthatsign,"quiet, silent, silence","{""signpuddle_id"": ""1967"", ""sign_fsw"": ""AS14711S33d00S14719S2fe00S20500S28805S2881dM521x560S33b00482x483S14711493x512S14719477x518S28805501x534S2881d470x540"", ""source"": ""Adam Frost"", ""fps"": 29.97, ""duration"": 1.502, ""width"": 1280, ""height"": 720, ""codec"": ""h264""}"
videos/quote_theme.mp4,be894b8c7fc7b5fc666568cb61b102f9,0,0,en,ase,whatsthatsign,"quote, theme","{""signpuddle_id"": ""2033"", ""sign_fsw"": ""AS11010S2fe00S11018S2fe00S38006S2df06S2df1eM525x528S11010508x501S11018477x501S2df06505x473S2df1e475x473"", ""source"": ""Adam Frost"", ""fps"": 29.97, ""duration"": 2.236, ""width"": 1280, ""height"": 720, ""codec"": ""h264""}"
videos/rabbit_bunny_hare.mp4,0f47c8d931b3669529e9d2cd21a183c8,0,0,en,ase,whatsthatsign,"rabbit, bunny, hare","{""signpuddle_id"": ""559"", ""sign_fsw"": ""AS11500S30007S10006S20500S22114M532x518S2ff00482x483S11500510x461S22114506x454"", ""source"": ""Adam Frost"", ""fps"": 30.0, ""duration"": 2.033, ""width"": 1280, ""height"": 720, ""codec"": ""h264""}"
videos/race_compete_competition.mp4,102a1766ee7a633bde067a8a2fc5756c,0,0,en,ase,whatsthatsign,"race, compete, competition, contest, run, sports, track","{""signpuddle_id"": ""1774"", ""sign_fsw"": ""AS1f540S2fe00S1f548S2fe00S21406S20e00S27200S27214M529x535S1f540501x488S1f548484x488S27200489x465S27214471x516"", ""source"": ""Adam Frost"", ""fps"": 29.97, ""duration"": 1.902, ""width"": 1280, ""height"": 720, ""codec"": ""h264""}"
videos/radiator.mp4,c2d7f95767eefb62dc4ab90a3260398e,0,0,en,ase,whatsthatsign,radiator,"{""signpuddle_id"": ""2296"", ""sign_fsw"": ""AS11a20S2fe00S10006S1f720S10120S19220S1f720S1fb20S17620S11a20M513x601S11a20492x399S1f720487x433S10120492x452S19220492x486S1f720487x509S1fb20492x528S17620492x551S11a20492x571"", ""source"": ""Adam Frost"", ""fps"": 30.0, ""duration"": 2.666, ""width"": 1280, ""height"": 720, ""codec"": ""h264""}"
videos/rain.mp4,7df44505d97bcf52620a260c09367bc7,0,0,en,ase,whatsthatsign,rain,"{""signpuddle_id"": ""2055"", ""sign_fsw"": ""AS14e50S2fe00S14e58S2fe00S38006S22f04S22f14M534x525S14e50507x476S14e58467x476S22f04509x511S22f14466x511"", ""source"": ""Adam Frost"", ""fps"": 29.97, ""duration"": 2.269, ""width"": 1280, ""height"": 720, ""codec"": ""h264""}"
videos/rainbow.mp4,a8cd9fb2139d378c071a53f5c5be9b37,0,0,en,ase,whatsthatsign,rainbow,"{""signpuddle_id"": ""403"", ""sign_fsw"": ""AS14402S2fe00S14409S2fe00S21407S20500S2880bM543x519S14402488x481S14409458x490S2880b523x486"", ""source"": ""Adam Frost"", ""fps"": 29.97, ""duration"": 2.87, ""width"": 1280, ""height"": 720, ""codec"": ""h264""}"
videos/rake_raking.mp4,68ddea8ffb6d3a4633bcf7ee941df252,0,0,en,ase,whatsthatsign,"rake, raking","{""signpuddle_id"": ""847"", ""sign_fsw"": ""AS14e50S2fe00S15a39S2fe00S37f00S26b04M521x531S15a39479x469S14e50494x479S26b04494x513"", ""source"": ""Adam Frost"", ""fps"": 30.0, ""duration"": 2.6, ""width"": 1280, ""height"": 720, ""codec"": ""h264""}"
videos/range_spectrum.mp4,d1790d6de60fbd11fc54697ae45a6beb,0,0,en,ase,whatsthatsign,"range, spectrum","{""signpuddle_id"": ""404"", ""sign_fsw"": ""AS15a10S2fe00S15a1aS2fe00S21414S20e00S27102M524x520S15a1a497x508S15a10509x486S20e00495x494S27102477x480"", ""source"": ""Adam Frost"", ""fps"": 30.0, ""duration"": 2.3, ""width"": 1280, ""height"": 720, ""codec"": ""h264""}"
videos/rap_rap_music.mp4,8b6d45f17f4c2520b011ded73fd71ab2,0,0,en,ase,whatsthatsign,"rap, rap music","{""signpuddle_id"": ""1848"", ""sign_fsw"": ""AS11a20S2fe00S10006S1f720S14051M516x539S11a20498x462S1f720493x496S14051485x515"", ""source"": ""Adam Frost"", ""fps"": 29.97, ""duration"": 1.768, ""width"": 1280, ""height"": 720, ""codec"": ""h264""}"
videos/rash.mp4,106765754d44b06a57fb39c59d2ac551,0,0,en,ase,whatsthatsign,rash,"{""signpuddle_id"": ""739"", ""sign_fsw"": ""AS11a20S2fe00S10006S1f720S20320S11502M515x544S11a20500x457S1f720495x491S20320500x510S11502485x529"", ""source"": ""Adam Frost"", ""fps"": 30.0, ""duration"": 2.533, ""width"": 1280, ""height"": 720, ""codec"": ""h264""}"
videos/read.mp4,ae67bc78325fef8ab53a6ff82e67b527,0,0,en,ase,whatsthatsign,read,"{""signpuddle_id"": ""554"", ""sign_fsw"": ""AS10e50S2fe00S15a0aS2fe00S38004S22a04M514x533S15a0a487x468S10e50495x483S22a04495x518"", ""source"": ""Adam Frost"", ""fps"": 29.97, ""duration"": 2.502, ""width"": 1280, ""height"": 720, ""codec"": ""h264""}"
videos/ready_primed_all_set.mp4,89decb7c3e2b6e7f4aab8b4bf13f7af8,0,0,en,ase,whatsthatsign,"ready, primed, all set, set","{""signpuddle_id"": ""1569"", ""sign_fsw"": ""AS11a20S2fe00S11a28S2fe00S38006S2880aS28812M538x520S11a20502x490S11a28482x490S2880a516x480S28812462x480"", ""source"": ""Adam Frost"", ""fps"": 30.0, ""duration"": 1.8, ""width"": 1280, ""height"": 720, ""codec"": ""h264""}"
videos/rebel_revolt_rebellion.mp4,46db49209a9d337e88081e89bdd8a339,0,0,en,ase,whatsthatsign,"rebel, revolt, rebellion, strike","{""signpuddle_id"": ""2032"", ""sign_fsw"": ""AS20310S2fe00S10006S2df08M520x516S20310481x501S2df08499x485"", ""source"": ""Adam Frost"", ""fps"": 29.97, ""duration"": 1.935, ""width"": 1280, ""height"": 720, ""codec"": ""h264""}"
videos/recent_recently_just.mp4,9a1120c42a2b83ad0d0031c3a8c487ec,0,0,en,ase,whatsthatsign,"recent, recently, just","{""signpuddle_id"": ""2086"", ""sign_fsw"": ""AS10601S30005S10006S20500M536x534S2ff00482x483S10601513x506"", ""source"": ""Adam Frost"", ""fps"": 30.0, ""duration"": 1.5, ""width"": 1280, ""height"": 720, ""codec"": ""h264""}"
videos/recently_recent_just.mp4,91b7d3ab1f13ea46b36c1c69097aff74,0,0,en,ase,whatsthatsign,"recently, recent, just","{""signpuddle_id"": ""309"", ""sign_fsw"": ""AS10601S30005S10006S20500S21800M541x534S2ff00482x483S10601513x506S21800523x498"", ""source"": ""Adam Frost"", ""fps"": 29.97, ""duration"": 2.903, ""width"": 1280, ""height"": 720, ""codec"": ""h264""}"
videos/recognize_notice.mp4,7bd0b6bbb91082c5a71a72f1839d546b,0,0,en,ase,whatsthatsign,"recognize, notice","{""signpuddle_id"": ""311"", ""sign_fsw"": ""AS10601S31410S15a39S2fe00S20500S22a03S10650S21400S20500M527x561S2ff00482x483S10601504x496S22a03505x525S15a39478x524S10650486x535"", ""source"": ""Adam Frost"", ""fps"": 29.97, ""duration"": 2.502, ""width"": 1280, ""height"": 720, ""codec"": ""h264""}"
videos/record_jot_down_write_down.mp4,95993a3728e57588859af57c20ea1fa4,0,0,en,ase,whatsthatsign,"record, jot down, write down","{""signpuddle_id"": ""163"", ""sign_fsw"": ""AS18550S2fe00S15a39S2fe00S21400S20500S15a51S20500M518x533S15a39483x468S18550493x479S15a39483x497S15a51492x510"", ""source"": ""Adam Frost"", ""fps"": 29.97, ""duration"": 2.035, ""width"": 1280, ""height"": 720, ""codec"": ""h264""}"
videos/red.mp4,7df0b17a3aeb1f408e455a4e0441fcd5,0,0,en,ase,whatsthatsign,red,"{""signpuddle_id"": ""411"", ""sign_fsw"": ""AS10000S30004S10006S20e00S22a04S21600M527x553S2ff00482x483S10000487x511S20e00514x514S22a04514x528S21600516x545"", ""source"": ""Adam Frost"", ""fps"": 30.0, ""duration"": 1.667, ""width"": 1280, ""height"": 720, ""codec"": ""h264""}"
videos/reduce_less_lessen.mp4,224cf5d90ce6d56dc348e4e739b41c87,0,0,en,ase,whatsthatsign,"reduce, less, lessen, discount","{""signpuddle_id"": ""1702"", ""sign_fsw"": ""AS15a51S2fe00S15a39S2fe00S37f00S22a04M518x531S15a39482x508S15a51495x487S22a04496x469"", ""source"": ""Adam Frost"", ""fps"": 29.97, ""duration"": 1.802, ""width"": 1280, ""height"": 720, ""codec"": ""h264""}"
videos/refer_to_refers_to_point_to.mp4,f43ee31ba9357e14b358b639f0757a67,0,0,en,ase,whatsthatsign,"refer to, refers to, point to, points to, point back to, points back to","{""signpuddle_id"": ""2085"", ""sign_fsw"": ""AS10013S2fe00S10018S2fe00S21407S28802S20500M527x532S10013477x478S10018474x502S28802505x469"", ""source"": ""Adam Frost"", ""fps"": 30.0, ""duration"": 1.9, ""width"": 1280, ""height"": 720, ""codec"": ""h264""}"
videos/refrigerator_fridge_referee.mp4,570981313a07b7a50c1a1b5c246ace9e,0,0,en,ase,whatsthatsign,"refrigerator, fridge, referee, reference","{""signpuddle_id"": ""700"", ""sign_fsw"": ""AS11a20S2fe00S10006S14a20S1ce20M511x542S11a20490x459S14a20490x493S1ce20489x512"", ""source"": ""Adam Frost"", ""fps"": 29.97, ""duration"": 1.835, ""width"": 1280, ""height"": 720, ""codec"": ""h264""}"
videos/refuse_won_t.mp4,489b7ee97e385c29067a49d234bfb138,0,0,en,ase,whatsthatsign,"refuse, won't","{""signpuddle_id"": ""1570"", ""sign_fsw"": ""AS1f510S30006S10006S2b704M539x537S2ff00482x483S1f510524x495S2b704522x513"", ""source"": ""Adam Frost"", ""fps"": 29.97, ""duration"": 1.635, ""width"": 1280, ""height"": 720, ""codec"": ""h264""}"
videos/relief_relieved_relax.mp4,9153c8eb2534d1eb3ba2c5a0a5c56330,0,0,en,ase,whatsthatsign,"relief, relieved, relax, relieve","{""signpuddle_id"": ""1694"", ""sign_fsw"": ""AS15a12S38510S15a1aS38530S21100S21100S22a04S22a14M528x528S15a12485x474S15a1a487x497S21100515x473S21100472x496S22a04515x490S22a14472x513"", ""source"": ""Adam Frost"", ""fps"": 30.0, ""duration"": 1.933, ""width"": 1280, ""height"": 720, ""codec"": ""h264""}"
videos/remember.mp4,55650b690488f6ef39960b6dca64857b,0,0,en,ase,whatsthatsign,remember,"{""signpuddle_id"": ""239"", ""sign_fsw"": ""AS1f520S30007S1f50aS2fe00S20500S22a04S1f520S21414S20500M537x554S2ff00482x483S1f520513x481S22a04523x502S1f50a505x530S1f520513x521"", ""source"": ""Adam Frost"", ""fps"": 30.0, ""duration"": 2.733, ""width"": 1280, ""height"": 720, ""codec"": ""h264""}"
videos/remodel_renovate.mp4,22d5b37d7ddccc73f069d417543b5924,0,0,en,ase,whatsthatsign,"remodel, renovate","{""signpuddle_id"": ""2176"", ""sign_fsw"": ""AS14741S38630S20359S2fe00S20e00S2ea00M523x538S3780b478x478S20359502x463S14741495x483S20e00489x499S2ea00489x513"", ""source"": ""Adam Frost"", ""fps"": 30.0, ""duration"": 3.0, ""width"": 1280, ""height"": 720, ""codec"": ""h264""}"
videos/remove_take_down.mp4,eacedf88f8ce0776007e5f672081df8e,0,0,en,ase,whatsthatsign,"remove, take down","{""signpuddle_id"": ""874"", ""sign_fsw"": ""AS14c50S2fe00S14c58S2fe00S38006S26504S26514S20350S20358S22a04S22a14S14c50S14c58M534x560S14c50510x441S14c58466x441S26504515x475S26514471x475S20350515x493S20358471x493S22a04516x511S22a14472x511S14c50510x529S14c58466x529"", ""source"": ""Adam Frost"", ""fps"": 29.97, ""duration"": 3.036, ""width"": 1280, ""height"": 720, ""codec"": ""h264""}"
videos/rent.mp4,b9b8fdac0331283fc2158b48f41a68af,0,0,en,ase,whatsthatsign,rent,"{""signpuddle_id"": ""1545"", ""sign_fsw"": ""AS11a02S2fe00S10028S2fe00S21414S20e00S22f04M521x523S10028479x480S11a02485x478S20e00502x495S22f04496x509"", ""source"": ""Adam Frost"", ""fps"": 29.97, ""duration"": 2.035, ""width"": 1280, ""height"": 720, ""codec"": ""h264""}"
videos/repair_fix_mend.mp4,0842853cbb7e8ddd2a39d84aa165afb9,0,0,en,ase,whatsthatsign,"repair, fix, mend, maintain, maintenance","{""signpuddle_id"": ""846"", ""sign_fsw"": ""AS18510S2fe00S18518S2fe00S20e00S27100S27114M549x517S18510502x502S18518474x502S20e00495x488S27100509x484S27114452x484"", ""source"": ""Adam Frost"", ""fps"": 30.0, ""duration"": 3.2, ""width"": 1280, ""height"": 720, ""codec"": ""h264""}"
videos/replace_substitute_change.mp4,d5445f2472030ee014b272fd7cc2d362,0,0,en,ase,whatsthatsign,"replace, substitute, change, switch, exchange, replacement, foster, instead, instead of","{""signpuddle_id"": ""1557"", ""sign_fsw"": ""AS1ce40S2fe00S1ce48S2fe00S38004S2c600S2b715M522x534S1ce40500x504S1ce48482x466S2c600479x504S2b715505x476"", ""source"": ""Adam Frost"", ""fps"": 30.0, ""duration"": 1.9, ""width"": 1280, ""height"": 720, ""codec"": ""h264""}"
videos/request_ask.mp4,fa50a85f63bbf7d52fef0eb4f918d562,0,0,en,ase,whatsthatsign,"request, ask","{""signpuddle_id"": ""849"", ""sign_fsw"": ""AS15a10S2fe00S15a18S2fe00S21406S2b724S20500M513x525S15a10501x498S15a18487x498S2b724493x476"", ""source"": ""Adam Frost"", ""fps"": 29.97, ""duration"": 2.202, ""width"": 1280, ""height"": 720, ""codec"": ""h264""}"
videos/research.mp4,d59997925c9d29297c5a1a297c2eef1d,0,0,en,ase,whatsthatsign,research,"{""signpuddle_id"": ""1761"", ""sign_fsw"": ""AS11a50S2fe00S15a39S2fe00S21400S20e00S26a07M524x525S15a39476x481S11a50481x495S20e00496x492S26a07503x476"", ""source"": ""Adam Frost"", ""fps"": 29.97, ""duration"": 2.035, ""width"": 1280, ""height"": 720, ""codec"": ""h264""}"
videos/responsibile_responsibility_obligation.mp4,71b7cc4caf2834c2bea58f16d5d5e0fe,0,0,en,ase,whatsthatsign,"responsibile, responsibility, obligation, duty, chore","{""signpuddle_id"": ""1601"", ""sign_fsw"": ""AS18211S38507S18209S38517S20600S20600M543x522S36d00479x499S18211518x479S18209488x505S20600494x486S20600512x507"", ""source"": ""Adam Frost"", ""fps"": 29.97, ""duration"": 2.269, ""width"": 1280, ""height"": 720, ""codec"": ""h264""}"
videos/rest_relax.mp4,47082d828250a81ed78a3ad7f4403913,0,0,en,ase,whatsthatsign,"rest, relax","{""signpuddle_id"": ""1980"", ""sign_fsw"": ""AS15a01S38511S15a07S38517S20500S20500M532x520S37600488x497S15a01471x480S15a07506x480S20500468x495S20500522x495"", ""source"": ""Adam Frost"", ""fps"": 29.97, ""duration"": 1.935, ""width"": 1280, ""height"": 720, ""codec"": ""h264""}"
videos/restaurant.mp4,01a377ae57906c481edf38fccb7d0ca0,0,0,en,ase,whatsthatsign,restaurant,"{""signpuddle_id"": ""1259"", ""sign_fsw"": ""AS10000S30005S10006S20e00S22a04S26502S30003S20e00S22a04M518x574S2ff00482x483S10000496x506S20e00476x540S22a04475x559S26502485x549S20e00498x540S22a04498x559"", ""source"": ""Adam Frost"", ""fps"": 29.97, ""duration"": 2.069, ""width"": 1280, ""height"": 720, ""codec"": ""h264""}"
videos/retire.mp4,7d27c6022d43da5033b91fa5d76f3d14,0,0,en,ase,whatsthatsign,retire,"{""signpuddle_id"": ""1358"", ""sign_fsw"": ""AS13311S38517S13319S38511S20500S20500M532x518S13311504x491S13319471x491S20500522x482S20500469x482"", ""source"": ""Adam Frost"", ""fps"": 30.0, ""duration"": 2.033, ""width"": 1280, ""height"": 720, ""codec"": ""h264""}"
videos/retirement.mp4,3b7c3c2d5fa45efa86731b8a09ea17d1,0,0,en,ase,whatsthatsign,retirement,"{""signpuddle_id"": ""2322"", ""sign_fsw"": ""AS13311S38517S13319S38511S20600S20600M538x518S13311504x491S13319471x491S20600516x482S20600463x482"", ""source"": ""Adam Frost"", ""fps"": 30.0, ""duration"": 2.066, ""width"": 1280, ""height"": 720, ""codec"": ""h264""}"
videos/rice.mp4,ef992496cd9d132ecb79e2cdf1d71f23,0,0,en,ase,whatsthatsign,rice,"{""signpuddle_id"": ""980"", ""sign_fsw"": ""AS11a20S2fe00S10006S19220S16d20S14a20M511x548S11a20490x452S19220490x486S16d20489x509S14a20490x533"", ""source"": ""Adam Frost"", ""fps"": 29.97, ""duration"": 2.603, ""width"": 1280, ""height"": 720, ""codec"": ""h264""}"
videos/rich_wealthy.mp4,11ba724e98e7e98e9c1959f40606c55f,0,0,en,ase,whatsthatsign,"rich, wealthy","{""signpuddle_id"": ""1981"", ""sign_fsw"": ""AS1851cS2fe00S15a39S2fe00S21400S20500S28800S14c50M527x532S15a39473x509S1851c485x505S28800515x490S14c50493x468"", ""source"": ""Adam Frost"", ""fps"": 29.97, ""duration"": 1.869, ""width"": 1280, ""height"": 720, ""codec"": ""h264""}"
videos/ride.mp4,b6b7afdcc894857d2a368967587af98a,0,0,en,ase,whatsthatsign,ride,"{""signpuddle_id"": ""450"", ""sign_fsw"": ""AS11050S2fe00S16d48S2fe00S21400S20800S26520M519x529S16d48481x489S11050491x502S20800509x498S26520496x472"", ""source"": ""Adam Frost"", ""fps"": 29.97, ""duration"": 2.636, ""width"": 1280, ""height"": 720, ""codec"": ""h264""}"
videos/ride_roller_coaster_riding_roller_coaster_ride_rollercoaster.mp4,9c390f63c3b19294203c82f68ba09d4b,0,0,en,ase,whatsthatsign,"ride roller coaster, riding roller coaster, ride rollercoaster, riding rollercoaster, roller coaster, rollercoaster","{""signpuddle_id"": ""2286"", ""sign_fsw"": ""AS15a50S2fe00S10006S2c100M512x531S15a50500x504S2c100488x470"", ""source"": ""Adam Frost"", ""fps"": 30.0, ""duration"": 2.5, ""width"": 1280, ""height"": 720, ""codec"": ""h264""}"
videos/ride_train_take_train_train_ride_to.mp4,63f68acdd452e79756bdac218e88c7f1,0,0,en,ase,whatsthatsign,"ride train, take train, train ride to, take train to","{""signpuddle_id"": ""2276"", ""sign_fsw"": ""AS11551S2fe00S11559S2fe00S21400S21100S26507M528x525S11559472x500S11551492x500S21100501x489S26507515x476"", ""source"": ""Adam Frost"", ""fps"": 30.0, ""duration"": 1.9, ""width"": 1280, ""height"": 720, ""codec"": ""h264""}"
videos/right_correct.mp4,45ac299f855544636c20c1125126b683,0,0,en,ase,whatsthatsign,"right, correct","{""signpuddle_id"": ""21"", ""sign_fsw"": ""AS10041S2fe00S1000aS2fe00S21400S20500M517x522S1000a487x507S10041483x479"", ""source"": ""Adam Frost"", ""fps"": 29.97, ""duration"": 1.902, ""width"": 1280, ""height"": 720, ""codec"": ""h264""}"
videos/right_here_this_exact_spot_below.mp4,73a721116a6e03694ddef2d46895c976,0,0,en,ase,whatsthatsign,"right here, this exact spot, below","{""signpuddle_id"": ""6"", ""sign_fsw"": ""AS10004S2fe00S1000cS2fe00S38006S22f04S22f14M529x525S10004510x476S1000c475x476S22f04504x511S22f14472x511"", ""source"": ""Adam Frost"", ""fps"": 29.97, ""duration"": 2.402, ""width"": 1280, ""height"": 720, ""codec"": ""h264""}"
videos/rise_rise_up_shoot_up.mp4,3c65b08c973a53a260e7a1944b40fa61,0,0,en,ase,whatsthatsign,"rise, rise up, shoot up, flare up, burn up, go up in flames, fire","{""signpuddle_id"": ""2292"", ""sign_fsw"": ""AS14c00S2fe00S14c08S2fe00S38006S22510S22510S22a00S22a10M533x532S14c00510x483S14c08467x483S22510511x468S22510467x468S22a00515x517S22a10471x517"", ""source"": ""Adam Frost"", ""fps"": 30.0, ""duration"": 2.167, ""width"": 1280, ""height"": 720, ""codec"": ""h264""}"
videos/rising_spiraling.mp4,fbf3d3f7c7a3bec3f344c0d88bd17928,0,0,en,ase,whatsthatsign,"rising, spiraling","{""signpuddle_id"": ""2297"", ""sign_fsw"": ""AS15451S2fe00S10006S25300M513x535S15451488x512S25300488x466"", ""source"": ""Adam Frost"", ""fps"": 30.0, ""duration"": 2.3, ""width"": 1280, ""height"": 720, ""codec"": ""h264""}"
videos/risk_threat_threaten.mp4,1aee24f4a9a33eb683032f9023aa8e67,0,0,en,ase,whatsthatsign,"risk, threat, threaten, danger, endanger","{""signpuddle_id"": ""2078"", ""sign_fsw"": ""AS1f540S2fe00S1f50aS2fe00S21410S20e00S22a00M513x532S1f540498x501S1f50a487x508S20e00499x486S22a00498x468"", ""source"": ""Adam Frost"", ""fps"": 30.0, ""duration"": 1.867, ""width"": 1280, ""height"": 720, ""codec"": ""h264""}"
videos/river.mp4,7280f2a5abf295591c3d1114d9dbe11f,0,0,en,ase,whatsthatsign,river,"{""signpuddle_id"": ""1209"", ""sign_fsw"": ""AS11a20S2fe00S10006S19220S10e20S14a20S11a20M511x570S11a20490x430S19220490x464S10e20490x487S14a20490x521S11a20490x540"", ""source"": ""Adam Frost"", ""fps"": 29.97, ""duration"": 2.269, ""width"": 1280, ""height"": 720, ""codec"": ""h264""}"
videos/river_stream_creek.mp4,1e9c8932a09fdd42c311530090cd69b9,0,0,en,ase,whatsthatsign,"river, stream, creek, canal, channel, brook, waterway","{""signpuddle_id"": ""1290"", ""sign_fsw"": ""AS18710S30004S10006S20500S14c50S2fe00S14c58S2fe00S38005S22510S22510S26500S26510M527x631S2ff00482x483S18710491x514S14c50503x600S14c58474x580S22510504x585S22510475x565S26500508x568S26510479x548"", ""source"": ""Adam Frost"", ""fps"": 29.97, ""duration"": 2.069, ""width"": 1280, ""height"": 720, ""codec"": ""h264""}"
videos/rock_stone_boulder.mp4,dd37927f2f9b318a9de2b62028082719,0,0,en,ase,whatsthatsign,"rock, stone, boulder, pebble","{""signpuddle_id"": ""412"", ""sign_fsw"": ""AS1f751S2fe00S1f759S2fe00S21400S20600M524x517S1f759502x484S1f751500x496S20600477x494"", ""source"": ""Adam Frost"", ""fps"": 29.97, ""duration"": 2.369, ""width"": 1280, ""height"": 720, ""codec"": ""h264""}"
videos/rocket.mp4,0a930d0d2f2d49c1d8cc46f447ad9a89,0,0,en,ase,whatsthatsign,rocket,"{""signpuddle_id"": ""1156"", ""sign_fsw"": ""AS11a20S2fe00S15a18S2fe00S21406S20e00S22a00M515x531S15a18486x504S11a20500x501S20e00502x487S22a00502x470"", ""source"": ""Adam Frost"", ""fps"": 29.97, ""duration"": 2.402, ""width"": 1280, ""height"": 720, ""codec"": ""h264""}"
videos/rocking_chair_recliner.mp4,6e12a72c6f230248ce5465010e281343,0,0,en,ase,whatsthatsign,"rocking chair, recliner","{""signpuddle_id"": ""669"", ""sign_fsw"": ""AS11e40S2fe00S11e48S2fe00S38006S23000S23010M539x526S11e40516x496S11e48461x496S23000513x474S23010462x474"", ""source"": ""Adam Frost"", ""fps"": 30.0, ""duration"": 2.0, ""width"": 1280, ""height"": 720, ""codec"": ""h264""}"
videos/roll_around_toss_and_turn_seizuring.mp4,b01c7b69ecdcd100f795a979657a90b8,0,0,en,ase,whatsthatsign,"roll around, toss and turn, seizuring, restless, seizure","{""signpuddle_id"": ""732"", ""sign_fsw"": ""AS11040S2fe00S15a3aS2fe00S21400S20500S2a400M527x518S15a3a474x505S11040480x484S2a400502x482"", ""source"": ""Adam Frost"", ""fps"": 29.97, ""duration"": 2.069, ""width"": 1280, ""height"": 720, ""codec"": ""h264""}"
videos/roll_roll_up.mp4,2fa2197aeaa036e07e077b137c6dd67d,0,0,en,ase,whatsthatsign,"roll, roll up","{""signpuddle_id"": ""2214"", ""sign_fsw"": ""AS10002S2fe00S1000aS2fe00S37f07S2ea00S2ea44M545x513S10002495x492S1000a475x498S2ea00530x488S2ea44455x488"", ""source"": ""Adam Frost"", ""fps"": 30.0, ""duration"": 1.867, ""width"": 1280, ""height"": 720, ""codec"": ""h264""}"
videos/roof.mp4,8e800706d7f3ea46ede7f5ddf545174a,0,0,en,ase,whatsthatsign,roof,"{""signpuddle_id"": ""624"", ""sign_fsw"": ""AS11a20S2fe00S10006S17620S17620S1ce20M511x552S11a20490x448S17620490x482S17620490x502S1ce20489x522"", ""source"": ""Adam Frost"", ""fps"": 30.0, ""duration"": 2.1, ""width"": 1280, ""height"": 720, ""codec"": ""h264""}"
videos/room_box.mp4,8590dd7d0a6e7796dbba0cd65ca8ed3c,0,0,en,ase,whatsthatsign,"room, box","{""signpuddle_id"": ""296"", ""sign_fsw"": ""AS15a40S2fe00S15a48S2fe00S38005S26902S26916M524x526S15a40512x499S15a48476x474S26902491x507S26916491x482"", ""source"": ""Adam Frost"", ""fps"": 30.0, ""duration"": 2.0, ""width"": 1280, ""height"": 720, ""codec"": ""h264""}"
videos/roommate_rommie_companion.mp4,2ec0781ad4f7612db8e84a1828fb5092,0,0,en,ase,whatsthatsign,"roommate, rommie, companion","{""signpuddle_id"": ""350"", ""sign_fsw"": ""AS14e02S2fe00S14e0aS2fe00S21406S20710M531x523S14e0a470x492S14e02500x498S20710484x477"", ""source"": ""Adam Frost"", ""fps"": 30.0, ""duration"": 2.433, ""width"": 1280, ""height"": 720, ""codec"": ""h264""}"
videos/rounded_mouth.mp4,41152917309220d5c9d309b23364d51c,0,0,en,ase,whatsthatsign,rounded mouth,"{""signpuddle_id"": ""422"", ""sign_fsw"": ""AS34400M518x518S34400482x483"", ""source"": ""Adam Frost"", ""fps"": 29.97, ""duration"": 1.468, ""width"": 1280, ""height"": 720, ""codec"": ""h264""}"
videos/rubber.mp4,2ac42147978429f8f2cafe080fbd2b38,0,0,en,ase,whatsthatsign,rubber,"{""signpuddle_id"": ""1973"", ""sign_fsw"": ""AS10620S30005S10006S20e00S22f03M534x547S2ff00482x483S10620513x513S20e00502x521S22f03488x526"", ""source"": ""Adam Frost"", ""fps"": 30.0, ""duration"": 1.633, ""width"": 1280, ""height"": 720, ""codec"": ""h264""}"
videos/ruby.mp4,7813f9d33c0da83118f9e1933d5fc969,0,0,en,ase,whatsthatsign,ruby,"{""signpuddle_id"": ""413"", ""sign_fsw"": ""AS11a20S2fe00S10006S11520S14720S19a20M514x557S11a20493x443S11520493x477S14720494x511S19a20486x537"", ""source"": ""Adam Frost"", ""fps"": 29.97, ""duration"": 2.502, ""width"": 1280, ""height"": 720, ""codec"": ""h264""}"
videos/rude.mp4,52a3f7b2f8e7ba48b1539a048daf0cc0,0,0,en,ase,whatsthatsign,rude,"{""signpuddle_id"": ""1684"", ""sign_fsw"": ""AS1c550S2fe00S15a39S2fe00S21400S20e00S26507M533x525S15a39467x502S1c550483x494S20e00508x487S26507520x475"", ""source"": ""Adam Frost"", ""fps"": 29.97, ""duration"": 1.902, ""width"": 1280, ""height"": 720, ""codec"": ""h264""}"
videos/rug.mp4,e926ff8382b09d3cfa8d0cc9efc92f20,0,0,en,ase,whatsthatsign,rug,"{""signpuddle_id"": ""626"", ""sign_fsw"": ""AS11a20S2fe00S10006S11520S1f000M515x542S11a20500x459S11520500x493S1f000486x527"", ""source"": ""Adam Frost"", ""fps"": 30.0, ""duration"": 2.1, ""width"": 1280, ""height"": 720, ""codec"": ""h264""}"
videos/run.mp4,5fd64b8e4656516f15ba735fdde4c616,0,0,en,ase,whatsthatsign,run,"{""signpuddle_id"": ""2242"", ""sign_fsw"": ""AS1e140S2fe00S1e148S2fe00S21410S20800S26520M518x530S1e140483x490S1e148494x504S26520495x471"", ""source"": ""Adam Frost"", ""fps"": 30.0, ""duration"": 2.1, ""width"": 1280, ""height"": 720, ""codec"": ""h264""}"
videos/run_running_jog.mp4,a0d1390f90881e5be5cbad01b16006db,0,0,en,ase,whatsthatsign,"run, running, jog, jogging","{""signpuddle_id"": ""222"", ""sign_fsw"": ""AS1e140S2fe00S1e148S2fe00S21410S20800S27120M520x530S1e140481x490S1e148492x504S27120481x471"", ""source"": ""Adam Frost"", ""fps"": 29.97, ""duration"": 2.402, ""width"": 1280, ""height"": 720, ""codec"": ""h264""}"
videos/running_running_continuously.mp4,9c500752fd0e502def59dabdbbc00930,0,0,en,ase,whatsthatsign,"running, running continuously","{""signpuddle_id"": ""2243"", ""sign_fsw"": ""AS1e140S2fe00S1e148S2fe00S21410S20800S2ea20M518x535S1e140483x495S1e148494x509S2ea20497x466"", ""source"": ""Adam Frost"", ""fps"": 30.0, ""duration"": 2.033, ""width"": 1280, ""height"": 720, ""codec"": ""h264""}"
videos/running_running_repetitively_jogging.mp4,2f7c313c7c503dd488a605491592a3d5,0,0,en,ase,whatsthatsign,"running, running repetitively, jogging, jogging repetitively","{""signpuddle_id"": ""2237"", ""sign_fsw"": ""AS1e140S2fe00S1e148S2fe00S21410S20800S26a20M518x530S1e140483x490S1e148494x504S26a20489x471"", ""source"": ""Adam Frost"", ""fps"": 30.0, ""duration"": 2.0, ""width"": 1280, ""height"": 720, ""codec"": ""h264""}"
videos/sad_unhappy_unfortunate.mp4,b0a533acaec16bc47eb30d87479e2382,0,0,en,ase,whatsthatsign,"sad, unhappy, unfortunate","{""signpuddle_id"": ""991"", ""sign_fsw"": ""AS14c01S30006S14c09S30002S22a04S22a14M535x540S2ff00482x483S14c01509x496S14c09465x496S22a04521x525S22a14466x525"", ""source"": ""Adam Frost"", ""fps"": 29.97, ""duration"": 2.502, ""width"": 1280, ""height"": 720, ""codec"": ""h264""}"
videos/salad.mp4,e5002583095f2716fad5e194b99d4b57,0,0,en,ase,whatsthatsign,salad,"{""signpuddle_id"": ""1064"", ""sign_fsw"": ""AS14e4dS2fe00S14e45S2fe00S38006S2e50cS2e514M534x529S14e4d505x471S14e45467x471S2e50c506x502S2e514473x502"", ""source"": ""Adam Frost"", ""fps"": 29.97, ""duration"": 2.402, ""width"": 1280, ""height"": 720, ""codec"": ""h264""}"
videos/salt_table_salt_sodium_chloride.mp4,285e5ba1bfd8d5771c4b29082efdf289,0,0,en,ase,whatsthatsign,"salt, table salt, sodium chloride, NaCl","{""signpuddle_id"": ""2082"", ""sign_fsw"": ""AS11551S2fe00S11559S2fe00S21400S20500S22511M524x519S11559477x494S11551497x494S22511485x481"", ""source"": ""Adam Frost"", ""fps"": 29.97, ""duration"": 1.768, ""width"": 1280, ""height"": 720, ""codec"": ""h264""}"
videos/same_old_same_old_thing_nothing_new.mp4,66316a4b3602f601336c8c94476806a2,0,0,en,ase,whatsthatsign,"same old, same old thing, nothing new","{""signpuddle_id"": ""1596"", ""sign_fsw"": ""AS19a50S2fe00S19a58S2fe00S38006S2e500S2e518M532x525S19a50504x475S19a58468x475S2e500506x497S2e518472x498"", ""source"": ""Adam Frost"", ""fps"": 29.97, ""duration"": 2.302, ""width"": 1280, ""height"": 720, ""codec"": ""h264""}"
videos/same_same_as_alike.mp4,a464f709935530ba72313fe854dabd05,0,0,en,ase,whatsthatsign,"same, same as, alike, like, as","{""signpuddle_id"": ""181"", ""sign_fsw"": ""AS19a20S2fe00S10006S27106M523x520S19a20477x489S27106508x480"", ""source"": ""Adam Frost"", ""fps"": 29.97, ""duration"": 2.769, ""width"": 1280, ""height"": 720, ""codec"": ""h264""}"
videos/sand_material_property.mp4,f901adf94ee2771101527ec4c5e327db,0,0,en,ase,whatsthatsign,"sand, material, property, soil, earth, land, fabric, cloth","{""signpuddle_id"": ""1733"", ""sign_fsw"": ""AS18537S2fe00S1853fS2fe00S38006S21100S21100S22946S22942M543x523S18537507x495S1853f474x496S21100517x487S21100471x487S22946533x478S22942458x477"", ""source"": ""Adam Frost"", ""fps"": 29.97, ""duration"": 2.135, ""width"": 1280, ""height"": 720, ""codec"": ""h264""}"
videos/sandals.mp4,a7389773e980a73f08910488375d77cd,0,0,en,ase,whatsthatsign,sandals,"{""signpuddle_id"": ""762"", ""sign_fsw"": ""AS17150S2fe00S15a59S2fe00S21400S20900M521x518S15a59479x495S17150496x483S20900499x508"", ""source"": ""Adam Frost"", ""fps"": 30.0, ""duration"": 1.9, ""width"": 1280, ""height"": 720, ""codec"": ""h264""}"
videos/sandwich.mp4,07214f61cb47409dd14f6852589a8f76,0,0,en,ase,whatsthatsign,sandwich,"{""signpuddle_id"": ""838"", ""sign_fsw"": ""AS18200S33d00S18208S33d00S26a20M518x555S33b00482x483S18200495x525S18208483x520S26a20486x541"", ""source"": ""Adam Frost"", ""fps"": 29.97, ""duration"": 1.835, ""width"": 1280, ""height"": 720, ""codec"": ""h264""}"
videos/satisfy_satisfied_satisfication.mp4,de397ccf696b2e98863e0922c2c7a660,0,0,en,ase,whatsthatsign,"satisfy, satisfied, satisfication","{""signpuddle_id"": ""1695"", ""sign_fsw"": ""AS15a12S38510S15a1aS38530S20500S20500M525x518S15a12486x483S15a1a488x506S20500515x483S20500476x506"", ""source"": ""Adam Frost"", ""fps"": 30.0, ""duration"": 1.867, ""width"": 1280, ""height"": 720, ""codec"": ""h264""}"
videos/sausage_linked_sausage_hot_dog.mp4,619f00d351f77b2f16d5c0cace993ccf,0,0,en,ase,whatsthatsign,"sausage, linked sausage, hot dog, frankfurter","{""signpuddle_id"": ""1026"", ""sign_fsw"": ""AS20350S2fe00S20358S2fe00S21406S20500S21800S21800S26506S26512M536x513S20350502x498S20358484x498S21800501x487S21800482x487S26506521x498S26512465x498"", ""source"": ""Adam Frost"", ""fps"": 29.97, ""duration"": 2.536, ""width"": 1280, ""height"": 720, ""codec"": ""h264""}"
videos/save_liberate_rescue.mp4,7386c7d8f3e1cf5db1b2085e1392bc4f,0,0,en,ase,whatsthatsign,"save, liberate, rescue, deliver, redeem, free, salvation, liberation, deliverance, redemption","{""signpuddle_id"": ""1781"", ""sign_fsw"": ""AS20301S38632S20309S38634S20500S28136S2814eM526x536S37600488x513S20301475x498S20309505x498S28136484x483S2814e484x465"", ""source"": ""Adam Frost"", ""fps"": 29.97, ""duration"": 1.869, ""width"": 1280, ""height"": 720, ""codec"": ""h264""}"
videos/save_preservation_retention.mp4,0266076832e39d44bdf3d8bf6437f101,0,0,en,ase,whatsthatsign,"save, preservation, retention, conservation","{""signpuddle_id"": ""1750"", ""sign_fsw"": ""AS10e02S2fe00S20308S2fe00S21410S20600M520x515S10e02488x500S20308481x491S20600498x486"", ""source"": ""Adam Frost"", ""fps"": 29.97, ""duration"": 2.002, ""width"": 1280, ""height"": 720, ""codec"": ""h264""}"
videos/save_preserve_retain.mp4,f3b2938ca598a90ba9ca6baa699ff68a,0,0,en,ase,whatsthatsign,"save, preserve, retain, conserve","{""signpuddle_id"": ""1788"", ""sign_fsw"": ""AS10e02S2fe00S20308S2fe00S21410S20500M519x512S10e02489x497S20308482x488"", ""source"": ""Adam Frost"", ""fps"": 29.97, ""duration"": 1.969, ""width"": 1280, ""height"": 720, ""codec"": ""h264""}"
videos/say.mp4,d924d7b456bcb36391c774f63bef0abd,0,0,en,ase,whatsthatsign,say,"{""signpuddle_id"": ""2390"", ""sign_fsw"": ""AS10000S30004S10006S20500M518x541S2ff00482x483S10000487x511"", ""source"": ""Adam Frost"", ""fps"": 30.0, ""duration"": 1.666, ""width"": 1280, ""height"": 720, ""codec"": ""h264""}"
videos/scared_frightened_terrified.mp4,13891d41afcd6997607fad9ec0dcd49f,0,0,en,ase,whatsthatsign,"scared, frightened, terrified, afraid, scary, fear, horror","{""signpuddle_id"": ""850"", ""sign_fsw"": ""AS14c02S2fe00S14c0aS2fe00S38006S26a02S26a16M553x514S14c02503x489S14c0a465x489S26a02539x487S26a16448x487"", ""source"": ""Adam Frost"", ""fps"": 29.97, ""duration"": 2.769, ""width"": 1280, ""height"": 720, ""codec"": ""h264""}"
videos/schedule_calendar.mp4,1c9a6ed54818807b82cdf989c7070a7e,0,0,en,ase,whatsthatsign,"schedule, calendar","{""signpuddle_id"": ""1056"", ""sign_fsw"": ""AS14450S2fe00S15a0aS2fe00S21414S20e00S2330aM526x523S15a0a474x478S14450476x483S20e00504x478S2330a500x493"", ""source"": ""Adam Frost"", ""fps"": 29.97, ""duration"": 2.536, ""width"": 1280, ""height"": 720, ""codec"": ""h264""}"
videos/school_academy_academic.mp4,a5932732d265c697d6d952be31ea660f,0,0,en,ase,whatsthatsign,"school, academy, academic","{""signpuddle_id"": ""485"", ""sign_fsw"": ""AS15a51S2fe00S15a39S2fe00S21400S20600M519x519S15a39496x482S15a51482x482S20600489x508"", ""source"": ""Adam Frost"", ""fps"": 29.97, ""duration"": 2.169, ""width"": 1280, ""height"": 720, ""codec"": ""h264""}"
videos/science_scientific.mp4,a4956aac85d16a2f39b4ac6c940331b2,0,0,en,ase,whatsthatsign,"science, scientific","{""signpuddle_id"": ""1846"", ""sign_fsw"": ""AS1f521S2fe00S1f529S2fe00S38006S2ea04S2ea48M527x525S1f521505x476S1f529474x476S2ea04510x500S2ea48480x500"", ""source"": ""Adam Frost"", ""fps"": 29.97, ""duration"": 1.935, ""width"": 1280, ""height"": 720, ""codec"": ""h264""}"
videos/scissors.mp4,7a42de7db78076ba64c181dab469cb65,0,0,en,ase,whatsthatsign,scissors,"{""signpuddle_id"": ""1964"", ""sign_fsw"": ""AS10e01S2fe00S10006S22713M515x522S10e01486x492S22713492x479"", ""source"": ""Adam Frost"", ""fps"": 29.97, ""duration"": 1.602, ""width"": 1280, ""height"": 720, ""codec"": ""h264""}"
videos/scoop.mp4,6cad55a5444d7291c91901ab6df5ed67,0,0,en,ase,whatsthatsign,scoop,"{""signpuddle_id"": ""2215"", ""sign_fsw"": ""AS1ea40S2fe00S10006S2a200M523x521S1ea40500x500S2a200478x479"", ""source"": ""Adam Frost"", ""fps"": 30.0, ""duration"": 1.6, ""width"": 1280, ""height"": 720, ""codec"": ""h264""}"
videos/scrape_scraping_scrape_off.mp4,72bc61db2f145f447dd325df837fb4a4,0,0,en,ase,whatsthatsign,"scrape, scraping, scrape off, scraping off","{""signpuddle_id"": ""877"", ""sign_fsw"": ""AS17141S2fe00S15a08S2fe00S21414S20e00S22f04M517x522S15a08484x478S17141495x478S20e00498x494S22f04492x508"", ""source"": ""Adam Frost"", ""fps"": 30.0, ""duration"": 3.267, ""width"": 1280, ""height"": 720, ""codec"": ""h264""}"
videos/scratch_scratch_arm_itch.mp4,ae265e8e1aefb273f7b75a5ffbe4432f,0,0,en,ase,whatsthatsign,"scratch, scratch arm, itch, itchy","{""signpuddle_id"": ""730"", ""sign_fsw"": ""AS14e51S38620S2035aS2fe00S21100S27102M524x533S37806477x512S2035a509x505S14e51477x504S21100482x481S27102497x468"", ""source"": ""Adam Frost"", ""fps"": 29.97, ""duration"": 2.769, ""width"": 1280, ""height"": 720, ""codec"": ""h264""}"
videos/sea.mp4,09855b2f47d0e114c2a91e094956ac78,0,0,en,ase,whatsthatsign,sea,"{""signpuddle_id"": ""2389"", ""sign_fsw"": ""AS20320S2fe00S10006S14a20S1f720M510x527S20320495x474S14a20495x493S1f720490x512"", ""source"": ""Adam Frost"", ""fps"": 30.0, ""duration"": 1.9, ""width"": 1280, ""height"": 720, ""codec"": ""h264""}"
videos/seafood.mp4,c5956fa31ad401a36088cd59713a747a,0,0,en,ase,whatsthatsign,seafood,"{""signpuddle_id"": ""1055"", ""sign_fsw"": ""AS20320S2fe00S10006S14a20S1f720S18507S33d00S10006S20600M540x537S20320493x426S14a20493x444S1f720488x462S33b00482x483S18507502x510S20600518x509"", ""source"": ""Adam Frost"", ""fps"": 29.97, ""duration"": 3.103, ""width"": 1280, ""height"": 720, ""codec"": ""h264""}"
videos/seal_seals.mp4,31e4f75f11cd867194cde94c9599be86,0,0,en,ase,whatsthatsign,"seal, seals","{""signpuddle_id"": ""1450"", ""sign_fsw"": ""AS15a40S2fe00S15a48S2fe00S21402S26b06S26b12S20600M534x526S15a40487x474S15a48501x474S26b06467x474S26b12516x474S3780a489x493S37802494x494"", ""source"": ""Adam Frost"", ""fps"": 29.97, ""duration"": 1.969, ""width"": 1280, ""height"": 720, ""codec"": ""h264""}"
videos/search_searches_searched.mp4,d6f20d1e4562a0c7e012d790007332eb,0,0,en,ase,whatsthatsign,"search, searches, searched, searching, seek, seeks, seeked, seeking, look, looks, looked, looking","{""signpuddle_id"": ""460"", ""sign_fsw"": ""AS16d10S2ff00S10006S2e500M538x531S2ff00482x483S16d10507x484S2e500515x504"", ""source"": ""Adam Frost"", ""fps"": 30.0, ""duration"": 2.1, ""width"": 1280, ""height"": 720, ""codec"": ""h264""}"
videos/second_2nd.mp4,8cfb7eaa5af932c8cd3958a58986a65b,0,0,en,ase,whatsthatsign,"second, 2nd","{""signpuddle_id"": ""1109"", ""sign_fsw"": ""AS10e11S2fe00S10006S2c300M515x527S10e11485x497S2c300489x473"", ""source"": ""Adam Frost"", ""fps"": 29.97, ""duration"": 1.668, ""width"": 1280, ""height"": 720, ""codec"": ""h264""}"
videos/second_hand_used_novel.mp4,1daf102ef9b225cc5fc8544e0d75df65,0,0,en,ase,whatsthatsign,"second hand, used, novel","{""signpuddle_id"": ""1374"", ""sign_fsw"": ""AS1dc10S2fe00S10006S2e104M525x515S1dc10475x485S2e104502x487"", ""source"": ""Adam Frost"", ""fps"": 29.97, ""duration"": 1.902, ""width"": 1280, ""height"": 720, ""codec"": ""h264""}"
videos/secret_private_confidential.mp4,1eb4668098eb107bd2328824c0a54f96,0,0,en,ase,whatsthatsign,"secret, private, confidential","{""signpuddle_id"": ""458"", ""sign_fsw"": ""AS1f711S33d00S10006S20600M528x532S33b00482x483S1f711482x510S20600506x518"", ""source"": ""Adam Frost"", ""fps"": 30.0, ""duration"": 2.0, ""width"": 1280, ""height"": 720, ""codec"": ""h264""}"
videos/see.mp4,9fb578c47263aee0fe02b5ac38c6e576,0,0,en,ase,whatsthatsign,see,"{""signpuddle_id"": ""467"", ""sign_fsw"": ""AS10e00S31410S10006S20500S26500M531x529S2ff00482x483S10e00510x499S26500517x480"", ""source"": ""Adam Frost"", ""fps"": 30.0, ""duration"": 2.2, ""width"": 1280, ""height"": 720, ""codec"": ""h264""}"
videos/sell.mp4,e46ba21b0a5699703be5deb7cd7349d1,0,0,en,ase,whatsthatsign,sell,"{""signpuddle_id"": ""432"", ""sign_fsw"": ""AS18521S2fe00S18529S2fe00S38006S2d200S2d211M537x523S18521510x504S18529464x504S2d200502x477S2d211473x477"", ""source"": ""Adam Frost"", ""fps"": 29.97, ""duration"": 2.302, ""width"": 1280, ""height"": 720, ""codec"": ""h264""}"
videos/semester.mp4,edd6b5bd14f92f23416d387139b064dd,0,0,en,ase,whatsthatsign,semester,"{""signpuddle_id"": ""1154"", ""sign_fsw"": ""AS20320S2fe00S10006S23b04M519x513S20320481x488S23b04500x492"", ""source"": ""Adam Frost"", ""fps"": 30.0, ""duration"": 2.033, ""width"": 1280, ""height"": 720, ""codec"": ""h264""}"
videos/send_throw_drop_off.mp4,167d5b5ca018becce43d94a21c2dfba3,0,0,en,ase,whatsthatsign,"send, throw, drop off","{""signpuddle_id"": ""273"", ""sign_fsw"": ""AS20320S2fe00S10006S26500S14c20M512x535S20320493x520S26500493x501S14c20489x466"", ""source"": ""Adam Frost"", ""fps"": 29.97, ""duration"": 2.636, ""width"": 1280, ""height"": 720, ""codec"": ""h264""}"
videos/senior_seniors_12th_grade.mp4,1abab096d4a7194a66b19f43a4856d1b,0,0,en,ase,whatsthatsign,"senior, seniors, 12th grade, fourth-year, fourth-year student","{""signpuddle_id"": ""1843"", ""sign_fsw"": ""AS15a51S2fe00S14c0aS2fe00S21400S20600M522x522S14c0a478x499S15a51482x480S20600500x478"", ""source"": ""Adam Frost"", ""fps"": 29.97, ""duration"": 2.135, ""width"": 1280, ""height"": 720, ""codec"": ""h264""}"
videos/sentence_language.mp4,18468e4eed7f3edead02fee8c2935fee,0,0,en,ase,whatsthatsign,"sentence, language","{""signpuddle_id"": ""595"", ""sign_fsw"": ""AS1ce40S2fe00S1ce48S2fe00S21406S20500S26506S26512M538x515S1ce40501x485S1ce48477x485S26506523x500S26512462x500"", ""source"": ""Adam Frost"", ""fps"": 30.0, ""duration"": 3.333, ""width"": 1280, ""height"": 720, ""codec"": ""h264""}"
videos/separate.mp4,38a23ff1f2f01bcd424ea33ef556aebc,0,0,en,ase,whatsthatsign,separate,"{""signpuddle_id"": ""1364"", ""sign_fsw"": ""AS18241S2fe00S18249S2fe00S21406S20500S26506S26512M543x509S18241501x492S18249475x492S26506528x495S26512458x495"", ""source"": ""Adam Frost"", ""fps"": 29.97, ""duration"": 1.968, ""width"": 1280, ""height"": 720, ""codec"": ""h264""}"
videos/serve_service.mp4,dfe7e99e0560ccf30cddf38057dda834,0,0,en,ase,whatsthatsign,"serve, service","{""signpuddle_id"": ""1632"", ""sign_fsw"": ""AS15a30S2fe00S15a38S2fe00S38007S27100S27114M536x530S15a30510x488S15a38478x503S27100496x471S27114464x487"", ""source"": ""Adam Frost"", ""fps"": 29.97, ""duration"": 1.902, ""width"": 1280, ""height"": 720, ""codec"": ""h264""}"
videos/seven_months_7_months.mp4,61d98c84e3e8777409c7e596583769c8,0,0,en,ase,whatsthatsign,"seven months, 7 months","{""signpuddle_id"": ""1431"", ""sign_fsw"": ""AS1a502S2fe00S10028S2fe00S21414S20e00S22a04M520x528S10028480x473S1a502492x475S20e00504x497S22a04503x513"", ""source"": ""Adam Frost"", ""fps"": 30.0, ""duration"": 1.933, ""width"": 1280, ""height"": 720, ""codec"": ""h264""}"
videos/seven_weeks_7_weeks.mp4,3c36192a6b5d6c66cfd4115d5d4193fc,0,0,en,ase,whatsthatsign,"seven weeks, 7 weeks","{""signpuddle_id"": ""885"", ""sign_fsw"": ""AS1a550S2fe00S15a36S2fe00S21400S20e00S26506M528x518S15a36472x506S1a550475x482S20e00497x496S26506513x495"", ""source"": ""Adam Frost"", ""fps"": 29.97, ""duration"": 2.202, ""width"": 1280, ""height"": 720, ""codec"": ""h264""}"
videos/seven_weeks_ago_7_weeks_ago.mp4,46dc8b640fdd37c7cd0e663f14b7f079,0,0,en,ase,whatsthatsign,"seven weeks ago, 7 weeks ago","{""signpuddle_id"": ""893"", ""sign_fsw"": ""AS1a550S2fe00S15a36S2fe00S21400S20e00S2d50aM529x518S15a36471x506S1a550475x482S20e00496x496S2d50a510x502"", ""source"": ""Adam Frost"", ""fps"": 29.97, ""duration"": 2.536, ""width"": 1280, ""height"": 720, ""codec"": ""h264""}"
videos/seven_years_old_7_years_old_age_seven.mp4,012c9c7d1acf822bc197162f58bc07a5,0,0,en,ase,whatsthatsign,"seven years old, 7 years old, age seven, age 7, seven, 7","{""signpuddle_id"": ""1397"", ""sign_fsw"": ""AS1a520S30004S10006S20500S2c601M537x540S2ff00482x483S1a520498x512S2c601518x512"", ""source"": ""Adam Frost"", ""fps"": 29.97, ""duration"": 1.902, ""width"": 1280, ""height"": 720, ""codec"": ""h264""}"
videos/seventeen_years_old_17_years_old_age_seventeen.mp4,dbbfa01b3f9a8adbad72db8a0284e7a0,0,0,en,ase,whatsthatsign,"seventeen years old, 17 years old, age seventeen, age 17, seventeen, 17","{""signpuddle_id"": ""1409"", ""sign_fsw"": ""AS10000S30004S10006S20500S2c601S1f540S1a520M563x543S2ff00482x483S10000487x513S2c601513x512S1f540522x484S1a520542x480"", ""source"": ""Adam Frost"", ""fps"": 30.0, ""duration"": 1.867, ""width"": 1280, ""height"": 720, ""codec"": ""h264""}"
videos/seventh_7th.mp4,9296779455888a84d443a79220592f04,0,0,en,ase,whatsthatsign,"seventh, 7th","{""signpuddle_id"": ""1114"", ""sign_fsw"": ""AS1a511S2fe00S10006S2c300M517x525S1a511484x498S2c300491x476"", ""source"": ""Adam Frost"", ""fps"": 29.97, ""duration"": 1.768, ""width"": 1280, ""height"": 720, ""codec"": ""h264""}"
videos/several_few.mp4,87e5a96b6f4fda9b8c6266d7c009f3a3,0,0,en,ase,whatsthatsign,"several, few","{""signpuddle_id"": ""1934"", ""sign_fsw"": ""AS1f730S2fe00S10006S26506S14430M530x516S1f730470x501S26506493x502S14430508x485"", ""source"": ""Adam Frost"", ""fps"": 29.97, ""duration"": 1.635, ""width"": 1280, ""height"": 720, ""codec"": ""h264""}"
videos/sew_sewing.mp4,7cb0fb4e388a034ae9bbea33fca0ca7b,0,0,en,ase,whatsthatsign,"sew, sewing","{""signpuddle_id"": ""204"", ""sign_fsw"": ""AS1ce40S2fe00S1ce48S2fe00S21406S20e00S2e50eM529x526S1ce48472x475S1ce40494x475S20e00488x507S2e50e502x503"", ""source"": ""Adam Frost"", ""fps"": 29.97, ""duration"": 2.636, ""width"": 1280, ""height"": 720, ""codec"": ""h264""}"
videos/shampoo_wash_hair.mp4,9f027d3595d4d4399044ca7d1f5abace,0,0,en,ase,whatsthatsign,"shampoo, wash hair","{""signpuddle_id"": ""1983"", ""sign_fsw"": ""AS14e10S30007S14e18S30001S27104S27114M552x532S2ff00482x483S14e10520x484S14e18455x484S27104512x517S27114448x517"", ""source"": ""Adam Frost"", ""fps"": 30.0, ""duration"": 2.067, ""width"": 1280, ""height"": 720, ""codec"": ""h264""}"
videos/shape_statue.mp4,16b2f703e6a52e989b8406ca7f8a5bba,0,0,en,ase,whatsthatsign,"shape, statue","{""signpuddle_id"": ""255"", ""sign_fsw"": ""AS1f720S2fe00S1f728S2fe00S38006S29904S2991cM525x525S1f720505x475S1f728476x475S29904511x493S2991c476x493"", ""source"": ""Adam Frost"", ""fps"": 29.97, ""duration"": 1.969, ""width"": 1280, ""height"": 720, ""codec"": ""h264""}"
videos/share.mp4,8c4a21956f218f0345450ec496de40c5,0,0,en,ase,whatsthatsign,share,"{""signpuddle_id"": ""1378"", ""sign_fsw"": ""AS15a41S2fe00S15a0aS2fe00S21400S20e00S2a404M524x527S15a0a476x515S15a41491x504S20e00476x501S2a404499x474"", ""source"": ""Adam Frost"", ""fps"": 29.97, ""duration"": 1.902, ""width"": 1280, ""height"": 720, ""codec"": ""h264""}"
videos/shark_sharks.mp4,c791b4667f38faa176c96d72fb130bef,0,0,en,ase,whatsthatsign,"shark, sharks","{""signpuddle_id"": ""1451"", ""sign_fsw"": ""AS14710S2fe00S14c58S2fe00S21410S20700S26520M517x534S14710484x488S14c58488x503S20700499x485S26520493x467"", ""source"": ""Adam Frost"", ""fps"": 29.97, ""duration"": 1.969, ""width"": 1280, ""height"": 720, ""codec"": ""h264""}"
videos/shed_sheds_shedding.mp4,fd5ef74f04c4082d2678acc3e5b7ef1e,0,0,en,ase,whatsthatsign,"shed, sheds, shedding","{""signpuddle_id"": ""875"", ""sign_fsw"": ""AS14010S38517S14018S38511S2c500S2c510M569x520S36d00479x481S14010504x490S14018467x490S2c500529x482S2c510434x480"", ""source"": ""Adam Frost"", ""fps"": 29.97, ""duration"": 2.169, ""width"": 1280, ""height"": 720, ""codec"": ""h264""}"
videos/shelves.mp4,eef834cad196ba93b6a7703e63f6ce46,0,0,en,ase,whatsthatsign,shelves,"{""signpuddle_id"": ""1327"", ""sign_fsw"": ""AS14750S2fe00S14758S2fe00S21406S20600S2450aS24512M533x522S14750501x478S14758484x478S2450a502x504S24512467x504"", ""source"": ""Adam Frost"", ""fps"": 30.0, ""duration"": 2.6, ""width"": 1280, ""height"": 720, ""codec"": ""h264""}"
videos/sheriff_deputy_police.mp4,034cab93982b64b94eb6e5ef04b45d65,0,0,en,ase,whatsthatsign,"sheriff, deputy, police, cop, police officer, policeman, policewoman","{""signpuddle_id"": ""1628"", ""sign_fsw"": ""AS15401S38511S10006S20600M521x521S36d00479x479S15401472x498S20600472x485"", ""source"": ""Adam Frost"", ""fps"": 29.97, ""duration"": 1.902, ""width"": 1280, ""height"": 720, ""codec"": ""h264""}"
videos/shirt_volunteer.mp4,378afb7b0fbc64a49b68d50f325a63b9,0,0,en,ase,whatsthatsign,"shirt, volunteer","{""signpuddle_id"": ""206"", ""sign_fsw"": ""AS1ce02S38517S10006S20800S26a00M551x519S36d00479x485S1ce02499x497S20800532x500S26a00524x482"", ""source"": ""Adam Frost"", ""fps"": 30.0, ""duration"": 2.6, ""width"": 1280, ""height"": 720, ""codec"": ""h264""}"
videos/shoes_pair_of_shoes_shoe.mp4,cd1867a86d44ac2278e376cf960fd1d2,0,0,en,ase,whatsthatsign,"shoes, pair of shoes, shoe, sneakers, tennis shoes, footwear","{""signpuddle_id"": ""278"", ""sign_fsw"": ""AS20350S2fe00S20358S2fe00S21406S20600M516x515S20358484x500S20350501x500S20600489x486"", ""source"": ""Adam Frost"", ""fps"": 30.0, ""duration"": 2.4, ""width"": 1280, ""height"": 720, ""codec"": ""h264""}"
videos/shopping_buying_purchasing.mp4,3cc2a3fcccfc147595c91a2eb17cd87b,0,0,en,ase,whatsthatsign,"shopping, buying, purchasing","{""signpuddle_id"": ""162"", ""sign_fsw"": ""AS1851cS2fe00S15a39S2fe00S21400S20e00S26a07M533x528S15a39468x505S1851c480x501S20e00505x489S26a07512x473"", ""source"": ""Adam Frost"", ""fps"": 30.0, ""duration"": 2.533, ""width"": 1280, ""height"": 720, ""codec"": ""h264""}"
videos/shopping_mall.mp4,8b0cee1d8276e5ed274d55a508b6173e,0,0,en,ase,whatsthatsign,shopping mall,"{""signpuddle_id"": ""2400"", ""sign_fsw"": ""AS1851cS2fe00S15a39S2fe00S21400S20e00S26a07S18d20S10006S1f720S1dc20S1dc20M533x586S15a39468x447S1851c480x443S20e00505x431S26a07512x415S18d20492x476S1f720492x505S1dc20488x523S1dc20488x556"", ""source"": ""Adam Frost"", ""fps"": 30.0, ""duration"": 2.4, ""width"": 1280, ""height"": 720, ""codec"": ""h264""}"
videos/short_sleeves.mp4,1e31a94e4b570e9bdfbb32d7b4bda22f,0,0,en,ase,whatsthatsign,short sleeves,"{""signpuddle_id"": ""1067"", ""sign_fsw"": ""AS14732S38600S10006S20600M527x534S37606497x466S14732500x481S20600473x483"", ""source"": ""Adam Frost"", ""fps"": 29.97, ""duration"": 2.302, ""width"": 1280, ""height"": 720, ""codec"": ""h264""}"
videos/shortly_soon.mp4,5dc3dcfe2d4f9ba9b91104881506ab41,0,0,en,ase,whatsthatsign,"shortly, soon","{""signpuddle_id"": ""1016"", ""sign_fsw"": ""AS11541S2fe00S11549S2fe00S21400S21100S27103M531x532S11541488x498S11549469x505S21100499x485S27103504x468"", ""source"": ""Adam Frost"", ""fps"": 30.0, ""duration"": 2.7, ""width"": 1280, ""height"": 720, ""codec"": ""h264""}"
videos/shorts.mp4,b6e33bf7120f99fca5b23f94d6861b3c,0,0,en,ase,whatsthatsign,shorts,"{""signpuddle_id"": ""120"", ""sign_fsw"": ""AS1821bS38547S18213S38541S20e00S20e00S26a06S26a12M563x531S36d10479x470S1821b512x506S18213471x506S20e00534x511S20e00454x511S26a06549x504S26a12437x504"", ""source"": ""Adam Frost"", ""fps"": 29.97, ""duration"": 2.736, ""width"": 1280, ""height"": 720, ""codec"": ""h264""}"
videos/shoulder_tap_shoulder.mp4,eeec17c95ef52cd7c6b3c5e28ffe30d5,0,0,en,ase,whatsthatsign,"shoulder, tap shoulder","{""signpuddle_id"": ""1984"", ""sign_fsw"": ""AS18207S38501S10006S20600M521x517S36d00479x483S18207478x492S20600453x488"", ""source"": ""Adam Frost"", ""fps"": 30.0, ""duration"": 1.733, ""width"": 1280, ""height"": 720, ""codec"": ""h264""}"
videos/shovel_shoveling_dig.mp4,18b99909af48e36779242c3e6ad3b382,0,0,en,ase,whatsthatsign,"shovel, shoveling, dig","{""signpuddle_id"": ""878"", ""sign_fsw"": ""AS1ea1cS2fe00S1ea14S2fe00S37f00S2c620M527x525S1ea1c504x476S1ea14497x504S2c620473x489"", ""source"": ""Adam Frost"", ""fps"": 29.97, ""duration"": 2.336, ""width"": 1280, ""height"": 720, ""codec"": ""h264""}"
videos/show.mp4,3ad711c97898c9ecfefc708e5900a6cb,0,0,en,ase,whatsthatsign,show,"{""signpuddle_id"": ""1494"", ""sign_fsw"": ""AS10012S2fe00S15a18S2fe00S21406S20500S26520M521x526S15a18480x494S10012491x511S26520490x475"", ""source"": ""Adam Frost"", ""fps"": 30.0, ""duration"": 2.0, ""width"": 1280, ""height"": 720, ""codec"": ""h264""}"
videos/shower.mp4,1b96e6cb966b0fe9be7ed77d75f2df10,0,0,en,ase,whatsthatsign,shower,"{""signpuddle_id"": ""711"", ""sign_fsw"": ""AS20311S30007S10006S22f03S14c11M568x518S2ff00482x483S20311547x445S22f03535x457S14c11515x468"", ""source"": ""Adam Frost"", ""fps"": 29.97, ""duration"": 2.369, ""width"": 1280, ""height"": 720, ""codec"": ""h264""}"
videos/shrimp_shrimps.mp4,389903e0f745f1a0d8652cfc3abbfc89,0,0,en,ase,whatsthatsign,"shrimp, shrimps","{""signpuddle_id"": ""1464"", ""sign_fsw"": ""AS10010S2fe00S10006S21800S26502S10610M526x518S10010511x488S26502492x504S10610474x492S21800476x482"", ""source"": ""Adam Frost"", ""fps"": 29.97, ""duration"": 1.702, ""width"": 1280, ""height"": 720, ""codec"": ""h264""}"
videos/shucks_shoot_dang.mp4,ddf8b8619c866b6bf2fe8d32135f31f8,0,0,en,ase,whatsthatsign,"shucks, shoot, dang, aww man, bummer, what a shame, rats","{""signpuddle_id"": ""2367"", ""sign_fsw"": ""AS20341S2fe00S15a16S2fe00S21400S20e00S2880eM515x522S15a16488x510S20341487x493S2880e485x478"", ""source"": ""Adam Frost"", ""fps"": 30.0, ""duration"": 1.833, ""width"": 1280, ""height"": 720, ""codec"": ""h264""}"
videos/shy_bashful_timid.mp4,dd6a72462d565e386c5e75221ae79027,0,0,en,ase,whatsthatsign,"shy, bashful, timid","{""signpuddle_id"": ""1718"", ""sign_fsw"": ""AS18211S30005S10006S21100S2c300M538x518S2ff00482x483S18211511x501S21100520x485S2c300512x460"", ""source"": ""Adam Frost"", ""fps"": 29.97, ""duration"": 1.735, ""width"": 1280, ""height"": 720, ""codec"": ""h264""}"
videos/sibling.mp4,a7887d63bd1fb09145f82cd13f6fcf98,0,0,en,ase,whatsthatsign,sibling,"{""signpuddle_id"": ""477"", ""sign_fsw"": ""AS1dc20S30007S1dc0aS2fe00S20500S22a03S1dc41S21400S20500S1dc27S30005S1dc0aS2fe00S20500S22a03S1dc41S21400S20500M535x615S2ff00482x439S1dc20511x427S22a03513x469S1dc0a504x492S1dc41487x477S2ff00482x527S1dc27509x545S22a03500x568S1dc0a493x591S1dc41476x576"", ""source"": ""Adam Frost"", ""fps"": 30.0, ""duration"": 2.233, ""width"": 1280, ""height"": 720, ""codec"": ""h264""}"
videos/sick_ill_unwell.mp4,38ac18ef9e12f4ab39befb5d0ee61a80,0,0,en,ase,whatsthatsign,"sick, ill, unwell","{""signpuddle_id"": ""195"", ""sign_fsw"": ""AS1c500S30007S1c509S38531S20500M537x563S2ff00482x483S1c500507x476S1c509477x526S20500497x552"", ""source"": ""Adam Frost"", ""fps"": 29.97, ""duration"": 2.202, ""width"": 1280, ""height"": 720, ""codec"": ""h264""}"
videos/sightseeing_sightsee.mp4,a9262525e1ac7056d1a792139afe781c,0,0,en,ase,whatsthatsign,"sightseeing, sightsee","{""signpuddle_id"": ""1579"", ""sign_fsw"": ""AS10e50S2fe00S10e58S2fe00S38006S22a04S22a14S26526S22a04S22a14M544x524S10e50477x476S10e58457x476S22a04531x509S22a14512x509S26526494x509S22a04478x509S22a14458x509"", ""source"": ""Adam Frost"", ""fps"": 29.97, ""duration"": 1.902, ""width"": 1280, ""height"": 720, ""codec"": ""h264""}"
videos/sign_signs_signing.mp4,6e6aecb8ad5127a03f686a344ebabba4,0,0,en,ase,whatsthatsign,"sign, signs, signing","{""signpuddle_id"": ""8"", ""sign_fsw"": ""AS10011S2fe00S10019S2fe00S38006S2e704S2e748M525x535S10011501x466S10019476x475S2e704510x500S2e748483x510"", ""source"": ""Adam Frost"", ""fps"": 30.0, ""duration"": 2.467, ""width"": 1280, ""height"": 720, ""codec"": ""h264""}"
videos/silly.mp4,3f37231515718d9321878d96abe5331c,0,0,en,ase,whatsthatsign,silly,"{""signpuddle_id"": ""1719"", ""sign_fsw"": ""AS19a10S33200S10006S20e00S2e00cM518x549S33100482x483S19a10469x498S20e00494x520S2e00c471x521"", ""source"": ""Adam Frost"", ""fps"": 29.97, ""duration"": 1.902, ""width"": 1280, ""height"": 720, ""codec"": ""h264""}"
videos/silver.mp4,5d0d372db42448f7e67e517b03152a5d,0,0,en,ase,whatsthatsign,silver,"{""signpuddle_id"": ""1882"", ""sign_fsw"": ""AS10011S33010S10006S20500S22a05S20320M566x558S2ff00482x483S10011518x502S22a05536x527S20320551x543"", ""source"": ""Adam Frost"", ""fps"": 30.0, ""duration"": 1.733, ""width"": 1280, ""height"": 720, ""codec"": ""h264""}"
videos/simultaneous_simultaneously_synchronous.mp4,22c8e72fce2f599940052b0cb98de00d,0,0,en,ase,whatsthatsign,"simultaneous, simultaneously, synchronous, synchronously, same time","{""signpuddle_id"": ""1075"", ""sign_fsw"": ""AS19c51S2fe00S19c59S2fe00S21406S20500S26506S26512S19a58S19a50M580x514S19c51501x486S19c59469x486S19a50552x492S26506534x496S26512451x496S19a58420x492"", ""source"": ""Adam Frost"", ""fps"": 29.97, ""duration"": 3.103, ""width"": 1280, ""height"": 720, ""codec"": ""h264""}"
videos/since_up_till_now_have_been.mp4,a1e864fd3ae894daf79a6fc5b57bbbf3,0,0,en,ase,whatsthatsign,"since, up till now, have been, has been","{""signpuddle_id"": ""1595"", ""sign_fsw"": ""AS10001S38507S10009S2fe00S20500S2b700S2b711M544x543S36d00479x479S10001523x484S10009502x513S2b700522x458S2b711502x492"", ""source"": ""Adam Frost"", ""fps"": 29.97, ""duration"": 2.369, ""width"": 1280, ""height"": 720, ""codec"": ""h264""}"
videos/single.mp4,dc547d37c00a3f4664257b0e2763137e,0,0,en,ase,whatsthatsign,single,"{""signpuddle_id"": ""1368"", ""sign_fsw"": ""AS10010S30005S10006S20e00S22a04S26502S30003S20e00S22a04M518x574S2ff00482x483S10010496x506S20e00476x540S22a04475x559S26502485x549S20e00498x540S22a04498x559"", ""source"": ""Adam Frost"", ""fps"": 29.97, ""duration"": 2.169, ""width"": 1280, ""height"": 720, ""codec"": ""h264""}"
videos/sink.mp4,e94e0c8aa8bf1c84089695cca2105b48,0,0,en,ase,whatsthatsign,sink,"{""signpuddle_id"": ""703"", ""sign_fsw"": ""AS20320S2fe00S10006S19220S11920S14020M518x551S20320497x449S19220497x468S11920491x491S14020483x521"", ""source"": ""Adam Frost"", ""fps"": 29.97, ""duration"": 2.669, ""width"": 1280, ""height"": 720, ""codec"": ""h264""}"
videos/sink_drown.mp4,c5487c83a03c93301636833637414ace,0,0,en,ase,whatsthatsign,"sink, drown","{""signpuddle_id"": ""1731"", ""sign_fsw"": ""AS1f540S2fe00S14c5aS2fe00S21414S20700S22a04M516x529S14c5a484x472S1f540501x487S22a04502x514"", ""source"": ""Adam Frost"", ""fps"": 29.97, ""duration"": 1.802, ""width"": 1280, ""height"": 720, ""codec"": ""h264""}"
videos/sister.mp4,f5eb235a67bea450b485adfed0520ed0,0,0,en,ase,whatsthatsign,sister,"{""signpuddle_id"": ""475"", ""sign_fsw"": ""AS1dc27S30005S1dc0aS2fe00S20500S22a03S1dc41S21400S20500M532x571S2ff00482x483S1dc27509x501S1dc0a493x547S22a03500x524S1dc41476x532"", ""source"": ""Adam Frost"", ""fps"": 30.0, ""duration"": 1.867, ""width"": 1280, ""height"": 720, ""codec"": ""h264""}"
videos/sister_in_law_sister-in-law.mp4,98791cdd1f017bdbee49ff3aa22959d8,0,0,en,ase,whatsthatsign,"sister in law, sister-in-law","{""signpuddle_id"": ""1344"", ""sign_fsw"": ""AS1dc27S30005S1dc0aS2fe00S20500S22a03S1dc41S21400S20500S1dc40S2fe00S15a18S2fe00S21406S20500S22a04S20500M532x624S2ff00482x483S1dc27509x501S1dc0a493x547S22a03500x524S1dc41476x532S15a18485x595S1dc40498x579S22a04513x606S20500500x613"", ""source"": ""Adam Frost"", ""fps"": 29.97, ""duration"": 2.636, ""width"": 1280, ""height"": 720, ""codec"": ""h264""}"
videos/sit_sits_sitting.mp4,f9efb3c6d335c279105b02522f4e33d8,0,0,en,ase,whatsthatsign,"sit, sits, sitting, sat","{""signpuddle_id"": ""52"", ""sign_fsw"": ""AS11551S2fe00S11559S2fe00S21400S20800M524x519S11559477x494S11551497x494S20800495x481"", ""source"": ""Adam Frost"", ""fps"": 29.97, ""duration"": 3.103, ""width"": 1280, ""height"": 720, ""codec"": ""h264""}"
videos/sitting_repetitively_sitting.mp4,8e9c5f858ad950688391d04b43b87fc3,0,0,en,ase,whatsthatsign,"sitting, repetitively sitting","{""signpuddle_id"": ""2179"", ""sign_fsw"": ""AS11551S2fe00S11559S2fe00S21400S22f04S20900M524x528S11559477x503S11551497x503S20900489x490S22f04487x473"", ""source"": ""Adam Frost"", ""fps"": 30.0, ""duration"": 2.333, ""width"": 1280, ""height"": 720, ""codec"": ""h264""}"
videos/sitting_sitting_continuously.mp4,1a4172ab677d525139958ca1626d9222,0,0,en,ase,whatsthatsign,"sitting, sitting continuously","{""signpuddle_id"": ""2240"", ""sign_fsw"": ""AS11551S2fe00S11559S2fe00S21400S20800S2ea20M524x530S11559477x483S11551497x483S20800495x470S2ea20494x505"", ""source"": ""Adam Frost"", ""fps"": 30.0, ""duration"": 1.9, ""width"": 1280, ""height"": 720, ""codec"": ""h264""}"
videos/six_months_6_months.mp4,3c79dacee17cc0be68363054f9b9e38c,0,0,en,ase,whatsthatsign,"six months, 6 months","{""signpuddle_id"": ""1430"", ""sign_fsw"": ""AS18702S2fe00S10028S2fe00S21414S20e00S22a04M521x525S10028480x481S18702492x475S20e00505x495S22a04504x510"", ""source"": ""Adam Frost"", ""fps"": 30.0, ""duration"": 1.833, ""width"": 1280, ""height"": 720, ""codec"": ""h264""}"
videos/six_weeks_6_weeks.mp4,527e7ed9b7b51e6bd3f5170d5a4760bd,0,0,en,ase,whatsthatsign,"six weeks, 6 weeks","{""signpuddle_id"": ""884"", ""sign_fsw"": ""AS18750S2fe00S15a36S2fe00S21400S20e00S26506M528x519S15a36472x507S18750475x482S20e00497x497S26506513x496"", ""source"": ""Adam Frost"", ""fps"": 30.0, ""duration"": 2.467, ""width"": 1280, ""height"": 720, ""codec"": ""h264""}"
videos/six_weeks_ago_6_weeks_ago.mp4,3f626c7325b12e7f09888bec22cc6114,0,0,en,ase,whatsthatsign,"six weeks ago, 6 weeks ago","{""signpuddle_id"": ""892"", ""sign_fsw"": ""AS18750S2fe00S15a36S2fe00S21400S20e00S2d50aM529x519S15a36471x507S18750474x482S20e00496x497S2d50a510x503"", ""source"": ""Adam Frost"", ""fps"": 29.97, ""duration"": 2.336, ""width"": 1280, ""height"": 720, ""codec"": ""h264""}"
videos/six_years_old_6_years_old_age_six.mp4,3b75b8907502e6595b90b26771650775,0,0,en,ase,whatsthatsign,"six years old, 6 years old, age six, age 6, six, 6","{""signpuddle_id"": ""1396"", ""sign_fsw"": ""AS18720S30004S10006S20500S2c601M537x538S2ff00482x483S18720498x508S2c601518x512"", ""source"": ""Adam Frost"", ""fps"": 29.97, ""duration"": 1.935, ""width"": 1280, ""height"": 720, ""codec"": ""h264""}"
videos/sixteen_years_old_16_years_old_age_sixteen.mp4,9bc36b05549e7177e95ab5f5f23dbbe1,0,0,en,ase,whatsthatsign,"sixteen years old, 16 years old, age sixteen, age 16, sixteen, 16","{""signpuddle_id"": ""1407"", ""sign_fsw"": ""AS10000S30004S10006S20500S2c601S1f540S18720M559x543S2ff00482x483S10000487x513S2c601513x512S1f540522x484S18720541x479"", ""source"": ""Adam Frost"", ""fps"": 30.0, ""duration"": 1.933, ""width"": 1280, ""height"": 720, ""codec"": ""h264""}"
videos/sixth_6th.mp4,7072c41f58713600d496d629834e3dd7,0,0,en,ase,whatsthatsign,"sixth, 6th","{""signpuddle_id"": ""1113"", ""sign_fsw"": ""AS18711S2fe00S10006S2c300M517x525S18711484x501S2c300491x476"", ""source"": ""Adam Frost"", ""fps"": 29.97, ""duration"": 1.702, ""width"": 1280, ""height"": 720, ""codec"": ""h264""}"
videos/size_measurement_measure.mp4,09486e85ec3205ec390e3689f6c2646a,0,0,en,ase,whatsthatsign,"size, measurement, measure","{""signpuddle_id"": ""1014"", ""sign_fsw"": ""AS19a20S2fe00S19a28S2fe00S21406S20600M529x514S19a20501x494S19a28471x494S20600489x486"", ""source"": ""Adam Frost"", ""fps"": 29.97, ""duration"": 3.036, ""width"": 1280, ""height"": 720, ""codec"": ""h264""}"
videos/skateboard.mp4,c71fcbc5e0a4d01c1e30841992d410c1,0,0,en,ase,whatsthatsign,skateboard,"{""signpuddle_id"": ""1163"", ""sign_fsw"": ""AS11030S2fe00S11038S2fe00S38000S26a00S26a10M519x546S11030498x471S11038488x519S26a00492x454S26a10481x502"", ""source"": ""Adam Frost"", ""fps"": 30.0, ""duration"": 2.1, ""width"": 1280, ""height"": 720, ""codec"": ""h264""}"
videos/skiing_ski.mp4,0c1f0e993aecd5257f175801f1233a2e,0,0,en,ase,whatsthatsign,"skiing, ski","{""signpuddle_id"": ""1577"", ""sign_fsw"": ""AS10630S2fe00S10638S2fe00S38007S26a00S26a10M530x535S10630506x483S10638480x509S26a00503x466S26a10471x492"", ""source"": ""Adam Frost"", ""fps"": 29.97, ""duration"": 1.969, ""width"": 1280, ""height"": 720, ""codec"": ""h264""}"
videos/skin.mp4,2ce74724086abb65615c545abb04f07f,0,0,en,ase,whatsthatsign,skin,"{""signpuddle_id"": ""2018"", ""sign_fsw"": ""AS1ce51S2fe00S15a5aS2fe00S21400S20800S27120M530x521S15a5a476x509S1ce51471x483S20800496x498S27120491x479"", ""source"": ""Adam Frost"", ""fps"": 29.97, ""duration"": 2.269, ""width"": 1280, ""height"": 720, ""codec"": ""h264""}"
videos/skirt.mp4,6eeac404b54371b152a4141f0be2d749,0,0,en,ase,whatsthatsign,skirt,"{""signpuddle_id"": ""86"", ""sign_fsw"": ""AS14c03S38547S14c0bS38541S20e00S2c601S2c610M543x537S36d10479x464S14c03505x501S14c0b468x501S20e00494x499S2c601524x511S2c610457x511"", ""source"": ""Adam Frost"", ""fps"": 29.97, ""duration"": 1.435, ""width"": 1280, ""height"": 720, ""codec"": ""h264""}"
videos/sky.mp4,9827b1f05db63cc8b916fe9a5d61ffad,0,0,en,ase,whatsthatsign,sky,"{""signpuddle_id"": ""409"", ""sign_fsw"": ""AS20320S2fe00S10006S14020S19a20M518x537S20320497x464S14020483x483S19a20490x517"", ""source"": ""Adam Frost"", ""fps"": 29.97, ""duration"": 1.869, ""width"": 1280, ""height"": 720, ""codec"": ""h264""}"
videos/sleep_slept_asleep.mp4,5eea164e725742de432dd458a743f96d,0,0,en,ase,whatsthatsign,"sleep, slept, asleep","{""signpuddle_id"": ""80"", ""sign_fsw"": ""AS14c00S2ff00S10006S22a04S18507M518x571S2ff00482x483S14c00488x499S22a04494x532S18507489x544"", ""source"": ""Adam Frost"", ""fps"": 29.97, ""duration"": 2.236, ""width"": 1280, ""height"": 720, ""codec"": ""h264""}"
videos/sleeveless.mp4,0e4552f075d34695b50e5df534d367e8,0,0,en,ase,whatsthatsign,sleeveless,"{""signpuddle_id"": ""1068"", ""sign_fsw"": ""AS14743S38517S1474bS38511S20e00S20e00S22f04S22f14M544x527S22f14464x513S14743523x474S1474b456x474S20e00517x498S20e00470x498S22f04511x513"", ""source"": ""Adam Frost"", ""fps"": 29.97, ""duration"": 2.536, ""width"": 1280, ""height"": 720, ""codec"": ""h264""}"
videos/slice_chop.mp4,08468b478d0ad5fd962c388a4bd870d9,0,0,en,ase,whatsthatsign,"slice, chop","{""signpuddle_id"": ""2207"", ""sign_fsw"": ""AS15a40S2fe00S15a3aS2fe00S21400S20500S26506S20500M519x522S15a3a484x479S15a40482x483S20600497x495S26506501x508"", ""source"": ""Adam Frost"", ""fps"": 30.0, ""duration"": 2.133, ""width"": 1280, ""height"": 720, ""codec"": ""h264""}"
videos/slippers_slip-ons_loafers.mp4,0dbe77efd43df45a458d247c1bc9d362,0,0,en,ase,whatsthatsign,"slippers, slip-ons, loafers, flats, slip ons","{""signpuddle_id"": ""761"", ""sign_fsw"": ""AS15a50S2fe00S17119S2fe00S21414S21300S26500M521x521S17119479x480S15a50484x494S21300500x501S26500503x482"", ""source"": ""Adam Frost"", ""fps"": 29.97, ""duration"": 2.436, ""width"": 1280, ""height"": 720, ""codec"": ""h264""}"
videos/slow.mp4,e81e9ad34b456c33b420abce3a9e3ecb,0,0,en,ase,whatsthatsign,slow,"{""signpuddle_id"": ""1302"", ""sign_fsw"": ""AS15a50S38630S10006S21100S26503M515x523S37602485x484S15a50503x494S21100502x477S26503489x491"", ""source"": ""Adam Frost"", ""fps"": 29.97, ""duration"": 1.802, ""width"": 1280, ""height"": 720, ""codec"": ""h264""}"
videos/small.mp4,24e61a2ce2b20975276d22af716edb35,0,0,en,ase,whatsthatsign,small,"{""signpuddle_id"": ""312"", ""sign_fsw"": ""AS15a10S2fe00S15a18S2fe00S38006S26502S26516M545x514S15a10514x487S15a18474x487S26502530x495S26516455x495"", ""source"": ""Adam Frost"", ""fps"": 29.97, ""duration"": 2.502, ""width"": 1280, ""height"": 720, ""codec"": ""h264""}"
videos/smart_intelligent_intelligence.mp4,508dcbb8985a1775ec129186ff3a6de9,0,0,en,ase,whatsthatsign,"smart, intelligent, intelligence, clever, brilliant, bright, gifted, genius","{""signpuddle_id"": ""1714"", ""sign_fsw"": ""AS10011S30007S10006S20500S2c300M544x521S2ff00482x483S10011516x491S2c300518x474"", ""source"": ""Adam Frost"", ""fps"": 30.0, ""duration"": 1.9, ""width"": 1280, ""height"": 720, ""codec"": ""h264""}"
videos/smell_scent.mp4,04dc93c3013d39fa8c0209af8f3a6c67,0,0,en,ase,whatsthatsign,"smell, scent","{""signpuddle_id"": ""1674"", ""sign_fsw"": ""AS15a01S33200S10006S2ea00M537x526S33100482x483S15a01505x503S2ea00522x486"", ""source"": ""Adam Frost"", ""fps"": 30.0, ""duration"": 1.833, ""width"": 1280, ""height"": 720, ""codec"": ""h264""}"
videos/smelly_stinky_stink.mp4,d698a7fd4dfdae16c3e596695aee970a,0,0,en,ase,whatsthatsign,"smelly, stinky, stink","{""signpuddle_id"": ""1971"", ""sign_fsw"": ""AS15a11S33200S10006S27103M528x546S33100482x483S15a11505x502S27103495x520"", ""source"": ""Adam Frost"", ""fps"": 29.97, ""duration"": 1.835, ""width"": 1280, ""height"": 720, ""codec"": ""h264""}"
videos/smiling_mouth.mp4,9a05af01157615b3cc1e15b45b7bc2ac,0,0,en,ase,whatsthatsign,smiling mouth,"{""signpuddle_id"": ""379"", ""sign_fsw"": ""AS33e00M518x518S33e00482x483"", ""source"": ""Adam Frost"", ""fps"": 29.97, ""duration"": 1.869, ""width"": 1280, ""height"": 720, ""codec"": ""h264""}"
videos/smoking_smoke_smoking_a_cigarette.mp4,59bfb1942b81100ae0f8b61766b1d686,0,0,en,ase,whatsthatsign,"smoking, smoke, smoking a cigarette, cigarette smoking","{""signpuddle_id"": ""851"", ""sign_fsw"": ""AS10e00S33d00S10006S20600M546x534S33b00482x483S10e00506x504S20600524x505"", ""source"": ""Adam Frost"", ""fps"": 30.0, ""duration"": 2.533, ""width"": 1280, ""height"": 720, ""codec"": ""h264""}"
videos/snake_snakes.mp4,d6b34fcacb5be14b7d6006e2b165a18b,0,0,en,ase,whatsthatsign,"snake, snakes","{""signpuddle_id"": ""1436"", ""sign_fsw"": ""AS11020S30004S10006S20500S2dd06M539x540S2ff00482x483S11020504x513S2dd06523x482"", ""source"": ""Adam Frost"", ""fps"": 29.97, ""duration"": 1.935, ""width"": 1280, ""height"": 720, ""codec"": ""h264""}"
videos/sneeze.mp4,297447009d65327088005d8cfc813037,0,0,en,ase,whatsthatsign,sneeze,"{""signpuddle_id"": ""1986"", ""sign_fsw"": ""AS10012S33200S10006S20500S30124M528x528S30124482x477S33110499x499S10012498x513"", ""source"": ""Adam Frost"", ""fps"": 29.97, ""duration"": 1.668, ""width"": 1280, ""height"": 720, ""codec"": ""h264""}"
videos/snitch_tattle_tell.mp4,7c2ccee34d725cdc3c5a0d2bc4176634,0,0,en,ase,whatsthatsign,"snitch, tattle, tell","{""signpuddle_id"": ""863"", ""sign_fsw"": ""AS10002S30004S10006S20500S21b00M518x527S2ff00482x483S10002470x512S21b00460x510"", ""source"": ""Adam Frost"", ""fps"": 30.0, ""duration"": 2.633, ""width"": 1280, ""height"": 720, ""codec"": ""h264""}"
videos/snow.mp4,47efde87a87edfece2bbf5407ad18263,0,0,en,ase,whatsthatsign,snow,"{""signpuddle_id"": ""2057"", ""sign_fsw"": ""AS14c02S38510S10006S20500S26500S18501S14c50S2fe00S14c58S2fe00S38006S22510S22510S22a04S22a14M533x570S14c02484x467S20500502x486S26500498x450S18501490x431S14c50509x520S14c58467x520S22510510x505S22510468x505S22a04515x555S22a14472x555"", ""source"": ""Adam Frost"", ""fps"": 30.0, ""duration"": 2.266, ""width"": 1280, ""height"": 720, ""codec"": ""h264""}"
videos/snow_drizzle_light_rain.mp4,32833a7a48f2c6fbcf47906ed4177e5d,0,0,en,ase,whatsthatsign,"snow, drizzle, light rain","{""signpuddle_id"": ""2056"", ""sign_fsw"": ""AS14c50S2fe00S14c58S2fe00S38006S22510S22510S22a04S22a14M533x533S14c50509x483S14c58467x483S22510510x468S22510468x468S22a04515x518S22a14472x518"", ""source"": ""Adam Frost"", ""fps"": 30.0, ""duration"": 1.933, ""width"": 1280, ""height"": 720, ""codec"": ""h264""}"
videos/snowboard_snowboarding.mp4,9fffbaf4bf5eec65caa40bc327043936,0,0,en,ase,whatsthatsign,"snowboard, snowboarding","{""signpuddle_id"": ""1881"", ""sign_fsw"": ""AS15a52S2fe00S15a5aS2fe00S38000S26a20M518x526S15a52491x514S15a5a483x494S26a20489x474"", ""source"": ""Adam Frost"", ""fps"": 29.97, ""duration"": 2.035, ""width"": 1280, ""height"": 720, ""codec"": ""h264""}"
videos/so_so_somewhat_so-so.mp4,1a70fff89810ed47a3460f0c847f37d9,0,0,en,ase,whatsthatsign,"so so, somewhat, so-so","{""signpuddle_id"": ""99"", ""sign_fsw"": ""AS14c50S2fe00S10006S2a408M526x518S14c50474x484S2a408501x482"", ""source"": ""Adam Frost"", ""fps"": 30.0, ""duration"": 1.667, ""width"": 1280, ""height"": 720, ""codec"": ""h264""}"
videos/soap_detergent.mp4,9789a9426a1dc095f4eb7350a36adc2a,0,0,en,ase,whatsthatsign,"soap, detergent","{""signpuddle_id"": ""710"", ""sign_fsw"": ""AS15a51S2fe00S15a39S2fe00S21400S20e00S22115M525x518S15a39476x482S15a51484x495S20e00502x483S22115506x486"", ""source"": ""Adam Frost"", ""fps"": 30.0, ""duration"": 1.967, ""width"": 1280, ""height"": 720, ""codec"": ""h264""}"
videos/soccer_kicking.mp4,ec144cfa455a59044048e59e657e215c,0,0,en,ase,whatsthatsign,"soccer, kicking","{""signpuddle_id"": ""1747"", ""sign_fsw"": ""AS15a41S2fe00S15a06S2fe00S21404S20600M524x518S15a06477x482S15a41483x495S20600502x492"", ""source"": ""Adam Frost"", ""fps"": 30.0, ""duration"": 2.1, ""width"": 1280, ""height"": 720, ""codec"": ""h264""}"
videos/social_media_SM.mp4,8c773cd5f7a042d0fb2aa5b87a77fed9,0,0,en,ase,whatsthatsign,"social media, SM","{""signpuddle_id"": ""1765"", ""sign_fsw"": ""AS20320S2fe00S10006S18d20M510x522S20320495x478S18d20490x497"", ""source"": ""Adam Frost"", ""fps"": 29.97, ""duration"": 1.835, ""width"": 1280, ""height"": 720, ""codec"": ""h264""}"
videos/social_work_social_worker.mp4,efa81e52df86fcaff8cfe35fa7ede384,0,0,en,ase,whatsthatsign,"social work, social worker","{""signpuddle_id"": ""1873"", ""sign_fsw"": ""AS20340S2fe00S15a39S2fe00S21400S20500S18740S20500M518x531S15a39495x494S20340486x470S18740485x488S20600483x520"", ""source"": ""Adam Frost"", ""fps"": 29.97, ""duration"": 2.069, ""width"": 1280, ""height"": 720, ""codec"": ""h264""}"
videos/sociology_society.mp4,804770ba7156d02b667397141aa49131,0,0,en,ase,whatsthatsign,"sociology, society","{""signpuddle_id"": ""1852"", ""sign_fsw"": ""AS20320S2fe00S20328S2fe00S21406S20500S2df06S2df1eS20500M522x522S20320502x507S20328484x507S2df06502x479S2df1e479x479"", ""source"": ""Adam Frost"", ""fps"": 29.97, ""duration"": 2.069, ""width"": 1280, ""height"": 720, ""codec"": ""h264""}"
videos/socks.mp4,31dcee3a65cf61fe921b4d4f364b055e,0,0,en,ase,whatsthatsign,socks,"{""signpuddle_id"": ""987"", ""sign_fsw"": ""AS10004S2fe00S1000cS2fe00S21406S20e00S23604S23610M547x531S10004501x481S1000c484x470S20e00494x515S23604508x514S23610453x514"", ""source"": ""Adam Frost"", ""fps"": 29.97, ""duration"": 2.502, ""width"": 1280, ""height"": 720, ""codec"": ""h264""}"
videos/soda_soda_pop.mp4,5de32acd7c7e7dcfbbe1424054d73334,0,0,en,ase,whatsthatsign,"soda, soda pop","{""signpuddle_id"": ""194"", ""sign_fsw"": ""AS1bb51S2fe00S20348S2fe00S21400S20500S14c51S20500M515x538S20348494x481S1bb51488x462S20348494x523S14c51485x499"", ""source"": ""Adam Frost"", ""fps"": 30.0, ""duration"": 3.433, ""width"": 1280, ""height"": 720, ""codec"": ""h264""}"
videos/soda_soda_pop_pop.mp4,d74af74920fa58172d760158fcc343cd,0,0,en,ase,whatsthatsign,"soda, soda pop, pop, soft drink","{""signpuddle_id"": ""798"", ""sign_fsw"": ""AS1c551S2fe00S20348S2fe00S21400S20700S14c51S20500M519x538S20348490x481S1c551494x462S20348490x523S14c51481x499"", ""source"": ""Adam Frost"", ""fps"": 30.0, ""duration"": 3.0, ""width"": 1280, ""height"": 720, ""codec"": ""h264""}"
videos/soft.mp4,874d312e691fad0fe845f656ec9548a3,0,0,en,ase,whatsthatsign,soft,"{""signpuddle_id"": ""680"", ""sign_fsw"": ""AS14c31S2fe00S14c39S2fe00S38006S22f04S22f14S1853dS18535M538x532S14c31506x469S14c39468x469S22f04512x498S22f14462x498S1853d511x513S18535462x513"", ""source"": ""Adam Frost"", ""fps"": 30.0, ""duration"": 2.2, ""width"": 1280, ""height"": 720, ""codec"": ""h264""}"
videos/sometimes.mp4,a10a3cdff02032d16161423fa5b05416,0,0,en,ase,whatsthatsign,sometimes,"{""signpuddle_id"": ""454"", ""sign_fsw"": ""AS10041S2fe00S15a39S2fe00S21400S20e00S2ea00M528x521S15a39473x479S10041482x491S20e00497x490S2ea00513x483"", ""source"": ""Adam Frost"", ""fps"": 30.0, ""duration"": 3.1, ""width"": 1280, ""height"": 720, ""codec"": ""h264""}"
videos/son.mp4,0217437ddedd48f8bfd3b1adb0b0550e,0,0,en,ase,whatsthatsign,son,"{""signpuddle_id"": ""358"", ""sign_fsw"": ""AS15a11S30007S15a3aS2fe00S20500S22a03S15a32S38622S20500M533x551S2ff00482x483S15a11510x488S37806477x544S15a3a502x539S15a32474x527S22a03508x516"", ""source"": ""Adam Frost"", ""fps"": 29.97, ""duration"": 2.369, ""width"": 1280, ""height"": 720, ""codec"": ""h264""}"
videos/son_in_law_son-in-law.mp4,611f6ac8de690bdf00a8684b285042c8,0,0,en,ase,whatsthatsign,"son in law, son-in-law","{""signpuddle_id"": ""1387"", ""sign_fsw"": ""AS15a11S30007S15a3aS2fe00S20500S22a03S15a32S38622S20500S1dc40S2fe00S15a18S2fe00S21406S20500S22a04S20500M533x606S2ff00482x483S15a11510x488S37806477x544S15a3a502x539S15a32474x527S22a03508x516S15a18485x577S1dc40498x561S22a04513x588S20500500x595"", ""source"": ""Adam Frost"", ""fps"": 29.97, ""duration"": 2.87, ""width"": 1280, ""height"": 720, ""codec"": ""h264""}"
videos/soon.mp4,aacb22035d07a27de60d5c5abdf9d124,0,0,en,ase,whatsthatsign,soon,"{""signpuddle_id"": ""1015"", ""sign_fsw"": ""AS1ce02S30004S10006S20600S34400M533x535S34400482x483S1ce02477x513S20600511x515"", ""source"": ""Adam Frost"", ""fps"": 29.97, ""duration"": 2.369, ""width"": 1280, ""height"": 720, ""codec"": ""h264""}"
videos/sophomore_sophomores_10th_grade.mp4,eb34dd9affb1318c0f440ad7204426f2,0,0,en,ase,whatsthatsign,"sophomore, sophomores, 10th grade, second-year, second-year student, soph","{""signpuddle_id"": ""1841"", ""sign_fsw"": ""AS15a40S2fe00S14c0aS2fe00S21406S20600M535x515S14c0a466x492S15a40498x486S20600513x498"", ""source"": ""Adam Frost"", ""fps"": 29.97, ""duration"": 2.069, ""width"": 1280, ""height"": 720, ""codec"": ""h264""}"
videos/sore.mp4,0eaaca0c7f7ec3f5dd9d73b2630cfaea,0,0,en,ase,whatsthatsign,sore,"{""signpuddle_id"": ""740"", ""sign_fsw"": ""AS20340S2fe00S20348S2fe00S21400S21100S2e700M521x521S20340488x487S20348480x504S21100505x479S2e700506x496"", ""source"": ""Adam Frost"", ""fps"": 29.97, ""duration"": 2.502, ""width"": 1280, ""height"": 720, ""codec"": ""h264""}"
videos/sore_throat.mp4,ba80c7ed486fe75b83cef7ac9c981fee,0,0,en,ase,whatsthatsign,sore throat,"{""signpuddle_id"": ""729"", ""sign_fsw"": ""AS10012S36a00S1001aS36a00S26a02S26a16M536x567S2ff00482x483S10012506x521S26a02520x540S1001a465x521S26a16466x540"", ""source"": ""Adam Frost"", ""fps"": 30.0, ""duration"": 2.067, ""width"": 1280, ""height"": 720, ""codec"": ""h264""}"
videos/sorry_apology_apologize.mp4,96f5e9f22c33fab1f9efaf0fe159ad25,0,0,en,ase,whatsthatsign,"sorry, apology, apologize, regret","{""signpuddle_id"": ""786"", ""sign_fsw"": ""AS1f701S38510S10006S21100S2e500M511x520S1f701490x481S21100495x506"", ""source"": ""Adam Frost"", ""fps"": 29.97, ""duration"": 2.703, ""width"": 1280, ""height"": 720, ""codec"": ""h264""}"
videos/soup_spoon.mp4,48b178ac8331c86e123d9e57f132a62e,0,0,en,ase,whatsthatsign,"soup, spoon","{""signpuddle_id"": ""1071"", ""sign_fsw"": ""AS11532S2fe00S15a37S2fe00S21400S20e00S2ea00M519x533S15a37482x468S11532489x480S20e00491x493S2ea00491x508"", ""source"": ""Adam Frost"", ""fps"": 29.97, ""duration"": 2.736, ""width"": 1280, ""height"": 720, ""codec"": ""h264""}"
videos/sour_bitter_tart.mp4,0a909ec3ff841d665c66b9de18da6ecd,0,0,en,ase,whatsthatsign,"sour, bitter, tart, serious","{""signpuddle_id"": ""2073"", ""sign_fsw"": ""AS10010S30004S10006S20500S2df00M518x567S2ff00482x483S10010486x512S2df00482x546"", ""source"": ""Adam Frost"", ""fps"": 29.97, ""duration"": 1.735, ""width"": 1280, ""height"": 720, ""codec"": ""h264""}"
videos/sour_cream.mp4,6ea1f391a696af30ecbaf8b1c97bfa94,0,0,en,ase,whatsthatsign,sour cream,"{""signpuddle_id"": ""2336"", ""sign_fsw"": ""AS10010S30004S10006S20500S2df00S16d40S2fe00S15a39S2fe00S21400S21100S26503S20340M521x622S2ff00482x483S10010486x512S2df00482x546S15a39494x599S16d40503x579S26503488x588S20340484x605"", ""source"": ""Adam Frost"", ""fps"": 30.0, ""duration"": 2.0, ""width"": 1280, ""height"": 720, ""codec"": ""h264""}"
videos/south.mp4,387ff9af5831b58e9b2f4fea4df7dc68,0,0,en,ase,whatsthatsign,south,"{""signpuddle_id"": ""814"", ""sign_fsw"": ""AS20320S2fe00S10006S22a04M508x517S20320493x483S22a04494x502"", ""source"": ""Adam Frost"", ""fps"": 29.97, ""duration"": 1.935, ""width"": 1280, ""height"": 720, ""codec"": ""h264""}"
videos/south_southern.mp4,37688cdca67dad16e13a858cac95fc43,0,0,en,ase,whatsthatsign,"south, southern","{""signpuddle_id"": ""288"", ""sign_fsw"": ""AS20301S2fe00S10006S22a04M511x520S20301490x481S22a04494x505"", ""source"": ""Adam Frost"", ""fps"": 29.97, ""duration"": 2.069, ""width"": 1280, ""height"": 720, ""codec"": ""h264""}"
videos/sow_sowing_plant.mp4,fa9ac980c34c3ea4d0e2f138487f8019,0,0,en,ase,whatsthatsign,"sow, sowing, plant, planting","{""signpuddle_id"": ""869"", ""sign_fsw"": ""AS18551S2fe00S18559S2fe00S38006S26500S26510S1f750S1f758M532x528S18551505x509S18559468x509S26500515x491S26510471x491S1f750510x473S1f758470x473"", ""source"": ""Adam Frost"", ""fps"": 29.97, ""duration"": 2.236, ""width"": 1280, ""height"": 720, ""codec"": ""h264""}"
videos/specialize.mp4,3f47b0f64ce1de1c0b3493b0ab3f6f39,0,0,en,ase,whatsthatsign,specialize,"{""signpuddle_id"": ""1865"", ""sign_fsw"": ""AS10041S2fe00S15a48S2fe00S21400S21100S26500M514x528S15a48486x481S10041493x498S21100500x490S26500499x473"", ""source"": ""Adam Frost"", ""fps"": 29.97, ""duration"": 2.069, ""width"": 1280, ""height"": 720, ""codec"": ""h264""}"
videos/specific_goal.mp4,9ecddee7965efe518aad8f0e318bc7ca,0,0,en,ase,whatsthatsign,"specific, goal","{""signpuddle_id"": ""386"", ""sign_fsw"": ""AS10041S2fe00S10018S2fe00S38005S26501M524x523S10018476x478S10041491x481S26501511x510"", ""source"": ""Adam Frost"", ""fps"": 29.97, ""duration"": 2.436, ""width"": 1280, ""height"": 720, ""codec"": ""h264""}"
videos/spicy_hot.mp4,98467ba1bdf8b67fad136baaeb843b8f,0,0,en,ase,whatsthatsign,"spicy, hot","{""signpuddle_id"": ""2074"", ""sign_fsw"": ""AS14c53S33d00S10006S22513S27103M563x530S33b00482x483S14c53519x490S22513512x512S27103536x474"", ""source"": ""Adam Frost"", ""fps"": 29.97, ""duration"": 2.069, ""width"": 1280, ""height"": 720, ""codec"": ""h264""}"
videos/spider_spiders.mp4,56191a8f99242afb15be1da3040fc9da,0,0,en,ase,whatsthatsign,"spider, spiders","{""signpuddle_id"": ""1445"", ""sign_fsw"": ""AS14e51S2fe00S14e59S2fe00S21400S20500S22511S22517S26520M536x522S14e59497x493S14e51476x493S22511465x484S22517518x484S26520493x478"", ""source"": ""Adam Frost"", ""fps"": 29.97, ""duration"": 1.768, ""width"": 1280, ""height"": 720, ""codec"": ""h264""}"
videos/spill_spread_disperse.mp4,59d85e3c9cf6511ca6a9707c43f98724,0,0,en,ase,whatsthatsign,"spill, spread, disperse, scatter","{""signpuddle_id"": ""873"", ""sign_fsw"": ""AS18521S2fe00S18529S2fe00S21406S20500S26507S26511S14c57S14c5fM563x527S18521501x508S18529473x508S26507526x498S26511463x498S14c57537x473S14c5f438x473"", ""source"": ""Adam Frost"", ""fps"": 29.97, ""duration"": 2.769, ""width"": 1280, ""height"": 720, ""codec"": ""h264""}"
videos/splurging_squandering_wasting_money_on.mp4,ae2c009dab2ba57cb2e3f56dafbbf697,0,0,en,ase,whatsthatsign,"splurging, squandering, wasting money on, spending money on, prodigal","{""signpuddle_id"": ""867"", ""sign_fsw"": ""AS20331S38547S20339S38541S20500S20500S26a00S26a10S14c30S14c38M550x535S36d10479x484S20331516x513S20339464x514S26a00523x499S26a10451x499S14c30522x466S14c38455x466"", ""source"": ""Adam Frost"", ""fps"": 29.97, ""duration"": 2.436, ""width"": 1280, ""height"": 720, ""codec"": ""h264""}"
videos/sports.mp4,36e0d95e7aca259d379064b9c783541a,0,0,en,ase,whatsthatsign,sports,"{""signpuddle_id"": ""1775"", ""sign_fsw"": ""AS20320S2fe00S10006S14051S17620S11a20S1fb20S20320M516x570S20320498x431S14051485x450S17620498x478S11a20498x498S1fb20498x532S20320498x555"", ""source"": ""Adam Frost"", ""fps"": 29.97, ""duration"": 2.436, ""width"": 1280, ""height"": 720, ""codec"": ""h264""}"
videos/spotted_design_on_shirt.mp4,c5ae448d01c0bbd8633d1f066231f1d9,0,0,en,ase,whatsthatsign,spotted design on shirt,"{""signpuddle_id"": ""1074"", ""sign_fsw"": ""AS16d10S38517S16d18S38521S20500S20500S22a04S22a14S20500S20500S2fd04M521x540S2fd04494x532S16d10504x461S16d18479x476S20500508x484S20500482x499S22a04506x498S22a14481x512S20500508x515S20500482x529"", ""source"": ""Adam Frost"", ""fps"": 29.97, ""duration"": 2.669, ""width"": 1280, ""height"": 720, ""codec"": ""h264""}"
videos/spread_spread_on.mp4,4e7b0cce7fef15d9ff1fe8893f746d08,0,0,en,ase,whatsthatsign,"spread, spread on","{""signpuddle_id"": ""2213"", ""sign_fsw"": ""AS11541S2fe00S15a39S2fe00S21400S20e00S2a405M522x534S15a39486x466S11541494x476S2a405489x506S20e00479x493"", ""source"": ""Adam Frost"", ""fps"": 30.0, ""duration"": 1.966, ""width"": 1280, ""height"": 720, ""codec"": ""h264""}"
videos/sprinkle_sprinkling.mp4,eb167c914aaf94a2aa6415e43a6d3edd,0,0,en,ase,whatsthatsign,"sprinkle, sprinkling","{""signpuddle_id"": ""2212"", ""sign_fsw"": ""AS18511S2fe00S10006S22515S2ea02M520x518S18511492x499S22515481x493S2ea02495x482"", ""source"": ""Adam Frost"", ""fps"": 30.0, ""duration"": 1.6, ""width"": 1280, ""height"": 720, ""codec"": ""h264""}"
videos/square.mp4,1b2b7addc37e2a094c6080dd0de612de,0,0,en,ase,whatsthatsign,square,"{""signpuddle_id"": ""986"", ""sign_fsw"": ""AS10051S2fe00S10059S2fe00S21406S20500S24202S2421aS20500M531x528S10051501x472S10059470x472S23b34505x495S23b02500x509S23b3c479x495S23b1a479x509"", ""source"": ""Adam Frost"", ""fps"": 29.97, ""duration"": 2.736, ""width"": 1280, ""height"": 720, ""codec"": ""h264""}"
videos/squirrle_squirrels_beaver.mp4,46fd6c6651ad6dbe07ed47efad4e7e99,0,0,en,ase,whatsthatsign,"squirrle, squirrels, beaver, beavers","{""signpuddle_id"": ""1463"", ""sign_fsw"": ""AS11010S2fe00S11018S2fe00S21406S20600M516x520S11010501x493S11018485x493S20600489x480"", ""source"": ""Adam Frost"", ""fps"": 29.97, ""duration"": 1.802, ""width"": 1280, ""height"": 720, ""codec"": ""h264""}"
videos/stage.mp4,1dac24e8248739300b9fc7ad74713215,0,0,en,ase,whatsthatsign,stage,"{""signpuddle_id"": ""1877"", ""sign_fsw"": ""AS15a50S38620S10006S21100S26506M532x524S37605469x477S15a50489x497S21100501x488S26506517x488"", ""source"": ""Adam Frost"", ""fps"": 29.97, ""duration"": 1.935, ""width"": 1280, ""height"": 720, ""codec"": ""h264""}"
videos/stairs_go_upstairs_went_upstairs.mp4,98e5433db69e155558c82d72fd6d9e9f,0,0,en,ase,whatsthatsign,"stairs, go upstairs, went upstairs, upstairs","{""signpuddle_id"": ""342"", ""sign_fsw"": ""AS11050S2fe00S10006S22510S25500M511x534S11050492x507S22510489x491S25500494x466"", ""source"": ""Adam Frost"", ""fps"": 29.97, ""duration"": 1.835, ""width"": 1280, ""height"": 720, ""codec"": ""h264""}"
videos/stand.mp4,d35f553b3adf5c1064f72855ca6c9312,0,0,en,ase,whatsthatsign,stand,"{""signpuddle_id"": ""32"", ""sign_fsw"": ""AS10e04S2fe00S15a3aS2fe00S21400S20500M514x517S15a3a487x505S10e04495x483"", ""source"": ""Adam Frost"", ""fps"": 30.0, ""duration"": 3.0, ""width"": 1280, ""height"": 720, ""codec"": ""h264""}"
videos/star_stars.mp4,8c9ad05bfbf4ef345b6542d0ab3fcfb8,0,0,en,ase,whatsthatsign,"star, stars","{""signpuddle_id"": ""1856"", ""sign_fsw"": ""AS10020S2fe00S10028S2fe00S21406S20e00S23600S23614M547x531S10020501x481S10028484x470S20e00494x515S23600508x514S23614453x514"", ""source"": ""Adam Frost"", ""fps"": 29.97, ""duration"": 1.969, ""width"": 1280, ""height"": 720, ""codec"": ""h264""}"
videos/start_begin_beginning.mp4,fd7ed549966e0282e630b7aba9dff247,0,0,en,ase,whatsthatsign,"start, begin, beginning","{""signpuddle_id"": ""12"", ""sign_fsw"": ""AS10012S2fe00S14c49S2fe00S21406S21300S2c300M526x527S14c49474x500S10012489x503S21300475x480S2c300500x473"", ""source"": ""Adam Frost"", ""fps"": 29.97, ""duration"": 2.336, ""width"": 1280, ""height"": 720, ""codec"": ""h264""}"
videos/state.mp4,baf59ba1e7c71f543c622fe950462609,0,0,en,ase,whatsthatsign,state,"{""signpuddle_id"": ""1263"", ""sign_fsw"": ""AS20320S2fe00S15a18S2fe00S21406S20500S22a04S20500M522x517S15a18479x487S20320492x483S22a04509x497S20500495x506"", ""source"": ""Adam Frost"", ""fps"": 29.97, ""duration"": 1.835, ""width"": 1280, ""height"": 720, ""codec"": ""h264""}"
videos/stay.mp4,dc3c3756ded38d6e98c7ec0375287298,0,0,en,ase,whatsthatsign,stay,"{""signpuddle_id"": ""1491"", ""sign_fsw"": ""AS19a50S2fe00S10006S22a04M514x519S19a50486x481S22a04494x504"", ""source"": ""Adam Frost"", ""fps"": 30.0, ""duration"": 1.733, ""width"": 1280, ""height"": 720, ""codec"": ""h264""}"
videos/stay_remain.mp4,f46d08ad75a6e94e979dadf6f961536a,0,0,en,ase,whatsthatsign,"stay, remain","{""signpuddle_id"": ""1490"", ""sign_fsw"": ""AS19a50S2fe00S19a58S2fe00S38006S22a04S22a14M535x519S19a50507x481S19a58465x481S22a04515x504S22a14472x504"", ""source"": ""Adam Frost"", ""fps"": 29.97, ""duration"": 1.702, ""width"": 1280, ""height"": 720, ""codec"": ""h264""}"
videos/steal_steal_from.mp4,fdb26dc3caa2f479988c69f42be16047,0,0,en,ase,whatsthatsign,"steal, steal from","{""signpuddle_id"": ""855"", ""sign_fsw"": ""AS10e40S2fe00S10006S26504S11040M508x540S10e40493x461S26504494x494S11040493x513"", ""source"": ""Adam Frost"", ""fps"": 29.97, ""duration"": 2.436, ""width"": 1280, ""height"": 720, ""codec"": ""h264""}"
videos/steal_stole.mp4,e1d483c5337c2f2f0075dc9b5e180029,0,0,en,ase,whatsthatsign,"steal, stole","{""signpuddle_id"": ""854"", ""sign_fsw"": ""AS10e02S38611S10006S20e00S26506S11002M540x525S37602463x476S10e02461x510S26506494x511S11002513x510"", ""source"": ""Adam Frost"", ""fps"": 30.0, ""duration"": 2.0, ""width"": 1280, ""height"": 720, ""codec"": ""h264""}"
videos/step-.mp4,f9054fdaed04abb44a30864a05a3f77a,0,0,en,ase,whatsthatsign,step-,"{""signpuddle_id"": ""1375"", ""sign_fsw"": ""AS20320S2fe00S10006S1fb20S14a20S14051M516x543S20320498x458S1fb20498x477S14a20498x500S14051485x519"", ""source"": ""Adam Frost"", ""fps"": 29.97, ""duration"": 2.135, ""width"": 1280, ""height"": 720, ""codec"": ""h264""}"
videos/stiff.mp4,744465220cb96c6c9568b5e051579630,0,0,en,ase,whatsthatsign,stiff,"{""signpuddle_id"": ""1909"", ""sign_fsw"": ""AS20320S2fe00S10006S1fb20S19220S1ce20S1ce20M511x565S20320490x436S1fb20490x455S19220490x478S1ce20489x501S1ce20489x535"", ""source"": ""Adam Frost"", ""fps"": 29.97, ""duration"": 1.969, ""width"": 1280, ""height"": 720, ""codec"": ""h264""}"
videos/still.mp4,ca547f017617a08ab85bccd2f22a77bc,0,0,en,ase,whatsthatsign,still,"{""signpuddle_id"": ""183"", ""sign_fsw"": ""AS19a50S2fe00S19a58S2fe00S38006S2d200S2d211M533x525S19a50505x476S19a58467x476S2d200507x502S2d211467x502"", ""source"": ""Adam Frost"", ""fps"": 29.97, ""duration"": 2.936, ""width"": 1280, ""height"": 720, ""codec"": ""h264""}"
videos/stink_smelly.mp4,b38d936fdbaae1bac616f3a5e431065c,0,0,en,ase,whatsthatsign,"stink, smelly","{""signpuddle_id"": ""1970"", ""sign_fsw"": ""AS1ce02S33200S10006S20800M520x527S33100482x483S1ce02477x505S20800510x514"", ""source"": ""Adam Frost"", ""fps"": 29.97, ""duration"": 1.802, ""width"": 1280, ""height"": 720, ""codec"": ""h264""}"
videos/stir.mp4,97aa701e788619531dcb2d4bbb042170,0,0,en,ase,whatsthatsign,stir,"{""signpuddle_id"": ""2206"", ""sign_fsw"": ""AS1ea13S2fe00S16d48S2fe00S37f07S2ea02M517x532S16d48483x512S1ea13495x486S2ea02492x468"", ""source"": ""Adam Frost"", ""fps"": 30.0, ""duration"": 2.066, ""width"": 1280, ""height"": 720, ""codec"": ""h264""}"
videos/stomach.mp4,b4d6ffd64fd4ce36d51089b76c9d8e7d,0,0,en,ase,whatsthatsign,stomach,"{""signpuddle_id"": ""2012"", ""sign_fsw"": ""AS15a02S38530S10006S20600M521x525S36d00479x475S15a02487x500S20600492x514"", ""source"": ""Adam Frost"", ""fps"": 29.97, ""duration"": 1.869, ""width"": 1280, ""height"": 720, ""codec"": ""h264""}"
videos/stomach_rash.mp4,033bab884505175645388f0a552f8d7a,0,0,en,ase,whatsthatsign,stomach rash,"{""signpuddle_id"": ""2386"", ""sign_fsw"": ""AS10000S30004S10006S20e00S22a04S21600S14c02S38530S10006S2e300M527x652S2ff00482x483S10000487x511S20e00514x514S22a04514x528S21600516x545S36d00479x568S14c02483x599S2e300490x625"", ""source"": ""Adam Frost"", ""fps"": 30.0, ""duration"": 2.3, ""width"": 1280, ""height"": 720, ""codec"": ""h264""}"
videos/stomach_stomach_area.mp4,520e8c0ff40c5af1937fded4b63831d8,0,0,en,ase,whatsthatsign,"stomach, stomach area","{""signpuddle_id"": ""738"", ""sign_fsw"": ""AS14c02S38530S10006S2e300M521x541S36d00479x459S14c02483x490S2e300490x514"", ""source"": ""Adam Frost"", ""fps"": 30.0, ""duration"": 1.967, ""width"": 1280, ""height"": 720, ""codec"": ""h264""}"
videos/stone_rock_pebble.mp4,8244fc4b2a00d2fb8cf74d34ea438c36,0,0,en,ase,whatsthatsign,"stone, rock, pebble, boulder, concrete, cement, prom","{""signpuddle_id"": ""2079"", ""sign_fsw"": ""AS20310S38404S10006S20e00S26a00M538x540S2ff00482x483S20310492x519S20e00518x528S26a00511x512"", ""source"": ""Adam Frost"", ""fps"": 29.97, ""duration"": 1.869, ""width"": 1280, ""height"": 720, ""codec"": ""h264""}"
videos/stop_halt_cease.mp4,0f1be06cef85337969f28083f97afae3,0,0,en,ase,whatsthatsign,"stop, halt, cease, terminate, discontinue","{""signpuddle_id"": ""962"", ""sign_fsw"": ""AS15a40S2fe00S15a39S2fe00S21400S22a04S20500M513x516S15a39490x493S15a40488x484"", ""source"": ""Adam Frost"", ""fps"": 29.97, ""duration"": 2.436, ""width"": 1280, ""height"": 720, ""codec"": ""h264""}"
videos/store.mp4,2f8f39691a023f803a4c0ad3e71e962a,0,0,en,ase,whatsthatsign,store,"{""signpuddle_id"": ""330"", ""sign_fsw"": ""AS18521S2fe00S18529S2fe00S38006S2d300S2d311M543x523S18521510x504S18529464x504S2d300504x477S2d311458x477"", ""source"": ""Adam Frost"", ""fps"": 29.97, ""duration"": 2.302, ""width"": 1280, ""height"": 720, ""codec"": ""h264""}"
videos/story.mp4,20d4a26ae163d33196704ebfe3b41c47,0,0,en,ase,whatsthatsign,story,"{""signpuddle_id"": ""160"", ""sign_fsw"": ""AS18510S2fe00S18548S2fe00S21406S21000S26a06S26a12M527x526S18548477x474S18510500x479S21000490x505S26a06513x499S26a12473x499"", ""source"": ""Adam Frost"", ""fps"": 30.0, ""duration"": 2.267, ""width"": 1280, ""height"": 720, ""codec"": ""h264""}"
videos/stove.mp4,cbfdc455e4e63a11320eee87c61b07bb,0,0,en,ase,whatsthatsign,stove,"{""signpuddle_id"": ""704"", ""sign_fsw"": ""AS20320S2fe00S10006S1fb20S17620S10e20S14a20M508x556S20320492x445S1fb20492x464S17620492x487S10e20492x507S14a20492x541"", ""source"": ""Adam Frost"", ""fps"": 29.97, ""duration"": 3.37, ""width"": 1280, ""height"": 720, ""codec"": ""h264""}"
videos/strange_odd_peculiar.mp4,36faa3c47dbbaa06a73f974630919664,0,0,en,ase,whatsthatsign,"strange, odd, peculiar, bizarre, weird","{""signpuddle_id"": ""1965"", ""sign_fsw"": ""AS16d17S2ff00S10006S28802S16d11M535x526S2ff00482x483S16d17515x503S28802489x494S16d11465x506"", ""source"": ""Adam Frost"", ""fps"": 29.97, ""duration"": 1.935, ""width"": 1280, ""height"": 720, ""codec"": ""h264""}"
videos/strawberry.mp4,cebc3b99184d22aec5278b8fd1b132d3,0,0,en,ase,whatsthatsign,strawberry,"{""signpuddle_id"": ""999"", ""sign_fsw"": ""AS17610S2fe00S1000aS2fe00S21406S20a00S2c400M543x514S17610483x492S1000a457x499S2c400503x487"", ""source"": ""Adam Frost"", ""fps"": 29.97, ""duration"": 2.703, ""width"": 1280, ""height"": 720, ""codec"": ""h264""}"
videos/streaming_stream_downloading.mp4,be2ff8033bb9a45eb25ce86f28dfe2c5,0,0,en,ase,whatsthatsign,"streaming, stream, downloading, download","{""signpuddle_id"": ""1756"", ""sign_fsw"": ""AS14440S2fe00S14448S2fe00S37f07S23003S23013M539x531S14440517x470S14448474x481S23003500x493S23013461x506"", ""source"": ""Adam Frost"", ""fps"": 29.97, ""duration"": 2.035, ""width"": 1280, ""height"": 720, ""codec"": ""h264""}"
videos/strong_strength.mp4,9e6d51a7de80fe6650e8bd9dede20d67,0,0,en,ase,whatsthatsign,"strong, strength","{""signpuddle_id"": ""1966"", ""sign_fsw"": ""AS20301S2fe00S20309S2fe00S38005S26500S26510M526x527S20301505x506S20309474x492S26500509x487S26510477x473"", ""source"": ""Adam Frost"", ""fps"": 29.97, ""duration"": 1.702, ""width"": 1280, ""height"": 720, ""codec"": ""h264""}"
videos/stuck_trap.mp4,71d3cc00efdbb2c273e51fb2dfed66bb,0,0,en,ase,whatsthatsign,"stuck, trap","{""signpuddle_id"": ""1656"", ""sign_fsw"": ""AS10e00S36a00S10006S20500M518x547S36a00482x477S10e00491x517"", ""source"": ""Adam Frost"", ""fps"": 29.97, ""duration"": 1.702, ""width"": 1280, ""height"": 720, ""codec"": ""h264""}"
videos/stuck_up_snob_snobbish.mp4,686ebc44dd4bf1bb8ffd66198e303eaf,0,0,en,ase,whatsthatsign,"stuck up, snob, snobbish, arrogant","{""signpuddle_id"": ""1688"", ""sign_fsw"": ""AS1a010S33200S10006S20e00S22f00M543x531S33100482x483S1a010478x502S20e00524x500S22f00518x484"", ""source"": ""Adam Frost"", ""fps"": 29.97, ""duration"": 2.202, ""width"": 1280, ""height"": 720, ""codec"": ""h264""}"
videos/student_learner_pupil.mp4,795aaf786852fe204a0c3b82fe414f6c,0,0,en,ase,whatsthatsign,"student, learner, pupil","{""signpuddle_id"": ""101"", ""sign_fsw"": ""AS14c51S2fe00S15a37S2fe00S21400S20500S23f04S18551S15a40M530x539S15a37471x482S14c51478x490S23f04503x481S18551503x462S15a40512x512"", ""source"": ""Adam Frost"", ""fps"": 29.97, ""duration"": 2.603, ""width"": 1280, ""height"": 720, ""codec"": ""h264""}"
videos/study.mp4,2ecde97dbcd03e8706311cdba66bf1c8,0,0,en,ase,whatsthatsign,study,"{""signpuddle_id"": ""1511"", ""sign_fsw"": ""AS14c50S2fe00S15a0aS2fe00S21404S26a00S20600M515x529S15a0a488x471S14c50487x481S26a00486x515"", ""source"": ""Adam Frost"", ""fps"": 29.97, ""duration"": 2.002, ""width"": 1280, ""height"": 720, ""codec"": ""h264""}"
videos/study_studied_studying.mp4,c085ecbaa0e98739c5c63b30aa7f199d,0,0,en,ase,whatsthatsign,"study, studied, studying, studies","{""signpuddle_id"": ""1510"", ""sign_fsw"": ""AS14c50S2fe00S15a0aS2fe00S38004S22510M514x531S15a0a487x469S14c50487x500S22510488x484"", ""source"": ""Adam Frost"", ""fps"": 29.97, ""duration"": 1.869, ""width"": 1280, ""height"": 720, ""codec"": ""h264""}"
videos/studying_studying_continuously.mp4,3b3a59995db9ed0c571abe53b06601bf,0,0,en,ase,whatsthatsign,"studying, studying continuously","{""signpuddle_id"": ""2241"", ""sign_fsw"": ""AS14c50S2fe00S15a0aS2fe00S38004S22510S2ea20M514x545S15a0a487x455S14c50487x486S22510488x470S2ea20493x520"", ""source"": ""Adam Frost"", ""fps"": 30.0, ""duration"": 2.2, ""width"": 1280, ""height"": 720, ""codec"": ""h264""}"
videos/studying_studying_repetitively.mp4,162dc35f47c6f9ddf4798f93a538a96f,0,0,en,ase,whatsthatsign,"studying, studying repetitively","{""signpuddle_id"": ""2236"", ""sign_fsw"": ""AS14c50S2fe00S15a0aS2fe00S38004S22510S26a00M514x540S15a0a487x460S14c50487x491S22510488x475S26a00486x526"", ""source"": ""Adam Frost"", ""fps"": 30.0, ""duration"": 2.0, ""width"": 1280, ""height"": 720, ""codec"": ""h264""}"
videos/stupid.mp4,e64bc48bcdc7db24b09f8716d16f627f,0,0,en,ase,whatsthatsign,stupid,"{""signpuddle_id"": ""1723"", ""sign_fsw"": ""AS10011S30007S10006S20500S10e51S2fe00S10e59S2fe00S21404S20500M537x556S2ff00482x483S10011516x491S22a03513x521S10e51491x531S10e59472x527"", ""source"": ""Adam Frost"", ""fps"": 29.97, ""duration"": 2.269, ""width"": 1280, ""height"": 720, ""codec"": ""h264""}"
videos/subject.mp4,4106de53edb7b30e80e63408a730251c,0,0,en,ase,whatsthatsign,subject,"{""signpuddle_id"": ""401"", ""sign_fsw"": ""AS20320S2fe00S10006S11520S14720S19220S2a20cS14a20S16d20S1fb20M519x590S20320498x410S11520498x429S14720499x463S19220498x505S2a20c482x489S14a20498x528S16d20497x547S1fb20498x571"", ""source"": ""Adam Frost"", ""fps"": 30.0, ""duration"": 2.967, ""width"": 1280, ""height"": 720, ""codec"": ""h264""}"
videos/subtract_subtraction_deduct.mp4,7f8bba79d6c7f20eed01841a4a1c1491,0,0,en,ase,whatsthatsign,"subtract, subtraction, deduct, reduction, remove","{""signpuddle_id"": ""1076"", ""sign_fsw"": ""AS14e20S2fe00S15a49S2fe00S21415S20e00S22a04S20350M516x545S15a49484x455S14e20491x464S20e00498x497S22a04498x512S20350498x530"", ""source"": ""Adam Frost"", ""fps"": 30.0, ""duration"": 1.9, ""width"": 1280, ""height"": 720, ""codec"": ""h264""}"
videos/subway.mp4,331b702c739f1d52fea58708464f849c,0,0,en,ase,whatsthatsign,subway,"{""signpuddle_id"": ""1183"", ""sign_fsw"": ""AS19a30S2fe00S15a1aS2fe00S21404S21100S27106M531x521S15a1a477x479S19a30470x488S21100500x494S27106516x481"", ""source"": ""Adam Frost"", ""fps"": 29.97, ""duration"": 2.402, ""width"": 1280, ""height"": 720, ""codec"": ""h264""}"
videos/success_successful.mp4,1dbd616a701629567d69e99ce6e0ce36,0,0,en,ase,whatsthatsign,"success, successful","{""signpuddle_id"": ""1993"", ""sign_fsw"": ""AS10000S2fe00S10008S2fe00S38006S24f09S24f11M551x529S10000508x499S10008478x499S24f09523x472S24f11450x472"", ""source"": ""Adam Frost"", ""fps"": 29.97, ""duration"": 2.135, ""width"": 1280, ""height"": 720, ""codec"": ""h264""}"
videos/suffer_suffering.mp4,29f306c9ab786c759d5589799b8716b3,0,0,en,ase,whatsthatsign,"suffer, suffering","{""signpuddle_id"": ""2043"", ""sign_fsw"": ""AS1f711S33d00S10006S21100S25034M524x573S33b00482x483S1f711482x510S21100506x519S25034502x537"", ""source"": ""Adam Frost"", ""fps"": 29.97, ""duration"": 2.202, ""width"": 1280, ""height"": 720, ""codec"": ""h264""}"
videos/sugar_diabetes_sweet.mp4,fe18f9c753ddac746400bc777013b18e,0,0,en,ase,whatsthatsign,"sugar, diabetes, sweet, diabetic","{""signpuddle_id"": ""1716"", ""sign_fsw"": ""AS15a00S30004S10006S20e00S22f04M532x546S2ff00482x483S15a00494x510S20e00513x517S22f04507x532"", ""source"": ""Adam Frost"", ""fps"": 29.97, ""duration"": 2.002, ""width"": 1280, ""height"": 720, ""codec"": ""h264""}"
videos/suggest_suggestion_recommend.mp4,9654e6f5e04c9bad5dbb8fd0542e368b,0,0,en,ase,whatsthatsign,"suggest, suggestion, recommend, recommendation, propose, proposal, proposition, offer, offering","{""signpuddle_id"": ""561"", ""sign_fsw"": ""AS15a30S2fe00S15a38S2fe00S38006S2b700S2b711M522x527S15a30510x500S15a38479x500S2b700502x474S2b711480x474"", ""source"": ""Adam Frost"", ""fps"": 29.97, ""duration"": 2.236, ""width"": 1280, ""height"": 720, ""codec"": ""h264""}"
videos/summer.mp4,994413031791e485a87691a4e33a4525,0,0,en,ase,whatsthatsign,summer,"{""signpuddle_id"": ""860"", ""sign_fsw"": ""AS10012S30000S10006S20e00S26a06S10612M598x518S2ff00482x483S10012505x488S20e00538x489S26a06553x481S10612572x488"", ""source"": ""Adam Frost"", ""fps"": 29.97, ""duration"": 3.27, ""width"": 1280, ""height"": 720, ""codec"": ""h264""}"
videos/summon_call.mp4,6c56a3820e16aeee447a100a8dfb8373,0,0,en,ase,whatsthatsign,"summon, call","{""signpuddle_id"": ""2135"", ""sign_fsw"": ""AS15a50S2fe00S15a5aS2fe00S21400S20500S26504S1f720M514x536S15a5a487x464S15a50497x473S26504496x503S1f720490x521"", ""source"": ""Adam Frost"", ""fps"": 30.0, ""duration"": 1.767, ""width"": 1280, ""height"": 720, ""codec"": ""h264""}"
videos/sun.mp4,cc3df2690c4d34a7adb3e99b0ce6d801,0,0,en,ase,whatsthatsign,sun,"{""signpuddle_id"": ""371"", ""sign_fsw"": ""AS16d10S31410S10006S20500S22a07M536x518S2ff00482x483S16d10507x482S22a07523x470"", ""source"": ""Adam Frost"", ""fps"": 30.0, ""duration"": 2.267, ""width"": 1280, ""height"": 720, ""codec"": ""h264""}"
videos/sunbathe_sunbathing_suntanning.mp4,cc830567fe2cd37a62c81b8e8c88789e,0,0,en,ase,whatsthatsign,"sunbathe, sunbathing, suntanning","{""signpuddle_id"": ""1604"", ""sign_fsw"": ""AS15711S30007S10006S2e500M547x518S2ff00482x483S15711514x465S2e500524x487"", ""source"": ""Adam Frost"", ""fps"": 30.0, ""duration"": 2.133, ""width"": 1280, ""height"": 720, ""codec"": ""h264""}"
videos/sunglasses.mp4,b744646f2c39416797b7a70810dc7140,0,0,en,ase,whatsthatsign,sunglasses,"{""signpuddle_id"": ""1053"", ""sign_fsw"": ""AS20320S2fe00S10006S11520S11920S1ed17S31410S1ed1fS31420S20600S20600M536x529S20320493x394S11520493x412S11920487x446S2ff00482x483S1ed17510x489S1ed1f465x489S20600464x518S20600514x518"", ""source"": ""Adam Frost"", ""fps"": 30.0, ""duration"": 3.6, ""width"": 1280, ""height"": 720, ""codec"": ""h264""}"
videos/sunrise.mp4,a9f6d1c4a4934b5382606d07d071ce7a,0,0,en,ase,whatsthatsign,sunrise,"{""signpuddle_id"": ""374"", ""sign_fsw"": ""AS16d10S2fe00S15a1aS2fe00S38000S22a00M521x518S16d10483x498S15a1a479x484S22a00508x483"", ""source"": ""Adam Frost"", ""fps"": 29.97, ""duration"": 2.135, ""width"": 1280, ""height"": 720, ""codec"": ""h264""}"
videos/sunset.mp4,cda16eec266d189e41ae32b7f18e75a2,0,0,en,ase,whatsthatsign,sunset,"{""signpuddle_id"": ""1725"", ""sign_fsw"": ""AS16d10S2fe00S15a1aS2fe00S38000S22a04M521x518S16d10483x482S15a1a479x504S22a04508x503"", ""source"": ""Adam Frost"", ""fps"": 29.97, ""duration"": 2.069, ""width"": 1280, ""height"": 720, ""codec"": ""h264""}"
videos/sunshine.mp4,eafacaadfd47978845de6cc95b070107,0,0,en,ase,whatsthatsign,sunshine,"{""signpuddle_id"": ""1735"", ""sign_fsw"": ""AS18510S30007S10006S2ef00S22a03S14c11M577x518S2ff00482x483S18510536x449S2ef00559x436S22a03534x460S14c11508x464"", ""source"": ""Adam Frost"", ""fps"": 29.97, ""duration"": 2.069, ""width"": 1280, ""height"": 720, ""codec"": ""h264""}"
videos/suntan_lotion_sunscreen_lotion_sunscreen.mp4,aaf3b6874c1042b12d9a6fc50c77f578,0,0,en,ase,whatsthatsign,"suntan lotion, sunscreen lotion, sunscreen","{""signpuddle_id"": ""1736"", ""sign_fsw"": ""AS18510S30007S10006S2ef00S22a03S14c11S15a51S2fe00S2035aS2fe00S21400S21100S2ea06M577x566S2ff00482x483S18510536x449S2ef00559x436S22a03534x460S14c11508x464S2035a487x537S15a51501x543S21100503x526"", ""source"": ""Adam Frost"", ""fps"": 29.97, ""duration"": 2.603, ""width"": 1280, ""height"": 720, ""codec"": ""h264""}"
videos/superior_supreme_dominant.mp4,262146751f0cc9719a37fd085392e843,0,0,en,ase,whatsthatsign,"superior, supreme, dominant","{""signpuddle_id"": ""395"", ""sign_fsw"": ""AS1f540S2fe00S1f548S2fe00S37f06S28801M520x527S1f540481x473S1f548481x503S28801500x483"", ""source"": ""Adam Frost"", ""fps"": 29.97, ""duration"": 2.302, ""width"": 1280, ""height"": 720, ""codec"": ""h264""}"
videos/support.mp4,352261a09a9d307a542267eda0a59c04,0,0,en,ase,whatsthatsign,support,"{""signpuddle_id"": ""1942"", ""sign_fsw"": ""AS20301S2fe00S20309S2fe00S21405S20600M523x519S20301484x498S20309478x482S20600501x491"", ""source"": ""Adam Frost"", ""fps"": 29.97, ""duration"": 2.002, ""width"": 1280, ""height"": 720, ""codec"": ""h264""}"
videos/surf_surfing.mp4,b85b17116699aa07dfaaf26d29fe7583,0,0,en,ase,whatsthatsign,"surf, surfing","{""signpuddle_id"": ""1728"", ""sign_fsw"": ""AS11504S2fe00S15a59S2fe00S21400S20500S26a20M514x531S15a59488x508S11504493x487S26a20487x470"", ""source"": ""Adam Frost"", ""fps"": 29.97, ""duration"": 1.935, ""width"": 1280, ""height"": 720, ""codec"": ""h264""}"
videos/surprise_surprises_surprising.mp4,a0aa13fa4fed104dd9f32662bb193155,0,0,en,ase,whatsthatsign,"surprise, surprises, surprising, surprised, surprisingly","{""signpuddle_id"": ""1593"", ""sign_fsw"": ""AS1eb10S31410S1eb18S31420S26507S26511S1dc10S1dc18M577x518S2ff00482x483S1eb10513x490S1eb18463x490S26507539x479S26511448x479S1dc10553x447S1dc18423x447"", ""source"": ""Adam Frost"", ""fps"": 29.97, ""duration"": 1.935, ""width"": 1280, ""height"": 720, ""codec"": ""h264""}"
videos/sushi.mp4,38c0562dcc488e18cca5e9ab308bb665,0,0,en,ase,whatsthatsign,sushi,"{""signpuddle_id"": ""1051"", ""sign_fsw"": ""AS11551S2fe00S17139S2fe00S21400S20600M528x516S17139497x484S11551501x491S20600473x489"", ""source"": ""Adam Frost"", ""fps"": 29.97, ""duration"": 2.436, ""width"": 1280, ""height"": 720, ""codec"": ""h264""}"
videos/suspect_suspected_suspicious.mp4,92a784baa59b51aa23f8e3f6273c9606,0,0,en,ase,whatsthatsign,"suspect, suspected, suspicious, skeptical","{""signpuddle_id"": ""2037"", ""sign_fsw"": ""AS10001S30006S10006S20e00S26a00S21800M542x529S2ff00482x483S10001510x499S20e00522x495S26a00515x479S21800520x468"", ""source"": ""Adam Frost"", ""fps"": 29.97, ""duration"": 2.002, ""width"": 1280, ""height"": 720, ""codec"": ""h264""}"
videos/sweat_perspire.mp4,b635e447117fb1e1eaa16d53a51c043a,0,0,en,ase,whatsthatsign,"sweat, perspire","{""signpuddle_id"": ""2046"", ""sign_fsw"": ""AS20311S30006S20319S30002S22a04S22a14S14c13S14c1bM545x557S2ff00482x483S20311522x492S20319457x492S22a04526x516S22a14461x516S14c13518x531S14c1b456x531"", ""source"": ""Adam Frost"", ""fps"": 29.97, ""duration"": 2.236, ""width"": 1280, ""height"": 720, ""codec"": ""h264""}"
videos/sweater_sweatshirt_put_on_shirt.mp4,69163c10070e8d6984ba5a2d9b8d24d5,0,0,en,ase,whatsthatsign,"sweater, sweatshirt, put on shirt, put on top, pull down shirt, pull down top","{""signpuddle_id"": ""248"", ""sign_fsw"": ""AS1f704S38517S1f70cS38511S21100S22a04S22a14M529x518S1f70c472x483S1f704509x483S21100494x494S22a04515x503S22a14473x503"", ""source"": ""Adam Frost"", ""fps"": 29.97, ""duration"": 2.603, ""width"": 1280, ""height"": 720, ""codec"": ""h264""}"
videos/sweep_broom.mp4,e537d61cf7c23b1d5f16a3e0af832ee4,0,0,en,ase,whatsthatsign,"sweep, broom","{""signpuddle_id"": ""1523"", ""sign_fsw"": ""AS20340S2fe00S20348S2fe00S37f04S2a32cM521x521S20340506x501S20348506x479S2a32c479x481"", ""source"": ""Adam Frost"", ""fps"": 30.0, ""duration"": 2.3, ""width"": 1280, ""height"": 720, ""codec"": ""h264""}"
videos/sweet.mp4,6b94c4d4d711cf62287ee11d2547242f,0,0,en,ase,whatsthatsign,sweet,"{""signpuddle_id"": ""1717"", ""sign_fsw"": ""AS15a00S30004S10006S20e00S22a04M521x547S2ff00482x483S15a00494x510S20e00508x517S22a04508x532"", ""source"": ""Adam Frost"", ""fps"": 30.0, ""duration"": 1.6, ""width"": 1280, ""height"": 720, ""codec"": ""h264""}"
videos/swim_swims_swimming.mp4,3b75fad92edfc8380cfcfdb53b4e65a0,0,0,en,ase,whatsthatsign,"swim, swims, swimming","{""signpuddle_id"": ""636"", ""sign_fsw"": ""AS15a51S2fe00S15a57S2fe00S38006S2d508S2d510S2d508S2d510M542x521S15a51503x498S15a57475x498S2d508520x479S2d510459x479S2d508520x490S2d510459x490"", ""source"": ""Adam Frost"", ""fps"": 29.97, ""duration"": 2.069, ""width"": 1280, ""height"": 720, ""codec"": ""h264""}"
videos/swimming_pool.mp4,78a7ddcbcc08026e1f5acad229a054ab,0,0,en,ase,whatsthatsign,swimming pool,"{""signpuddle_id"": ""2380"", ""sign_fsw"": ""AS15a51S2fe00S15a57S2fe00S38006S2d508S2d510S2d508S2d510S14051S2fe00S10006S17620S17620S1dc20M542x575S15a51503x445S15a57475x445S2d508520x426S2d510459x426S2d508520x437S2d510459x437S14051485x478S17620498x506S17620498x526S1dc20490x545"", ""source"": ""Adam Frost"", ""fps"": 30.0, ""duration"": 2.367, ""width"": 1280, ""height"": 720, ""codec"": ""h264""}"
videos/swirl_design_on_shirt.mp4,67950ff4b9d844742f751da6f528773d,0,0,en,ase,whatsthatsign,swirl design on shirt,"{""signpuddle_id"": ""1073"", ""sign_fsw"": ""AS15402S38517S1540aS38521S21100S21100S2e500S2e51cM525x526S21100482x512S15402500x475S1540a476x494S21100506x493"", ""source"": ""Adam Frost"", ""fps"": 29.97, ""duration"": 2.936, ""width"": 1280, ""height"": 720, ""codec"": ""h264""}"
videos/swollen_swell_swelling.mp4,08c1297f5c94da8ec3a1a9233a67154d,0,0,en,ase,whatsthatsign,"swollen, swell, swelling","{""signpuddle_id"": ""731"", ""sign_fsw"": ""AS15440S2fe00S15448S2fe00S38006S26506S26512M541x513S15440505x488S15448480x488S26506526x495S26512459x495"", ""source"": ""Adam Frost"", ""fps"": 29.97, ""duration"": 3.337, ""width"": 1280, ""height"": 720, ""codec"": ""h264""}"
videos/table_desk_desktop.mp4,3b64e7f8efc7876d7cc1ad21496e4506,0,0,en,ase,whatsthatsign,"table, desk, desktop, booth, platform","{""signpuddle_id"": ""293"", ""sign_fsw"": ""AS15a12S38620S15a1aS38626S20600M539x513S15a1a512x501S15a12482x487S37806487x501S20600462x496"", ""source"": ""Adam Frost"", ""fps"": 29.97, ""duration"": 2.669, ""width"": 1280, ""height"": 720, ""codec"": ""h264""}"
videos/tail.mp4,b0eb511c65de82c98c1bd757467cccc4,0,0,en,ase,whatsthatsign,tail,"{""signpuddle_id"": ""263"", ""sign_fsw"": ""AS1fb20S2fe00S10006S1f720S19220S1dc20M515x548S1fb20494x453S1f720489x476S19220494x495S1dc20485x518"", ""source"": ""Adam Frost"", ""fps"": 30.0, ""duration"": 2.367, ""width"": 1280, ""height"": 720, ""codec"": ""h264""}"
videos/take_a_picture_taking_a_picture_photograph.mp4,c646c2297e9ee2c5d6afbe648202f296,0,0,en,ase,whatsthatsign,"take a picture, taking a picture, photograph, photographed","{""signpuddle_id"": ""917"", ""sign_fsw"": ""AS1ed10S30007S1ed18S30001S21600M546x518S2ff00482x483S1ed10520x486S1ed18454x486S21600522x476"", ""source"": ""Adam Frost"", ""fps"": 30.0, ""duration"": 2.4, ""width"": 1280, ""height"": 720, ""codec"": ""h264""}"
videos/take_care_take_care_of_babysit.mp4,5cef95d0bfa3c2fe7d468bd93b7c0a7f,0,0,en,ase,whatsthatsign,"take care, take care of, babysit, careful","{""signpuddle_id"": ""1525"", ""sign_fsw"": ""AS14040S2fe00S14049S2fe00S21400S20600M528x524S14049497x500S14040482x476S20600472x505"", ""source"": ""Adam Frost"", ""fps"": 29.97, ""duration"": 1.969, ""width"": 1280, ""height"": 720, ""codec"": ""h264""}"
videos/take_grab.mp4,058a436257a77840e9ed62cb0fd9e992,0,0,en,ase,whatsthatsign,"take, grab","{""signpuddle_id"": ""791"", ""sign_fsw"": ""AS14c50S2fe00S10006S26504S20350M512x535S14c50488x466S26504493x501S20350493x520"", ""source"": ""Adam Frost"", ""fps"": 30.0, ""duration"": 1.733, ""width"": 1280, ""height"": 720, ""codec"": ""h264""}"
videos/take_it_easy_chill_relax.mp4,51bf74bcae06565103c44f8b1695d185,0,0,en,ase,whatsthatsign,"take it easy, chill, relax, hang out","{""signpuddle_id"": ""2218"", ""sign_fsw"": ""AS14c50S2fe00S14c58S2fe00S38006S28802S28812S2880aS2881aM531x531S14c50507x469S14c58469x469S28802507x504S28812470x504S2880a509x519S2881a471x519"", ""source"": ""Adam Frost"", ""fps"": 30.0, ""duration"": 2.133, ""width"": 1280, ""height"": 720, ""codec"": ""h264""}"
videos/take_me_took_me_grab_me.mp4,f956abb7e067c2bb10aa89e694d9efa2,0,0,en,ase,whatsthatsign,"take me, took me, grab me, grabbed me, take from me, took from me","{""signpuddle_id"": ""865"", ""sign_fsw"": ""AS14c01S2fe00S10006S26500S20301M514x533S14c01487x506S26500496x492S20301493x468"", ""source"": ""Adam Frost"", ""fps"": 30.0, ""duration"": 1.967, ""width"": 1280, ""height"": 720, ""codec"": ""h264""}"
videos/talk_talking_speak.mp4,8622333498d1612f17129b7850e10f9c,0,0,en,ase,whatsthatsign,"talk, talking, speak, speaking","{""signpuddle_id"": ""71"", ""sign_fsw"": ""AS14410S30004S10006S20600M537x541S2ff00482x483S14410491x510S20600515x511"", ""source"": ""Adam Frost"", ""fps"": 29.97, ""duration"": 2.436, ""width"": 1280, ""height"": 720, ""codec"": ""h264""}"
videos/tan.mp4,fbd9f9137423e6cf53c4f1be69c85643,0,0,en,ase,whatsthatsign,tan,"{""signpuddle_id"": ""916"", ""sign_fsw"": ""AS1fb20S30005S10006S21100S22a04M522x557S2ff00482x483S1fb20507x504S21100508x526S22a04508x542"", ""source"": ""Adam Frost"", ""fps"": 29.97, ""duration"": 2.636, ""width"": 1280, ""height"": 720, ""codec"": ""h264""}"
videos/taste.mp4,be196dbe07f2ba16fd249a3077d61259,0,0,en,ase,whatsthatsign,taste,"{""signpuddle_id"": ""2324"", ""sign_fsw"": ""AS1c507S33d00S10006S20500M524x537S33b00482x483S1c507499x512"", ""source"": ""Adam Frost"", ""fps"": 30.0, ""duration"": 1.5, ""width"": 1280, ""height"": 720, ""codec"": ""h264""}"
videos/tea.mp4,3b03dcab6351c8b5f6fc6db5c0063b60,0,0,en,ase,whatsthatsign,tea,"{""signpuddle_id"": ""208"", ""sign_fsw"": ""AS1ce51S2fe00S17648S2fe00S21400S21300S2ea06M520x525S17648481x498S1ce51481x476S21300499x509"", ""source"": ""Adam Frost"", ""fps"": 29.97, ""duration"": 2.97, ""width"": 1280, ""height"": 720, ""codec"": ""h264""}"
videos/teach_teaches_taught.mp4,9270daad4e78b2bd18da0be311bab621,0,0,en,ase,whatsthatsign,"teach, teaches, taught","{""signpuddle_id"": ""808"", ""sign_fsw"": ""AS18510S30007S18518S30001S26500S26510M542x518S2ff00482x483S18510517x486S18518458x486S26500522x466S26510462x466"", ""source"": ""Adam Frost"", ""fps"": 29.97, ""duration"": 2.069, ""width"": 1280, ""height"": 720, ""codec"": ""h264""}"
videos/teacher_teachers_instructor.mp4,1072b662f89a43131fa9046e2e06da4c,0,0,en,ase,whatsthatsign,"teacher, teachers, instructor, instructors, professor, professors","{""signpuddle_id"": ""159"", ""sign_fsw"": ""AS18510S30007S18518S30001S15a10S2fe00S15a18S2fe00S38006S22a04S22a14M542x566S2ff00482x483S18510517x486S18518458x486S15a10510x521S15a18478x521S22a04510x551S22a14477x551"", ""source"": ""Adam Frost"", ""fps"": 30.0, ""duration"": 2.733, ""width"": 1280, ""height"": 720, ""codec"": ""h264""}"
videos/team.mp4,77ebae9b36d61f2127a2dbd73d22b4d2,0,0,en,ase,whatsthatsign,team,"{""signpuddle_id"": ""1853"", ""sign_fsw"": ""AS1fb20S2fe00S1fb28S2fe00S21406S20500S2df06S2df1eS20500M522x522S1fb20502x503S1fb28484x503S2df06502x479S2df1e479x479"", ""source"": ""Adam Frost"", ""fps"": 29.97, ""duration"": 1.902, ""width"": 1280, ""height"": 720, ""codec"": ""h264""}"
videos/tease_joke.mp4,02622877c599c5b987bc81bafa806761,0,0,en,ase,whatsthatsign,"tease, joke","{""signpuddle_id"": ""2021"", ""sign_fsw"": ""AS10640S2fe00S10648S2fe00S21400S20e00S26a00M517x533S10648483x507S10640493x499S20e00498x484S26a00490x468"", ""source"": ""Adam Frost"", ""fps"": 29.97, ""duration"": 2.336, ""width"": 1280, ""height"": 720, ""codec"": ""h264""}"
videos/technology_technical_technically.mp4,5bbb0c45cc2a59d826c58c9b78d88984,0,0,en,ase,whatsthatsign,"technology, technical, technically, technique","{""signpuddle_id"": ""1740"", ""sign_fsw"": ""AS1c501S2fe00S15a18S2fe00S21410S20600M518x521S15a18482x494S1c501493x480S20600496x506"", ""source"": ""Adam Frost"", ""fps"": 29.97, ""duration"": 2.002, ""width"": 1280, ""height"": 720, ""codec"": ""h264""}"
videos/teeth.mp4,a856fc03568ed53e47b4d0433e11f44b,0,0,en,ase,whatsthatsign,teeth,"{""signpuddle_id"": ""1548"", ""sign_fsw"": ""AS10600S36110S10006S27102M536x546S36100482x483S10600503x512S27102521x506"", ""source"": ""Adam Frost"", ""fps"": 29.97, ""duration"": 1.602, ""width"": 1280, ""height"": 720, ""codec"": ""h264""}"
videos/tell.mp4,e6f5a262780c6108cf0f69c8935f5ea7,0,0,en,ase,whatsthatsign,tell,"{""signpuddle_id"": ""2"", ""sign_fsw"": ""AS10000S30004S10006S20500S2b701M525x542S2ff00482x483S10000486x512S2b701506x519"", ""source"": ""Adam Frost"", ""fps"": 29.97, ""duration"": 1.768, ""width"": 1280, ""height"": 720, ""codec"": ""h264""}"
videos/tell_me.mp4,df6c32e5b1f49c7d926451b9c413b74c,0,0,en,ase,whatsthatsign,tell me,"{""signpuddle_id"": ""2091"", ""sign_fsw"": ""AS10000S30004S10006S20500S2b704M518x542S2ff00482x483S10000486x512S2b704504x518"", ""source"": ""Adam Frost"", ""fps"": 30.0, ""duration"": 1.766, ""width"": 1280, ""height"": 720, ""codec"": ""h264""}"
videos/temperature.mp4,287dde414739c67b24442727952e76e0,0,0,en,ase,whatsthatsign,temperature,"{""signpuddle_id"": ""2061"", ""sign_fsw"": ""AS10012S2fe00S10018S2fe00S21414S21100S23604M524x527S10018480x474S10012477x476S21100498x494S23604485x510"", ""source"": ""Adam Frost"", ""fps"": 29.97, ""duration"": 2.135, ""width"": 1280, ""height"": 720, ""codec"": ""h264""}"
videos/tempt_tempting_temptation.mp4,16d51af8708060f147e749e694da48ae,0,0,en,ase,whatsthatsign,"tempt, tempting, temptation","{""signpuddle_id"": ""864"", ""sign_fsw"": ""AS10602S38611S10006S20600M526x527S37602500x474S10602500x512S20600475x507"", ""source"": ""Adam Frost"", ""fps"": 30.0, ""duration"": 2.333, ""width"": 1280, ""height"": 720, ""codec"": ""h264""}"
videos/ten_years_old_10_years_old_age_ten.mp4,ebacbc0141d9dc38df6258cf80fe0326,0,0,en,ase,whatsthatsign,"ten years old, 10 years old, age ten, age 10, ten, 10","{""signpuddle_id"": ""1400"", ""sign_fsw"": ""AS10010S30004S10006S20500S2c601S1f540M537x543S2ff00482x483S10010487x513S2c601513x512S1f540522x484"", ""source"": ""Adam Frost"", ""fps"": 30.0, ""duration"": 1.867, ""width"": 1280, ""height"": 720, ""codec"": ""h264""}"
videos/tend_tend_to_usually.mp4,7bcac0a2ae4e5449ea0e2b675c7a5161,0,0,en,ase,whatsthatsign,"tend, tend to, usually","{""signpuddle_id"": ""1061"", ""sign_fsw"": ""AS1c541S38517S10006S20500S26500M515x529S1c541490x489S20500486x518S26500496x471"", ""source"": ""Adam Frost"", ""fps"": 29.97, ""duration"": 2.502, ""width"": 1280, ""height"": 720, ""codec"": ""h264""}"
videos/tennis.mp4,a6531007607c1551f5455610b22db3b0,0,0,en,ase,whatsthatsign,tennis,"{""signpuddle_id"": ""1516"", ""sign_fsw"": ""AS1ea40S2fe00S10006S2330bM520x521S1ea40497x479S2330b481x499"", ""source"": ""Adam Frost"", ""fps"": 29.97, ""duration"": 1.502, ""width"": 1280, ""height"": 720, ""codec"": ""h264""}"
videos/tense_mouth.mp4,ef4a4710d6d20110b43821ba6066ed3a,0,0,en,ase,whatsthatsign,tense mouth,"{""signpuddle_id"": ""427"", ""sign_fsw"": ""AS35000M518x518S35000482x483"", ""source"": ""Adam Frost"", ""fps"": 30.0, ""duration"": 1.233, ""width"": 1280, ""height"": 720, ""codec"": ""h264""}"
videos/tent.mp4,c530891169f67b072f0edc29681d65f6,0,0,en,ase,whatsthatsign,tent,"{""signpuddle_id"": ""502"", ""sign_fsw"": ""AS1a011S2fe00S1a019S2fe00S21406S20500S23804S2381cM541x532S1a019471x481S1a011501x481S20500495x468S23804524x507S2381c459x507"", ""source"": ""Adam Frost"", ""fps"": 29.97, ""duration"": 2.269, ""width"": 1280, ""height"": 720, ""codec"": ""h264""}"
videos/text_text_to_texting.mp4,27b88eaa27da39ccdffac49a9d597d4d,0,0,en,ase,whatsthatsign,"text, text to, texting","{""signpuddle_id"": ""1760"", ""sign_fsw"": ""AS1f540S2fe00S1f548S2fe00S38006S26500S26510S1f740S1f748M525x531S1f540505x507S1f548481x507S26500505x488S26510482x488S1f740505x469S1f748476x469"", ""source"": ""Adam Frost"", ""fps"": 29.97, ""duration"": 1.802, ""width"": 1280, ""height"": 720, ""codec"": ""h264""}"
videos/thanks_thank_you_good.mp4,854b8b07b4e3d4714905fffc61e6b7c3,0,0,en,ase,whatsthatsign,"thanks, thank you, good","{""signpuddle_id"": ""438"", ""sign_fsw"": ""AS15a00S30004S10006S20500S26500M531x540S2ff00482x483S15a00494x513S26500517x508"", ""source"": ""Adam Frost"", ""fps"": 30.0, ""duration"": 2.0, ""width"": 1280, ""height"": 720, ""codec"": ""h264""}"
videos/that.mp4,acf76c69e3964c92c2fdb304c46eedd3,0,0,en,ase,whatsthatsign,that,"{""signpuddle_id"": ""380"", ""sign_fsw"": ""AS19a50S2fe00S10006S22e04M514x521S19a50486x479S22e04492x503"", ""source"": ""Adam Frost"", ""fps"": 29.97, ""duration"": 1.902, ""width"": 1280, ""height"": 720, ""codec"": ""h264""}"
videos/their_turn_they_re_next_his_turn.mp4,1bb616478a601d4616401dcc5042b4a6,0,0,en,ase,whatsthatsign,"their turn, they're next, his turn, he's next, her turn, she's next","{""signpuddle_id"": ""1373"", ""sign_fsw"": ""AS1dc40S2fe00S10006S2a208M525x515S1dc40475x485S2a208502x487"", ""source"": ""Adam Frost"", ""fps"": 29.97, ""duration"": 1.835, ""width"": 1280, ""height"": 720, ""codec"": ""h264""}"
videos/therapist.mp4,d657b2d0c680ad1b31f814fe848026cd,0,0,en,ase,whatsthatsign,therapist,"{""signpuddle_id"": ""1641"", ""sign_fsw"": ""AS1fb40S2fe00S15a37S2fe00S21400S20500S15a40S2fe00S15a48S2fe00S38006S22a04S22a14M523x538S15a37498x464S1fb40491x462S15a40510x493S15a48478x493S22a04510x523S22a14477x523"", ""source"": ""Adam Frost"", ""fps"": 29.97, ""duration"": 2.102, ""width"": 1280, ""height"": 720, ""codec"": ""h264""}"
videos/therapy_therapist.mp4,0077ba6e5bb60c40466f5f34bc34a468,0,0,en,ase,whatsthatsign,"therapy, therapist","{""signpuddle_id"": ""1640"", ""sign_fsw"": ""AS1fb40S2fe00S15a37S2fe00S21400S20600M521x516S15a37498x486S1fb40490x484S20600480x505"", ""source"": ""Adam Frost"", ""fps"": 30.0, ""duration"": 2.067, ""width"": 1280, ""height"": 720, ""codec"": ""h264""}"
videos/thing_things_object.mp4,a72ab9f0e6d5ee3fc8f13b1c93ac2bdf,0,0,en,ase,whatsthatsign,"thing, things, object, objects","{""signpuddle_id"": ""308"", ""sign_fsw"": ""AS15a31S2fe00S15a39S2fe00S21400S20500S2920aM532x516S15a39468x484S15a31483x493S2920a501x485"", ""source"": ""Adam Frost"", ""fps"": 29.97, ""duration"": 1.768, ""width"": 1280, ""height"": 720, ""codec"": ""h264""}"
videos/think.mp4,eceaa385b25d4aa866725f0e06028099,0,0,en,ase,whatsthatsign,think,"{""signpuddle_id"": ""1707"", ""sign_fsw"": ""AS10011S30007S10006S20500M537x521S2ff00482x483S10011516x491"", ""source"": ""Adam Frost"", ""fps"": 29.97, ""duration"": 1.835, ""width"": 1280, ""height"": 720, ""codec"": ""h264""}"
videos/third_3rd.mp4,2cb8b754d1db46655c5a788990fda126,0,0,en,ase,whatsthatsign,"third, 3rd","{""signpuddle_id"": ""1110"", ""sign_fsw"": ""AS11e11S2fe00S10006S2c300M515x527S11e11485x497S2c300489x473"", ""source"": ""Adam Frost"", ""fps"": 29.97, ""duration"": 1.735, ""width"": 1280, ""height"": 720, ""codec"": ""h264""}"
videos/thirteen_years_old_13_years_old_age_thirteen.mp4,d8d176a32f1d04f09e57b443e8164277,0,0,en,ase,whatsthatsign,"thirteen years old, 13 years old, age thirteen, age 13, thirteen, 13","{""signpuddle_id"": ""1403"", ""sign_fsw"": ""AS12d00S30004S10006S20500S2c601S22114M545x541S2ff00482x483S12d00522x478S2c601513x512S12d00487x511S22114519x469"", ""source"": ""Adam Frost"", ""fps"": 30.0, ""duration"": 2.0, ""width"": 1280, ""height"": 720, ""codec"": ""h264""}"
videos/thousand_thousands.mp4,7ab0e183e29195c0c124745261b56a39,0,0,en,ase,whatsthatsign,"thousand, thousands","{""signpuddle_id"": ""2015"", ""sign_fsw"": ""AS14020S2fe00S10006S2e508M516x531S14020484x470S2e508493x504"", ""source"": ""Adam Frost"", ""fps"": 29.97, ""duration"": 1.768, ""width"": 1280, ""height"": 720, ""codec"": ""h264""}"
videos/three_months_3_months.mp4,8aaa811bfeb5540a73f5922ea504d8e6,0,0,en,ase,whatsthatsign,"three months, 3 months","{""signpuddle_id"": ""1427"", ""sign_fsw"": ""AS11e02S2fe00S10028S2fe00S21414S20e00S22a04M521x529S10028479x478S11e02491x472S20e00503x498S22a04502x514"", ""source"": ""Adam Frost"", ""fps"": 30.0, ""duration"": 1.933, ""width"": 1280, ""height"": 720, ""codec"": ""h264""}"
videos/three_o_clock_3_o_clock_3_00.mp4,cf0e5a4c478654eff57cd132383525d2,0,0,en,ase,whatsthatsign,"three o'clock, 3 o'clock, 3:00","{""signpuddle_id"": ""2181"", ""sign_fsw"": ""AS11e21S38630S20359S2fe00S20500S22a07S11e20S2f900M528x537S11e21484x512S20359477x493S20500472x509S22a07506x505S11e20505x463S2f900515x496"", ""source"": ""Adam Frost"", ""fps"": 30.0, ""duration"": 1.633, ""width"": 1280, ""height"": 720, ""codec"": ""h264""}"
videos/three_of_us_us_three_us.mp4,1ed8204f5b2b3af4491ba83fb3af1bc8,0,0,en,ase,whatsthatsign,"three of us, us three, us, we, both of them and I, both of them and me, <i>and I</i>, <i>and me</i>, our, our three","{""signpuddle_id"": ""1472"", ""sign_fsw"": ""AS11e31S38506S10006S2ea32M552x525S36d00479x505S11e31527x495S2ea32520x476"", ""source"": ""Adam Frost"", ""fps"": 29.97, ""duration"": 1.902, ""width"": 1280, ""height"": 720, ""codec"": ""h264""}"
videos/three_times_thrice_triple.mp4,fc9e1016809aeea675743dbae74cb18d,0,0,en,ase,whatsthatsign,"three times, thrice, triple, triplicate","{""signpuddle_id"": ""1576"", ""sign_fsw"": ""AS11e01S2fe00S15a48S2fe00S21406S20e00S28809M519x534S15a48481x497S11e01494x504S20e00495x489S28809497x467"", ""source"": ""Adam Frost"", ""fps"": 30.0, ""duration"": 1.767, ""width"": 1280, ""height"": 720, ""codec"": ""h264""}"
videos/three_weeks_3_weeks.mp4,2ab521b0dc3de1eb8b8bbbab30829c21,0,0,en,ase,whatsthatsign,"three weeks, 3 weeks","{""signpuddle_id"": ""881"", ""sign_fsw"": ""AS11e50S2fe00S15a36S2fe00S21400S20e00S26506M530x519S15a36474x507S11e50471x481S20e00499x497S26506515x496"", ""source"": ""Adam Frost"", ""fps"": 30.0, ""duration"": 2.333, ""width"": 1280, ""height"": 720, ""codec"": ""h264""}"
videos/three_weeks_ago_3_weeks_ago.mp4,edeebb6607d2e59e3ab4b94a7759e895,0,0,en,ase,whatsthatsign,"three weeks ago, 3 weeks ago","{""signpuddle_id"": ""889"", ""sign_fsw"": ""AS11e50S2fe00S15a36S2fe00S21400S20e00S2d50aM531x519S15a36473x507S11e50470x481S20e00498x497S2d50a512x503"", ""source"": ""Adam Frost"", ""fps"": 29.97, ""duration"": 2.636, ""width"": 1280, ""height"": 720, ""codec"": ""h264""}"
videos/three_years_old_3_years_old_age_three.mp4,3bf4cb0dc9faa449f419c2ec6ef6d888,0,0,en,ase,whatsthatsign,"three years old, 3 years old, age three, age 3, three, 3","{""signpuddle_id"": ""1393"", ""sign_fsw"": ""AS11e20S30004S10006S20500S2c601M537x543S2ff00482x483S11e20491x513S2c601518x512"", ""source"": ""Adam Frost"", ""fps"": 29.97, ""duration"": 1.835, ""width"": 1280, ""height"": 720, ""codec"": ""h264""}"
videos/through.mp4,e135749ce1d71edc1d040a6414a6c2c3,0,0,en,ase,whatsthatsign,through,"{""signpuddle_id"": ""1078"", ""sign_fsw"": ""AS15a41S2fe00S14c08S2fe00S21400S21000S26501M524x532S14c08485x501S15a41501x500S21000486x483S26501476x468"", ""source"": ""Adam Frost"", ""fps"": 30.0, ""duration"": 2.7, ""width"": 1280, ""height"": 720, ""codec"": ""h264""}"
videos/through_dash_to.mp4,c0ac489730fec3d485517be9d6296ef0,0,0,en,ase,whatsthatsign,"through, dash, to","{""signpuddle_id"": ""484"", ""sign_fsw"": ""AS10050S2fe00S10006S26506M518x515S10050483x485S26506503x495"", ""source"": ""Adam Frost"", ""fps"": 29.97, ""duration"": 2.369, ""width"": 1280, ""height"": 720, ""codec"": ""h264""}"
videos/through_school_years_up_in_school_years_through_college_years.mp4,1d7c836e2afcce4739361c46450f45db,0,0,en,ase,whatsthatsign,"through school years, up in school years, through college years, through high school years, go through school years, go up in school years","{""signpuddle_id"": ""1868"", ""sign_fsw"": ""AS10010S2fe00S14c0aS2fe00S38006S28801M523x527S14c0a478x488S10010508x497S28801499x474"", ""source"": ""Adam Frost"", ""fps"": 29.97, ""duration"": 2.002, ""width"": 1280, ""height"": 720, ""codec"": ""h264""}"
videos/throw_throw_away.mp4,c269185ad8ff89e61da383dc45be280e,0,0,en,ase,whatsthatsign,"throw, throw away","{""signpuddle_id"": ""267"", ""sign_fsw"": ""AS20310S2fe00S10006S26500S10040M508x534S20310493x519S26500494x500S10040493x466"", ""source"": ""Adam Frost"", ""fps"": 30.0, ""duration"": 3.267, ""width"": 1280, ""height"": 720, ""codec"": ""h264""}"
videos/throw_throw_away_toss.mp4,a8989e6c73d7c80326a38ccb402b57bb,0,0,en,ase,whatsthatsign,"throw, throw away, toss","{""signpuddle_id"": ""2247"", ""sign_fsw"": ""AS20310S2fe00S10006S26500S11540M508x535S20310493x520S26500494x501S11540493x466"", ""source"": ""Adam Frost"", ""fps"": 30.0, ""duration"": 1.833, ""width"": 1280, ""height"": 720, ""codec"": ""h264""}"
videos/thumbs_up_good_great.mp4,7942901f8ec1395458972de1ab1f17a6,0,0,en,ase,whatsthatsign,"thumbs up, good, great, ok","{""signpuddle_id"": ""1216"", ""sign_fsw"": ""AS1f540S2fe00S10006M508x512S1f540493x488"", ""source"": ""Adam Frost"", ""fps"": 29.97, ""duration"": 1.435, ""width"": 1280, ""height"": 720, ""codec"": ""h264""}"
videos/ticket.mp4,9b38ff2a8ebef49154f27ccfabd6c8de,0,0,en,ase,whatsthatsign,ticket,"{""signpuddle_id"": ""2177"", ""sign_fsw"": ""AS11041S2fe00S15a39S2fe00S21415S20710M530x522S15a39471x479S11041476x496S20710496x484"", ""source"": ""Adam Frost"", ""fps"": 29.97, ""duration"": 2.169, ""width"": 1280, ""height"": 720, ""codec"": ""h264""}"
videos/tiger_tigers.mp4,f3d4b21c727459d0e91a47f9ad666aa0,0,0,en,ase,whatsthatsign,"tiger, tigers","{""signpuddle_id"": ""1442"", ""sign_fsw"": ""AS14e02S30006S14e0aS30002S20e00S20e00S21800S21800M541x524S2ff00482x483S14e02510x489S14e0a459x489S21800511x516S21800471x516"", ""source"": ""Adam Frost"", ""fps"": 29.97, ""duration"": 2.135, ""width"": 1280, ""height"": 720, ""codec"": ""h264""}"
videos/time.mp4,1d1dc971f4bc598515aa7a3b685ed7f0,0,0,en,ase,whatsthatsign,time,"{""signpuddle_id"": ""1324"", ""sign_fsw"": ""AS10650S38630S2035aS2fe00S20500M515x520S10650488x494S2035a500x486S20500485x481"", ""source"": ""Adam Frost"", ""fps"": 29.97, ""duration"": 2.236, ""width"": 1280, ""height"": 720, ""codec"": ""h264""}"
videos/time_out_top.mp4,2c30da96fe1990e53e61c495105b38f4,0,0,en,ase,whatsthatsign,"time out, top","{""signpuddle_id"": ""2007"", ""sign_fsw"": ""AS15a12S2fe00S15a18S2fe00S21400S20600M522x520S15a12495x481S15a18504x493S20600478x494"", ""source"": ""Adam Frost"", ""fps"": 29.97, ""duration"": 2.069, ""width"": 1280, ""height"": 720, ""codec"": ""h264""}"
videos/tired.mp4,a0e8ad35d2fdd8449be21ab9943a4849,0,0,en,ase,whatsthatsign,tired,"{""signpuddle_id"": ""116"", ""sign_fsw"": ""AS18241S38517S18249S38511S20500S20500S2c300S2c311M542x529S18241514x499S18249461x499S20500507x518S20500484x518S2c300516x472S2c311459x472"", ""source"": ""Adam Frost"", ""fps"": 30.0, ""duration"": 2.767, ""width"": 1280, ""height"": 720, ""codec"": ""h264""}"
videos/tissue_Kleenex.mp4,6ef8947e030c39b76cec089235952c9c,0,0,en,ase,whatsthatsign,"tissue, Kleenex","{""signpuddle_id"": ""2385"", ""sign_fsw"": ""AS1e101S33200S10006S20e00S22f04S15a51S2fe00S15a39S2fe00S21400S20e00S26a03M542x586S33100482x483S1e101486x500S20e00523x500S22f04517x515S15a39506x542S15a51492x542S20e00488x558S26a03472x565"", ""source"": ""Adam Frost"", ""fps"": 30.0, ""duration"": 2.266, ""width"": 1280, ""height"": 720, ""codec"": ""h264""}"
videos/today.mp4,511c26e404e95911cce7bf2f39b4f632,0,0,en,ase,whatsthatsign,today,"{""signpuddle_id"": ""613"", ""sign_fsw"": ""AS19a00S2fe00S19a08S2fe00S38006S22f04S22f14M535x520S19a00507x481S19a08465x481S22f04509x506S22f14465x506"", ""source"": ""Adam Frost"", ""fps"": 30.0, ""duration"": 1.933, ""width"": 1280, ""height"": 720, ""codec"": ""h264""}"
videos/toilet.mp4,54ca8aeb2624c52efadda5dd188fa51d,0,0,en,ase,whatsthatsign,toilet,"{""signpuddle_id"": ""2372"", ""sign_fsw"": ""AS1fb20S2fe00S10006S27106S11551S2fe00S11559S2fe00S21400S20900M524x545S1fb20483x465S27106502x456S11559477x520S11551497x520S20900489x507"", ""source"": ""Adam Frost"", ""fps"": 30.0, ""duration"": 2.066, ""width"": 1280, ""height"": 720, ""codec"": ""h264""}"
videos/toilet_paper.mp4,bf6d07b6b4b9c9c4c489b8f0afa6c74c,0,0,en,ase,whatsthatsign,toilet paper,"{""signpuddle_id"": ""2403"", ""sign_fsw"": ""AS1fb20S2fe00S10006S27106S15a51S2fe00S15a39S2fe00S21400S20e00S26a03M529x547S1fb20483x462S27106502x454S15a39506x502S15a51492x502S20e00488x519S26a03472x526"", ""source"": ""Adam Frost"", ""fps"": 30.0, ""duration"": 2.4, ""width"": 1280, ""height"": 720, ""codec"": ""h264""}"
videos/tomato.mp4,79f89bab75efebcdb55021c32f6b827f,0,0,en,ase,whatsthatsign,tomato,"{""signpuddle_id"": ""1077"", ""sign_fsw"": ""AS10020S33d00S10059S2fe00S20500S22a04S10051S21400S20e00S22a04M526x598S33b00482x483S10020499x506S22a04500x539S10059472x556S10051496x556S20e00493x568S22a04492x583"", ""source"": ""Adam Frost"", ""fps"": 29.97, ""duration"": 2.169, ""width"": 1280, ""height"": 720, ""codec"": ""h264""}"
videos/tomorrow_the_next_day_the_following_day.mp4,c20d37215a8421f0a42438c176d9508d,0,0,en,ase,whatsthatsign,"tomorrow, the next day, the following day","{""signpuddle_id"": ""614"", ""sign_fsw"": ""AS1f540S30005S10006S20e00S2b700M531x533S2ff00482x483S1f540508x509S20e00519x498S2b700511x473"", ""source"": ""Adam Frost"", ""fps"": 29.97, ""duration"": 2.469, ""width"": 1280, ""height"": 720, ""codec"": ""h264""}"
videos/tongue_out.mp4,98414d0768b1118e598f6d6b583fb675,0,0,en,ase,whatsthatsign,tongue out,"{""signpuddle_id"": ""2353"", ""sign_fsw"": ""AS35904M518x518S35904482x483"", ""source"": ""Adam Frost"", ""fps"": 30.0, ""duration"": 2.033, ""width"": 1280, ""height"": 720, ""codec"": ""h264""}"
videos/toothbrush.mp4,f33df03e77263f3b953b3defa6efd020,0,0,en,ase,whatsthatsign,toothbrush,"{""signpuddle_id"": ""2019"", ""sign_fsw"": ""AS10012S36110S10006S26a02M529x541S36100482x483S10012499x520S26a02479x514"", ""source"": ""Adam Frost"", ""fps"": 29.97, ""duration"": 1.935, ""width"": 1280, ""height"": 720, ""codec"": ""h264""}"
videos/toothpaste.mp4,11795c6e71a65b14c8cb00b668e22ec4,0,0,en,ase,whatsthatsign,toothpaste,"{""signpuddle_id"": ""1994"", ""sign_fsw"": ""AS10012S36110S10006S26a02S1e141S2fe00S10048S2fe00S37f00S26500S1ea41M529x598S36100482x483S10012499x520S26a02479x514S10048486x566S1e141492x570S26500515x563S1ea41490x552"", ""source"": ""Adam Frost"", ""fps"": 29.97, ""duration"": 2.202, ""width"": 1280, ""height"": 720, ""codec"": ""h264""}"
videos/top_time_out.mp4,b599a06aa7d5f145cb72a8038702b625,0,0,en,ase,whatsthatsign,"top, time out","{""signpuddle_id"": ""1855"", ""sign_fsw"": ""AS15a12S2fe00S15a18S2fe00S21400S20500M514x520S15a12487x481S15a18496x493"", ""source"": ""Adam Frost"", ""fps"": 29.97, ""duration"": 1.835, ""width"": 1280, ""height"": 720, ""codec"": ""h264""}"
videos/topic_theme_quote.mp4,7d2bb7159cbb3d32ee9bdd61927764fd,0,0,en,ase,whatsthatsign,"topic, theme, quote, issue","{""signpuddle_id"": ""2034"", ""sign_fsw"": ""AS11010S2fe00S11018S2fe00S38006S2e006S2e01eM525x537S11010508x510S11018477x510S2e006505x463S2e01e475x463"", ""source"": ""Adam Frost"", ""fps"": 30.0, ""duration"": 2.1, ""width"": 1280, ""height"": 720, ""codec"": ""h264""}"
videos/total_across_time_total_total_up.mp4,6011a9f9670c78aa2a2da07b71b04663,0,0,en,ase,whatsthatsign,"total across time, total, total up, sum, sum up","{""signpuddle_id"": ""1083"", ""sign_fsw"": ""AS14c20S2fe00S14c48S2fe00S21414S26500S26514S18520S18548S20500M530x564S14c20507x533S14c48470x437S26500511x514S26514475x471S18520497x496S18548478x490"", ""source"": ""Adam Frost"", ""fps"": 29.97, ""duration"": 2.135, ""width"": 1280, ""height"": 720, ""codec"": ""h264""}"
videos/total_total_up_sum.mp4,b7ad2e765adc8cca27bd82e4dc5e2bfa,0,0,en,ase,whatsthatsign,"total, total up, sum, sum up","{""signpuddle_id"": ""1084"", ""sign_fsw"": ""AS14c47S2fe00S14c4fS2fe00S21406S26502S26516S18547S1854fS20500M563x514S14c47536x488S14c4f437x488S26502521x494S26516463x494S18547500x487S1854f480x487"", ""source"": ""Adam Frost"", ""fps"": 30.0, ""duration"": 2.033, ""width"": 1280, ""height"": 720, ""codec"": ""h264""}"
videos/touching_heartfelt_profound.mp4,afc86155e39fb5e81b5c7914f8643dae,0,0,en,ase,whatsthatsign,"touching, heartfelt, profound, deep, wholehearted, touched, touch","{""signpuddle_id"": ""1698"", ""sign_fsw"": ""AS1c501S38511S10006S20500M521x522S36d00479x478S1c501476x485S20500469x511"", ""source"": ""Adam Frost"", ""fps"": 29.97, ""duration"": 1.635, ""width"": 1280, ""height"": 720, ""codec"": ""h264""}"
videos/tour_travel_trip.mp4,7db8e757cd7c0b6f61b0b52d3413a51c,0,0,en,ase,whatsthatsign,"tour, travel, trip","{""signpuddle_id"": ""1512"", ""sign_fsw"": ""AS10004S2fe00S10008S2fe00S37f00S2ea06S2ea42S26522M528x528S10004513x473S10008507x498S2ea06482x481S2ea42476x506S26522472x493"", ""source"": ""Adam Frost"", ""fps"": 30.0, ""duration"": 1.733, ""width"": 1280, ""height"": 720, ""codec"": ""h264""}"
videos/tournament.mp4,5b8aa3ef5dbe5e28a2cd5bac8a9d4ac5,0,0,en,ase,whatsthatsign,tournament,"{""signpuddle_id"": ""2325"", ""sign_fsw"": ""AS11020S2fe00S11028S2fe00S38006S23600S23614M536x536S11020506x487S11028477x488S23600497x465S23614465x519"", ""source"": ""Adam Frost"", ""fps"": 30.0, ""duration"": 1.966, ""width"": 1280, ""height"": 720, ""codec"": ""h264""}"
videos/towel.mp4,106b8b6a0b2005243b51e249a84dfcf6,0,0,en,ase,whatsthatsign,towel,"{""signpuddle_id"": ""715"", ""sign_fsw"": ""AS20320S30006S20328S30002S27106S27116M569x522S2ff00482x483S20320534x494S20328452x494S27106554x482S27116432x482"", ""source"": ""Adam Frost"", ""fps"": 29.97, ""duration"": 2.202, ""width"": 1280, ""height"": 720, ""codec"": ""h264""}"
videos/traffic.mp4,02c7b1ecfe796759c082c98cab5b509d,0,0,en,ase,whatsthatsign,traffic,"{""signpuddle_id"": ""1504"", ""sign_fsw"": ""AS14c10S2fe00S14c18S2fe00S21406S20e00S27100S27114M544x531S14c10498x489S14c18480x500S20e00493x477S27100504x469S27114456x483"", ""source"": ""Adam Frost"", ""fps"": 30.0, ""duration"": 2.033, ""width"": 1280, ""height"": 720, ""codec"": ""h264""}"
videos/train.mp4,251f100f3650b113ee31532bf98d86d3,0,0,en,ase,whatsthatsign,train,"{""signpuddle_id"": ""448"", ""sign_fsw"": ""AS11551S2fe00S11559S2fe00S21400S21100S27103M531x527S11559470x502S11551490x502S21100499x491S27103504x474"", ""source"": ""Adam Frost"", ""fps"": 29.97, ""duration"": 2.436, ""width"": 1280, ""height"": 720, ""codec"": ""h264""}"
videos/trans_transgender.mp4,65debd86a8a27acd738b59a87a8c613d,0,0,en,ase,whatsthatsign,"trans, transgender","{""signpuddle_id"": ""1390"", ""sign_fsw"": ""AS14c10S38510S10006S2df02S18531S20500M520x532S14c10497x468S2df02481x489S18531492x503S20500500x521"", ""source"": ""Adam Frost"", ""fps"": 30.0, ""duration"": 1.967, ""width"": 1280, ""height"": 720, ""codec"": ""h264""}"
videos/transfer_switch.mp4,dbcab81c158a6c9f601ebb8ebc832a80,0,0,en,ase,whatsthatsign,"transfer, switch","{""signpuddle_id"": ""1759"", ""sign_fsw"": ""AS11040S2fe00S10006S28806M519x519S11040481x481S28806497x507"", ""source"": ""Adam Frost"", ""fps"": 29.97, ""duration"": 1.869, ""width"": 1280, ""height"": 720, ""codec"": ""h264""}"
videos/transportation.mp4,38e686ec65ddc901da876cebe7a42de7,0,0,en,ase,whatsthatsign,transportation,"{""signpuddle_id"": ""1299"", ""sign_fsw"": ""AS11051S2fe00S11059S2fe00S38006S27106S27116M537x535S11051508x466S11059464x466S27106518x495S27116465x495"", ""source"": ""Adam Frost"", ""fps"": 29.97, ""duration"": 2.402, ""width"": 1280, ""height"": 720, ""codec"": ""h264""}"
videos/trash_garbage.mp4,15b177d5042675ae8cacd160eed192b5,0,0,en,ase,whatsthatsign,"trash, garbage","{""signpuddle_id"": ""295"", ""sign_fsw"": ""AS10010S38621S2035aS2fe00S20500S26502S20500M526x521S37806479x494S2035a511x488S10010489x491S26502487x480S20500475x481"", ""source"": ""Adam Frost"", ""fps"": 29.97, ""duration"": 2.569, ""width"": 1280, ""height"": 720, ""codec"": ""h264""}"
videos/travel_by_boat_go_by_boat_boat.mp4,69914f766441f701bdef85cbb43bbfb5,0,0,en,ase,whatsthatsign,"travel by boat, go by boat, boat, boating","{""signpuddle_id"": ""1658"", ""sign_fsw"": ""AS15a30S2fe00S15a38S2fe00S21406S20500S26520M513x523S15a30501x496S15a38488x496S26520494x478"", ""source"": ""Adam Frost"", ""fps"": 30.0, ""duration"": 2.067, ""width"": 1280, ""height"": 720, ""codec"": ""h264""}"
videos/travel_traveling_trip.mp4,f421500b1f8d253c49ffab937c6eced0,0,0,en,ase,whatsthatsign,"travel, traveling, trip, journey","{""signpuddle_id"": ""42"", ""sign_fsw"": ""AS11020S2fe00S10006S2e302M524x514S11020477x486S2e302497x491"", ""source"": ""Adam Frost"", ""fps"": 29.97, ""duration"": 1.869, ""width"": 1280, ""height"": 720, ""codec"": ""h264""}"
videos/tree.mp4,5059b27bf4e9c813487cdb7611bdfccd,0,0,en,ase,whatsthatsign,tree,"{""signpuddle_id"": ""57"", ""sign_fsw"": ""AS14c10S2fe00S15a1aS38615S20500S2e108M527x533S37800493x499S15a1a474x521S14c10482x468S2e108504x484"", ""source"": ""Adam Frost"", ""fps"": 30.0, ""duration"": 3.0, ""width"": 1280, ""height"": 720, ""codec"": ""h264""}"
videos/triangle.mp4,bb7243602dbf02e258f952274be7064a,0,0,en,ase,whatsthatsign,triangle,"{""signpuddle_id"": ""1017"", ""sign_fsw"": ""AS10051S2fe00S10059S2fe00S21406S20500S23f02S23f1aS20500M531x521S10051501x479S10059470x479S23f02501x500S23f1a472x500"", ""source"": ""Adam Frost"", ""fps"": 29.97, ""duration"": 2.769, ""width"": 1280, ""height"": 720, ""codec"": ""h264""}"
videos/trim_trimming_cut_top.mp4,9d646fe83554963569c828ad22d15eea,0,0,en,ase,whatsthatsign,"trim, trimming, cut top, cutting top, shear, shearing","{""signpuddle_id"": ""872"", ""sign_fsw"": ""AS10e50S2fe00S10e58S2fe00S38006S22716S22712S26506S26516M540x519S10e50507x489S10e58460x489S22716494x482S22712478x482S26506525x505S26516478x505"", ""source"": ""Adam Frost"", ""fps"": 29.97, ""duration"": 4.905, ""width"": 1280, ""height"": 720, ""codec"": ""h264""}"
videos/trim_trimming_prune.mp4,87a6b196bbf61ae6cc4e101c1d84fa1f,0,0,en,ase,whatsthatsign,"trim, trimming, prune, pruning, cut side, cutting side, shear, shearing","{""signpuddle_id"": ""871"", ""sign_fsw"": ""AS10e20S2fe00S10e28S2fe00S38006S22716S22712S26506S26516M540x519S10e20507x489S10e28460x489S22716494x482S22712478x482S26506525x505S26516478x505"", ""source"": ""Adam Frost"", ""fps"": 29.97, ""duration"": 2.603, ""width"": 1280, ""height"": 720, ""codec"": ""h264""}"
videos/trolley_streetcar_bus.mp4,5ff4f44c5149f63f6a8de4218a369964,0,0,en,ase,whatsthatsign,"trolley, streetcar, bus","{""signpuddle_id"": ""415"", ""sign_fsw"": ""AS11010S30006S10006S27100M552x518S11010523x485S2ff00482x483S27100512x465"", ""source"": ""Adam Frost"", ""fps"": 29.97, ""duration"": 2.402, ""width"": 1280, ""height"": 720, ""codec"": ""h264""}"
videos/truck.mp4,1ed7c2d5a789379f099de1f6ea09e360,0,0,en,ase,whatsthatsign,truck,"{""signpuddle_id"": ""1103"", ""sign_fsw"": ""AS1fb20S2fe00S10006S11a20S11520S16d20S14020M515x573S1fb20499x428S11a20499x451S11520499x485S16d20498x519S14020485x543"", ""source"": ""Adam Frost"", ""fps"": 29.97, ""duration"": 2.269, ""width"": 1280, ""height"": 720, ""codec"": ""h264""}"
videos/true_sure_it_is.mp4,02bf156fb922ef0046f7db9aefe740bd,0,0,en,ase,whatsthatsign,"true, sure, it is, it's, real, actual, really, actually","{""signpuddle_id"": ""675"", ""sign_fsw"": ""AS10010S33d00S10006S20500S26500M520x541S33b00482x483S10010486x511S26500506x520"", ""source"": ""Adam Frost"", ""fps"": 29.97, ""duration"": 2.703, ""width"": 1280, ""height"": 720, ""codec"": ""h264""}"
videos/turkey_turkeys.mp4,2dfe4fc8dd2cf0bf13723dbcf3e22646,0,0,en,ase,whatsthatsign,"turkey, turkeys","{""signpuddle_id"": ""1455"", ""sign_fsw"": ""AS1f011S30004S10006S20500S2c500M554x537S2ff00482x483S1f011480x512S2c500514x513"", ""source"": ""Adam Frost"", ""fps"": 29.97, ""duration"": 2.035, ""width"": 1280, ""height"": 720, ""codec"": ""h264""}"
videos/turn_around_spin_tornado.mp4,9865fb036d569d0109cac2a4c52506a2,0,0,en,ase,whatsthatsign,"turn around, spin, tornado","{""signpuddle_id"": ""5"", ""sign_fsw"": ""AS10004S2fe00S10008S2fe00S37f00S2e706S2e742M513x545S10004495x472S10008489x497S2e706487x455S2e742488x529"", ""source"": ""Adam Frost"", ""fps"": 30.0, ""duration"": 2.433, ""width"": 1280, ""height"": 720, ""codec"": ""h264""}"
videos/turn_left_go_left_turn.mp4,2190c0e7742989694cb1853372e7ca89,0,0,en,ase,whatsthatsign,"turn left, go left, turn, go","{""signpuddle_id"": ""344"", ""sign_fsw"": ""AS10040S2fe00S10006S2d507M510x527S10040492x497S2d507490x473"", ""source"": ""Adam Frost"", ""fps"": 29.97, ""duration"": 2.236, ""width"": 1280, ""height"": 720, ""codec"": ""h264""}"
videos/turn_off_lights_off.mp4,6e19505f5e7ada1cbdc255dcc7cf3f2e,0,0,en,ase,whatsthatsign,"turn off, lights off","{""signpuddle_id"": ""165"", ""sign_fsw"": ""AS18551S30007S18559S30001S22105S22103M549x518S2ff00482x483S18551522x472S18559451x472S22105516x473S22103474x473"", ""source"": ""Adam Frost"", ""fps"": 30.0, ""duration"": 2.967, ""width"": 1280, ""height"": 720, ""codec"": ""h264""}"
videos/turn_on_lights_on.mp4,841b2a79e1943ad73278e63dbd60d84f,0,0,en,ase,whatsthatsign,"turn on, lights on","{""signpuddle_id"": ""164"", ""sign_fsw"": ""AS18551S30007S18559S30001S22101S22107M549x518S2ff00482x483S18551522x470S18559451x470S22101517x474S22107473x474"", ""source"": ""Adam Frost"", ""fps"": 29.97, ""duration"": 3.837, ""width"": 1280, ""height"": 720, ""codec"": ""h264""}"
videos/turn_right_go_right_turn.mp4,984975df1f00ef1f53670751790157cf,0,0,en,ase,whatsthatsign,"turn right, go right, turn, go","{""signpuddle_id"": ""345"", ""sign_fsw"": ""AS10040S2fe00S10006S2d50fM510x527S10040492x497S2d50f490x473"", ""source"": ""Adam Frost"", ""fps"": 29.97, ""duration"": 2.603, ""width"": 1280, ""height"": 720, ""codec"": ""h264""}"
videos/turtle.mp4,f93796638d683768552fdf89b8491624,0,0,en,ase,whatsthatsign,turtle,"{""signpuddle_id"": ""367"", ""sign_fsw"": ""AS1f740S2fe00S18218S2fe00S21404S20500S21800M526x510S18218475x490S1f740485x495S21800508x498"", ""source"": ""Adam Frost"", ""fps"": 29.97, ""duration"": 2.769, ""width"": 1280, ""height"": 720, ""codec"": ""h264""}"
videos/tweet.mp4,6d5f16ff37c49790356cbc77395f5d77,0,0,en,ase,whatsthatsign,tweet,"{""signpuddle_id"": ""2349"", ""sign_fsw"": ""AS1fb20S2fe00S10006S18720S14a20S14a20S1fb20M509x556S1fb20493x444S18720491x467S14a20493x499S14a20493x518S1fb20493x537"", ""source"": ""Adam Frost"", ""fps"": 30.0, ""duration"": 2.433, ""width"": 1280, ""height"": 720, ""codec"": ""h264""}"
videos/twelve_years_old_12_years_old_age_twelve.mp4,adfd97f7fce954195f8ea44322d8257f,0,0,en,ase,whatsthatsign,"twelve years old, 12 years old, age twelve, age 12, twelve, 12","{""signpuddle_id"": ""1402"", ""sign_fsw"": ""AS10e00S30004S10006S20500S2c601S21d00M539x543S2ff00482x483S10e00487x513S2c601513x512S10e00522x478S21d00521x467"", ""source"": ""Adam Frost"", ""fps"": 29.97, ""duration"": 1.802, ""width"": 1280, ""height"": 720, ""codec"": ""h264""}"
videos/twenty-five_cents_25__quarter.mp4,7f1c4a9ba97821994a60d635d201c2df,0,0,en,ase,whatsthatsign,"twenty-five cents, 25¢, quarter","{""signpuddle_id"": ""1979"", ""sign_fsw"": ""AS1c521S30007S10006S20500S22115M546x518S2ff00482x483S1c52f515x488S22115527x465"", ""source"": ""Adam Frost"", ""fps"": 29.97, ""duration"": 2.002, ""width"": 1280, ""height"": 720, ""codec"": ""h264""}"
videos/twenty-five_years_old_25_years_old_age_twenty-five.mp4,a3c53293d139c0845cae10669a7a458c,0,0,en,ase,whatsthatsign,"twenty-five years old, 25 years old, age twenty-five, age 25, twenty-five, 25","{""signpuddle_id"": ""1424"", ""sign_fsw"": ""AS1c520S30004S10006S20500S2c601S22114M555x542S2ff00482x483S1c520479x514S2c601520x512S1c520525x484S22114513x482"", ""source"": ""Adam Frost"", ""fps"": 29.97, ""duration"": 1.902, ""width"": 1280, ""height"": 720, ""codec"": ""h264""}"
videos/twenty-four_years_old_24_years_old_age_twenty-four.mp4,772cfff93e36cd96e66b12e4abbe3ec7,0,0,en,ase,whatsthatsign,"twenty-four years old, 24 years old, age twenty-four, age 24, twenty-four, 24","{""signpuddle_id"": ""1423"", ""sign_fsw"": ""AS1dc20S30004S10006S20500S2c601S14420M545x543S2ff00482x483S1dc20491x513S2c601520x512S14420523x478"", ""source"": ""Adam Frost"", ""fps"": 29.97, ""duration"": 1.768, ""width"": 1280, ""height"": 720, ""codec"": ""h264""}"
videos/twenty-one_years_old_21_years_old_age_twenty-one.mp4,eb79556323527c22fe84c2787514bbf8,0,0,en,ase,whatsthatsign,"twenty-one years old, 21 years old, age twenty-one, age 21, twenty-one, 21","{""signpuddle_id"": ""1420"", ""sign_fsw"": ""AS1dc20S30004S10006S20500S2c601S21802M552x543S2ff00482x483S1dc20491x513S2c601520x512S1dc20528x479S21802519x493"", ""source"": ""Adam Frost"", ""fps"": 29.97, ""duration"": 1.869, ""width"": 1280, ""height"": 720, ""codec"": ""h264""}"
videos/twenty-three_years_old_23_years_old_age_twenty-three.mp4,e55ff9ba6c89a610b8b5cf9b6ba7efd1,0,0,en,ase,whatsthatsign,"twenty-three years old, 23 years old, age twenty-three, age 23, twenty-three, 23","{""signpuddle_id"": ""1414"", ""sign_fsw"": ""AS12420S30004S10006S20500S2c601S22114M557x543S2ff00482x483S12420492x513S2c601520x512S12420520x479S22114531x477"", ""source"": ""Adam Frost"", ""fps"": 29.97, ""duration"": 1.835, ""width"": 1280, ""height"": 720, ""codec"": ""h264""}"
videos/twenty-two_years_old_22_years_old_age_twenty-two.mp4,ba81b79294fd058630877534a6253d0a,0,0,en,ase,whatsthatsign,"twenty-two years old, 22 years old, age twenty-two, age 22, twenty-two, 22","{""signpuddle_id"": ""1421"", ""sign_fsw"": ""AS10e20S30004S10006S20500S2c601S10e50S26606S22f04M571x543S2ff00482x483S10e20500x513S2c601520x512S10e50544x478S26606541x505S22f04538x516"", ""source"": ""Adam Frost"", ""fps"": 29.97, ""duration"": 1.902, ""width"": 1280, ""height"": 720, ""codec"": ""h264""}"
videos/twenty_years_old_20_years_old_age_twenty.mp4,fea56a5d615ffd4fa5154c95b2529fb3,0,0,en,ase,whatsthatsign,"twenty years old, 20 years old, age twenty, age 20, twenty, 20","{""signpuddle_id"": ""1483"", ""sign_fsw"": ""AS1dc20S30004S10006S20500S2c601S1f420S22104M548x543S2ff00482x483S1dc20491x513S2c601520x512S1f420519x492S22104520x482"", ""source"": ""Adam Frost"", ""fps"": 29.97, ""duration"": 1.935, ""width"": 1280, ""height"": 720, ""codec"": ""h264""}"
videos/twice_double_duplicate.mp4,28fcef7695f117e7b75ae6c4c2998613,0,0,en,ase,whatsthatsign,"twice, double, duplicate, two times","{""signpuddle_id"": ""1575"", ""sign_fsw"": ""AS10e01S2fe00S15a48S2fe00S21406S20e00S28809M519x534S15a48481x497S10e01494x504S20e00495x489S28809497x467"", ""source"": ""Adam Frost"", ""fps"": 29.97, ""duration"": 1.835, ""width"": 1280, ""height"": 720, ""codec"": ""h264""}"
videos/twins_twin.mp4,4d60aa1b97e264b0f8d29c69bbef6ad8,0,0,en,ase,whatsthatsign,"twins, twin","{""signpuddle_id"": ""474"", ""sign_fsw"": ""AS10e10S30005S10006S20e00S22a04S26502S30003S20e00S22a04M519x573S2ff00482x483S10e10504x505S20e00484x539S22a04483x558S26502493x548S20e00506x539S22a04506x558"", ""source"": ""Adam Frost"", ""fps"": 29.97, ""duration"": 2.569, ""width"": 1280, ""height"": 720, ""codec"": ""h264""}"
videos/twist_twist_down_twist_off.mp4,5585fa2c4993d37f09231dc20df5c477,0,0,en,ase,whatsthatsign,"twist, twist down, twist off, pick, remove, take","{""signpuddle_id"": ""827"", ""sign_fsw"": ""AS15416S2fe00S10006S24e3cM513x525S15416488x476S24e3c488x495"", ""source"": ""Adam Frost"", ""fps"": 30.0, ""duration"": 2.5, ""width"": 1280, ""height"": 720, ""codec"": ""h264""}"
videos/two_months_2_months.mp4,844adf16851e2c0c18cea79ce252a602,0,0,en,ase,whatsthatsign,"two months, 2 months","{""signpuddle_id"": ""1426"", ""sign_fsw"": ""AS10e02S2fe00S10028S2fe00S21414S20e00S22a04M521x526S10028479x475S10e02491x477S20e00503x495S22a04502x511"", ""source"": ""Adam Frost"", ""fps"": 29.97, ""duration"": 1.368, ""width"": 1280, ""height"": 720, ""codec"": ""h264""}"
videos/two_of_us_both_of_us_we.mp4,ac0404e8ece9bb945ba8ebea8a55c35c,0,0,en,ase,whatsthatsign,"two of us, both of us, we, us, <i>and I</i>, <i>and me</i>, our, both our, two of our","{""signpuddle_id"": ""1467"", ""sign_fsw"": ""AS14017S38506S10006S27106M565x520S36d00479x504S14017524x485S27106550x480"", ""source"": ""Adam Frost"", ""fps"": 29.97, ""duration"": 1.902, ""width"": 1280, ""height"": 720, ""codec"": ""h264""}"
videos/two_weeks_2_weeks.mp4,7456def145d02949a1c2a5908e052740,0,0,en,ase,whatsthatsign,"two weeks, 2 weeks","{""signpuddle_id"": ""880"", ""sign_fsw"": ""AS10e50S2fe00S15a36S2fe00S21400S20e00S26506M528x519S15a36472x507S10e50477x481S20e00497x497S26506513x496"", ""source"": ""Adam Frost"", ""fps"": 30.0, ""duration"": 2.733, ""width"": 1280, ""height"": 720, ""codec"": ""h264""}"
videos/two_weeks_ago_2_weeks_ago.mp4,0a08d62b9a703f393c410018f72dfddb,0,0,en,ase,whatsthatsign,"two weeks ago, 2 weeks ago","{""signpuddle_id"": ""888"", ""sign_fsw"": ""AS10e50S2fe00S15a36S2fe00S21400S20e00S2d50aM529x519S15a36471x507S10e50476x481S20e00496x497S2d50a510x503"", ""source"": ""Adam Frost"", ""fps"": 30.0, ""duration"": 2.4, ""width"": 1280, ""height"": 720, ""codec"": ""h264""}"
videos/two_years_old_2_years_old_age_two.mp4,6933acec3ff9e6c10d0ea629353d446c,0,0,en,ase,whatsthatsign,"two years old, 2 years old, age two, age 2, two, 2","{""signpuddle_id"": ""1392"", ""sign_fsw"": ""AS10e20S30004S10006S20500S2c601M537x543S10e20499x513S2ff00482x483S2c601518x512"", ""source"": ""Adam Frost"", ""fps"": 29.97, ""duration"": 1.969, ""width"": 1280, ""height"": 720, ""codec"": ""h264""}"
videos/tying_tying_laces_tying_a_bow.mp4,ee224a0ff795b3f23e29bc99b25c7cdf,0,0,en,ase,whatsthatsign,"tying, tying laces, tying a bow, tie, tie laces, tie a bow","{""signpuddle_id"": ""224"", ""sign_fsw"": ""AS1ea41S2fe00S1ea49S2fe00S38006S2e700S2e74cS26506S26512M538x525S1ea41502x475S1ea49468x475S2e700507x500S2e74c479x500S26506523x505S26512463x505"", ""source"": ""Adam Frost"", ""fps"": 29.97, ""duration"": 2.135, ""width"": 1280, ""height"": 720, ""codec"": ""h264""}"
videos/type_kind_type_of.mp4,011d70beda52e2afc543e2a306a89a88,0,0,en,ase,whatsthatsign,"type, kind, type of, kind of","{""signpuddle_id"": ""1862"", ""sign_fsw"": ""AS14041S2fe00S14049S2fe00S21400S2e734S20500M522x526S14049491x502S14041478x491S2e734503x475"", ""source"": ""Adam Frost"", ""fps"": 29.97, ""duration"": 1.902, ""width"": 1280, ""height"": 720, ""codec"": ""h264""}"
videos/type_typing.mp4,1b8984c80d5a8021b6d65b9f7fb2c8c6,0,0,en,ase,whatsthatsign,"type, typing","{""signpuddle_id"": ""97"", ""sign_fsw"": ""AS14c50S2fe00S14c58S2fe00S38006S22510S22510M532x524S14c50508x493S14c58469x493S22510509x477S22510470x477"", ""source"": ""Adam Frost"", ""fps"": 30.0, ""duration"": 2.3, ""width"": 1280, ""height"": 720, ""codec"": ""h264""}"
videos/ugly.mp4,ac1a5fac3a519dd9956c1b09837170ad,0,0,en,ase,whatsthatsign,ugly,"{""signpuddle_id"": ""1713"", ""sign_fsw"": ""AS10012S33200S10006S20e00S26506S10612M590x523S33100482x483S10012497x508S20e00530x509S26506545x508S10612564x508"", ""source"": ""Adam Frost"", ""fps"": 29.97, ""duration"": 1.869, ""width"": 1280, ""height"": 720, ""codec"": ""h264""}"
videos/umbrella.mp4,433976af8b513b765310bcc39a7b7b29,0,0,en,ase,whatsthatsign,umbrella,"{""signpuddle_id"": ""1727"", ""sign_fsw"": ""AS20302S2fe00S2030aS2fe00S21400S20500S22f00M513x524S20302493x493S2030a488x509S22f00488x476"", ""source"": ""Adam Frost"", ""fps"": 29.97, ""duration"": 1.935, ""width"": 1280, ""height"": 720, ""codec"": ""h264""}"
videos/uncle.mp4,d1eedf39aa49ec71017f0e338aeafc04,0,0,en,ase,whatsthatsign,uncle,"{""signpuddle_id"": ""1345"", ""sign_fsw"": ""AS11520S30007S10006S27102M553x518S2ff00482x483S11520518x459S27102538x461"", ""source"": ""Adam Frost"", ""fps"": 29.97, ""duration"": 1.969, ""width"": 1280, ""height"": 720, ""codec"": ""h264""}"
videos/understand.mp4,b46bc816485817a4d538324545784ecf,0,0,en,ase,whatsthatsign,understand,"{""signpuddle_id"": ""853"", ""sign_fsw"": ""AS10000S30007S10006S21b00M537x518S2ff00482x483S10000519x461S21b00529x450"", ""source"": ""Adam Frost"", ""fps"": 30.0, ""duration"": 2.6, ""width"": 1280, ""height"": 720, ""codec"": ""h264""}"
videos/understanding_understandable_comprehension.mp4,54a4b4c98360903078753630ff0fe64f,0,0,en,ase,whatsthatsign,"understanding, understandable, comprehension, on the condition that, understand that, but, keep in mind, just know, just remember","{""signpuddle_id"": ""852"", ""sign_fsw"": ""AS10000S30007S10006S21d00M542x518S2ff00482x483S10000519x461S21d00524x450"", ""source"": ""Adam Frost"", ""fps"": 30.0, ""duration"": 2.433, ""width"": 1280, ""height"": 720, ""codec"": ""h264""}"
videos/unicorn_unicorns.mp4,f443e3680d18cf0b6b0910a7c63e9846,0,0,en,ase,whatsthatsign,"unicorn, unicorns","{""signpuddle_id"": ""1860"", ""sign_fsw"": ""AS11a20S30000S10006S20500S22a00M518x518S2ff00482x483S11a20493x461S22a00493x444"", ""source"": ""Adam Frost"", ""fps"": 29.97, ""duration"": 2.202, ""width"": 1280, ""height"": 720, ""codec"": ""h264""}"
videos/universe_universes_universal.mp4,80f8fa1df1e53203c83abaf635471428,0,0,en,ase,whatsthatsign,"universe, universes, universal","{""signpuddle_id"": ""1858"", ""sign_fsw"": ""AS11541S2fe00S1150aS2fe00S21400S2e734S20500M519x523S1150a488x508S11541481x481S2e734503x477"", ""source"": ""Adam Frost"", ""fps"": 29.97, ""duration"": 2.002, ""width"": 1280, ""height"": 720, ""codec"": ""h264""}"
videos/university.mp4,ff29f9b616bebe17826b7191aca1265e,0,0,en,ase,whatsthatsign,university,"{""signpuddle_id"": ""51"", ""sign_fsw"": ""AS11551S2fe00S15a39S2fe00S21400S20e00S28800M522x531S15a39489x508S11551478x497S20e00500x493S28800510x470"", ""source"": ""Adam Frost"", ""fps"": 29.97, ""duration"": 2.569, ""width"": 1280, ""height"": 720, ""codec"": ""h264""}"
videos/until_til_till.mp4,7a5fc5a77f10c4cf76514bfb54e763fb,0,0,en,ase,whatsthatsign,"until, til, till, up till, up to, up until","{""signpuddle_id"": ""2023"", ""sign_fsw"": ""AS10051S2fe00S10039S2fe00S21400S2b700S20500M531x520S10039470x482S10051488x480S2b700512x497"", ""source"": ""Adam Frost"", ""fps"": 29.97, ""duration"": 2.002, ""width"": 1280, ""height"": 720, ""codec"": ""h264""}"
videos/uploading_upload.mp4,8f1b19fa7c2175cb791c639ce63540e9,0,0,en,ase,whatsthatsign,"uploading, upload","{""signpuddle_id"": ""1757"", ""sign_fsw"": ""AS14440S2fe00S14448S2fe00S37f07S23007S23017M539x528S14440504x486S14448461x497S23007513x472S23017475x482"", ""source"": ""Adam Frost"", ""fps"": 29.97, ""duration"": 2.035, ""width"": 1280, ""height"": 720, ""codec"": ""h264""}"
videos/uploading_upload_post.mp4,1112cef6a50b3def63405d310593ec9e,0,0,en,ase,whatsthatsign,"uploading, upload, post","{""signpuddle_id"": ""1758"", ""sign_fsw"": ""AS11019S2fe00S11017S2fe00S38006S22f07S22f17S10e17S10e19M553x534S11019448x504S11017490x506S22f07509x493S22f17468x490S10e17523x475S10e19483x466"", ""source"": ""Adam Frost"", ""fps"": 29.97, ""duration"": 2.369, ""width"": 1280, ""height"": 720, ""codec"": ""h264""}"
videos/upset.mp4,caeaf996005359d98490b7fb5d82fb12,0,0,en,ase,whatsthatsign,upset,"{""signpuddle_id"": ""2350"", ""sign_fsw"": ""AS11520S2fe00S10006S14051S20320S14a20S1fb20M516x560S11520498x441S14051485x475S20320498x503S14a20498x522S1fb20498x541"", ""source"": ""Adam Frost"", ""fps"": 30.0, ""duration"": 2.2, ""width"": 1280, ""height"": 720, ""codec"": ""h264""}"
videos/use.mp4,f6519a1dffefd134e4e10a691b94004e,0,0,en,ase,whatsthatsign,use,"{""signpuddle_id"": ""856"", ""sign_fsw"": ""AS11500S2fe00S2031aS2fe00S21414S20e00S26a02M523x524S11500508x477S2031a503x509S20e00494x494S26a02478x487"", ""source"": ""Adam Frost"", ""fps"": 29.97, ""duration"": 2.102, ""width"": 1280, ""height"": 720, ""codec"": ""h264""}"
videos/vacation_retirement.mp4,2962127cf958078425305f8c9babecec,0,0,en,ase,whatsthatsign,"vacation, retirement","{""signpuddle_id"": ""1361"", ""sign_fsw"": ""AS14c11S38517S14c19S38511S20600S20600M539x517S14c11502x490S14c19472x490S20600517x483S20600461x483"", ""source"": ""Adam Frost"", ""fps"": 29.97, ""duration"": 2.236, ""width"": 1280, ""height"": 720, ""codec"": ""h264""}"
videos/vacuum_vacuuming.mp4,16499f1a1ac0e518a15c986b3b54a0f5,0,0,en,ase,whatsthatsign,"vacuum, vacuuming","{""signpuddle_id"": ""1522"", ""sign_fsw"": ""AS15712S2fe00S15a39S2fe00S37f00S27107M525x530S15a39483x507S15712476x492S27107498x471"", ""source"": ""Adam Frost"", ""fps"": 30.0, ""duration"": 1.9, ""width"": 1280, ""height"": 720, ""codec"": ""h264""}"
videos/value_worth_price.mp4,620608a2fa4b4428e49cbfecb8c863b6,0,0,en,ase,whatsthatsign,"value, worth, price, cost","{""signpuddle_id"": ""1989"", ""sign_fsw"": ""AS1ce10S2fe00S1ce18S2fe00S21406S20600M523x522S1ce10501x479S1ce18478x479S20600489x511"", ""source"": ""Adam Frost"", ""fps"": 29.97, ""duration"": 1.935, ""width"": 1280, ""height"": 720, ""codec"": ""h264""}"
videos/vampire_vampires.mp4,694afda22b190d2627eaa08afe661a57,0,0,en,ase,whatsthatsign,"vampire, vampires","{""signpuddle_id"": ""1859"", ""sign_fsw"": ""AS11011S36a00S10006S20600M535x536S36a00482x477S11011507x508S20600493x525"", ""source"": ""Adam Frost"", ""fps"": 29.97, ""duration"": 1.935, ""width"": 1280, ""height"": 720, ""codec"": ""h264""}"
videos/various_variety_variation.mp4,ba84ad99f5aa4f4c6ac1dc6cd2ae07be,0,0,en,ase,whatsthatsign,"various, variety, variation","{""signpuddle_id"": ""1991"", ""sign_fsw"": ""AS10051S2fe00S10059S2fe00S21406S20500S2480aS2481eM563x511S10051502x490S10059470x490S2480a535x491S2481e438x495"", ""source"": ""Adam Frost"", ""fps"": 29.97, ""duration"": 2.102, ""width"": 1280, ""height"": 720, ""codec"": ""h264""}"
videos/veg_vegetable.mp4,519f04f59763b642e2bd55693a503282,0,0,en,ase,whatsthatsign,"veg, vegetable","{""signpuddle_id"": ""909"", ""sign_fsw"": ""AS10e20S2fe00S10006S14a20S1f000M515x534S10e20500x466S14a20500x500S1f000486x519"", ""source"": ""Adam Frost"", ""fps"": 29.97, ""duration"": 2.369, ""width"": 1280, ""height"": 720, ""codec"": ""h264""}"
videos/vegetable.mp4,423d945b0f487a875422674b4671ad20,0,0,en,ase,whatsthatsign,vegetable,"{""signpuddle_id"": ""1018"", ""sign_fsw"": ""AS10e20S30005S10006S21100S2e000M524x549S2ff00482x483S10e20509x508S2e000486x520"", ""source"": ""Adam Frost"", ""fps"": 29.97, ""duration"": 1.969, ""width"": 1280, ""height"": 720, ""codec"": ""h264""}"
videos/verb.mp4,3d3a4d346f5bbc44f8b49b4e8b015544,0,0,en,ase,whatsthatsign,verb,"{""signpuddle_id"": ""394"", ""sign_fsw"": ""AS10e20S2fe00S10006S14a20S11a20S14720M508x555S10e20493x445S14a20493x480S11a20493x499S14720494x533"", ""source"": ""Adam Frost"", ""fps"": 30.0, ""duration"": 2.9, ""width"": 1280, ""height"": 720, ""codec"": ""h264""}"
videos/vertical_striped_shirt.mp4,86cf121fac0e589381023526519ac50c,0,0,en,ase,whatsthatsign,vertical striped shirt,"{""signpuddle_id"": ""1058"", ""sign_fsw"": ""AS14433S38510S10006S20e00S22f04S26606M525x529S26606495x502S14433476x472S20e00480x503S22f04493x515"", ""source"": ""Adam Frost"", ""fps"": 29.97, ""duration"": 2.135, ""width"": 1280, ""height"": 720, ""codec"": ""h264""}"
videos/very_hard_very_difficult.mp4,ac5a5ce4ae6e59aeb8a8a8f32b7cdc3d,0,0,en,ase,whatsthatsign,"very hard, very difficult","{""signpuddle_id"": ""44"", ""sign_fsw"": ""AS11041S2fe00S1104aS2fe00S21400S20b00M524x523S11041483x478S1104a497x508S20b00476x502"", ""source"": ""Adam Frost"", ""fps"": 29.97, ""duration"": 1.668, ""width"": 1280, ""height"": 720, ""codec"": ""h264""}"
videos/vest.mp4,fcb862c7c01e705b6a9087303540a58d,0,0,en,ase,whatsthatsign,vest,"{""signpuddle_id"": ""1493"", ""sign_fsw"": ""AS10e20S2fe00S10006S14a20S20320S1fb20M508x546S10e20493x455S14a20493x489S20320493x508S1fb20493x527"", ""source"": ""Adam Frost"", ""fps"": 29.97, ""duration"": 1.902, ""width"": 1280, ""height"": 720, ""codec"": ""h264""}"
videos/vet_veterinarian_veteran.mp4,1a6bd78153e17c5c9912b50e9bcdb83b,0,0,en,ase,whatsthatsign,"vet, veterinarian, veteran","{""signpuddle_id"": ""1563"", ""sign_fsw"": ""AS10e20S2fe00S10006S14a20S1fb20M508x536S10e20493x464S14a20493x498S1fb20493x517"", ""source"": ""Adam Frost"", ""fps"": 29.97, ""duration"": 1.902, ""width"": 1280, ""height"": 720, ""codec"": ""h264""}"
videos/video.mp4,17469892e51cb56346b8ab7ab2cc295b,0,0,en,ase,whatsthatsign,video,"{""signpuddle_id"": ""1762"", ""sign_fsw"": ""AS10e20S2fe00S15a18S2fe00S21406S2e700S20500M515x529S15a18486x491S10e20498x472S2e700500x504"", ""source"": ""Adam Frost"", ""fps"": 29.97, ""duration"": 2.102, ""width"": 1280, ""height"": 720, ""codec"": ""h264""}"
videos/videoing_video_record_video_recording.mp4,572906f6a71721280f4715e6d741e068,0,0,en,ase,whatsthatsign,"videoing, video record, video recording, recording, filming","{""signpuddle_id"": ""1764"", ""sign_fsw"": ""AS15720S2fe00S10018S2fe00S21400S20500S23704M531x529S10018479x499S15720469x471S23704492x480"", ""source"": ""Adam Frost"", ""fps"": 29.97, ""duration"": 1.869, ""width"": 1280, ""height"": 720, ""codec"": ""h264""}"
videos/videotape_video.mp4,2b356e20ae116a57ba1f220cbe19508a,0,0,en,ase,whatsthatsign,"videotape, video","{""signpuddle_id"": ""1763"", ""sign_fsw"": ""AS10e20S2fe00S15a18S2fe00S21406S2e700S1fb20S20500M515x540S15a18486x502S10e20498x460S2e700500x515S1fb20498x494"", ""source"": ""Adam Frost"", ""fps"": 30.0, ""duration"": 1.967, ""width"": 1280, ""height"": 720, ""codec"": ""h264""}"
videos/visit.mp4,27121594133906e058386d6d7dd5b75e,0,0,en,ase,whatsthatsign,visit,"{""signpuddle_id"": ""1582"", ""sign_fsw"": ""AS10e00S2fe00S10e08S2fe00S38005S26500S26510M521x529S10e00506x499S10e08480x488S26500506x482S26510480x471"", ""source"": ""Adam Frost"", ""fps"": 29.97, ""duration"": 1.868, ""width"": 1280, ""height"": 720, ""codec"": ""h264""}"
videos/visiting.mp4,dfc38e05458ee2b6d44b7acebeabb9f5,0,0,en,ase,whatsthatsign,visiting,"{""signpuddle_id"": ""1581"", ""sign_fsw"": ""AS10e00S2fe00S10e08S2fe00S38006S2ea00S2ea4cM521x535S10e00505x466S10e08479x475S2ea00506x501S2ea4c480x510"", ""source"": ""Adam Frost"", ""fps"": 29.97, ""duration"": 2.236, ""width"": 1280, ""height"": 720, ""codec"": ""h264""}"
videos/vitamin_vibration_vibrate.mp4,01fc2b0efb976b604ec0eeb0b5da5d41,0,0,en,ase,whatsthatsign,"vitamin, vibration, vibrate, vibrating, vibrator, Venezuela, Venezuelan","{""signpuddle_id"": ""2323"", ""sign_fsw"": ""AS10e20S2fe00S10006S27106M517x521S10e20484x479S27106502x481"", ""source"": ""Adam Frost"", ""fps"": 30.0, ""duration"": 1.6, ""width"": 1280, ""height"": 720, ""codec"": ""h264""}"
videos/vocabulary_vocab.mp4,dbf5a3ba5d41a2c5d7a9cb39601ad1ac,0,0,en,ase,whatsthatsign,"vocabulary, vocab","{""signpuddle_id"": ""989"", ""sign_fsw"": ""AS10e51S2fe00S10049S2fe00S21400S20600M521x522S10049480x492S10e51491x491S20600488x478"", ""source"": ""Adam Frost"", ""fps"": 29.97, ""duration"": 2.603, ""width"": 1280, ""height"": 720, ""codec"": ""h264""}"
videos/voice_voices_vocal.mp4,7d03ca9273058048298ba61f37fcac96,0,0,en,ase,whatsthatsign,"voice, voices, vocal","{""signpuddle_id"": ""1861"", ""sign_fsw"": ""AS10e00S36a00S10006S20e00S22f00M536x552S36a00482x477S10e00491x522S20e00517x534S22f00511x518"", ""source"": ""Adam Frost"", ""fps"": 29.97, ""duration"": 1.902, ""width"": 1280, ""height"": 720, ""codec"": ""h264""}"
videos/volleyball.mp4,780c1d577abc17c767ad86369bc37b9e,0,0,en,ase,whatsthatsign,volleyball,"{""signpuddle_id"": ""1777"", ""sign_fsw"": ""AS1bb20S2fe00S1bb28S2fe00S38006S21d00S21d00M531x520S1bb20510x492S1bb28469x492S21d00509x481S21d00472x481"", ""source"": ""Adam Frost"", ""fps"": 30.0, ""duration"": 2.067, ""width"": 1280, ""height"": 720, ""codec"": ""h264""}"
videos/volunteer_volunteering_apply.mp4,457cb580d656ce38d434f7e05cfd1cc3,0,0,en,ase,whatsthatsign,"volunteer, volunteering, apply, application","{""signpuddle_id"": ""1559"", ""sign_fsw"": ""AS1ce11S38517S10006S20800S22f00M545x526S36d00479x504S1ce11517x491S20800516x516S22f00520x475"", ""source"": ""Adam Frost"", ""fps"": 30.0, ""duration"": 1.867, ""width"": 1280, ""height"": 720, ""codec"": ""h264""}"
videos/vomit_throw_up_barf.mp4,738b0c856f09f38ee911b8784604bf25,0,0,en,ase,whatsthatsign,"vomit, throw up, barf, puke","{""signpuddle_id"": ""735"", ""sign_fsw"": ""AS14c41S33d00S14c48S2fe00S20500S2b700S2b711M525x579S33b00482x483S14c41476x515S14c48485x548S2b700460x491S2b711506x524"", ""source"": ""Adam Frost"", ""fps"": 30.0, ""duration"": 2.167, ""width"": 1280, ""height"": 720, ""codec"": ""h264""}"
videos/vote_elect.mp4,bb9267b75f95614b72408c60e1e37ffe,0,0,en,ase,whatsthatsign,"vote, elect","{""signpuddle_id"": ""2027"", ""sign_fsw"": ""AS1ce51S2fe00S17648S2fe00S21400S20700M518x524S17648482x498S1ce51482x476S20700500x509"", ""source"": ""Adam Frost"", ""fps"": 29.97, ""duration"": 1.935, ""width"": 1280, ""height"": 720, ""codec"": ""h264""}"
videos/wait.mp4,6f03cd913158ed8dc8fe0b6aa039ad20,0,0,en,ase,whatsthatsign,wait,"{""signpuddle_id"": ""1673"", ""sign_fsw"": ""AS14c00S2fe00S14c08S2fe00S38005S22510S22510M528x530S14c00505x499S14c08473x485S22510506x484S22510473x470"", ""source"": ""Adam Frost"", ""fps"": 29.97, ""duration"": 1.702, ""width"": 1280, ""height"": 720, ""codec"": ""h264""}"
videos/waiter_waitress_server.mp4,d4f73f199e2a5c180c46319ed19c4102,0,0,en,ase,whatsthatsign,"waiter, waitress, server","{""signpuddle_id"": ""1633"", ""sign_fsw"": ""AS15a30S2fe00S15a38S2fe00S38007S27100S27114S15a40S2fe00S15a48S2fe00S38006S22a04S22a14M536x557S15a30510x461S15a38478x476S27100496x444S27114464x460S15a40510x512S15a48478x512S22a04510x542S22a14477x542"", ""source"": ""Adam Frost"", ""fps"": 29.97, ""duration"": 1.768, ""width"": 1280, ""height"": 720, ""codec"": ""h264""}"
videos/wake_up_awake_woke_up.mp4,70f1686c367ce6329a7b662fc7a3721f,0,0,en,ase,whatsthatsign,"wake up, awake, woke up, awoken, surprise","{""signpuddle_id"": ""1594"", ""sign_fsw"": ""AS1eb10S31410S1eb18S31420S22a07S22a11S1dc10S1dc18M575x518S2ff00482x483S1eb10513x490S1eb18463x490S22a07537x481S22a11450x481S1dc10551x449S1dc18425x449"", ""source"": ""Adam Frost"", ""fps"": 29.97, ""duration"": 2.169, ""width"": 1280, ""height"": 720, ""codec"": ""h264""}"
videos/walk_walking.mp4,1426b5dae57f01dcca52618e81891052,0,0,en,ase,whatsthatsign,"walk, walking","{""signpuddle_id"": ""138"", ""sign_fsw"": ""AS15a50S2fe00S15a58S2fe00S38006S2d400S2d411M548x538S15a50509x483S15a58477x462S2d400505x515S2d411452x495"", ""source"": ""Adam Frost"", ""fps"": 29.97, ""duration"": 2.669, ""width"": 1280, ""height"": 720, ""codec"": ""h264""}"
videos/wall_open_sliding_door.mp4,457f58ad7283951a82d7a35a922ff08c,0,0,en,ase,whatsthatsign,"wall, open sliding door","{""signpuddle_id"": ""1260"", ""sign_fsw"": ""AS14720S2fe00S14728S2fe00S21406S20500S26506S26512M534x511S14720501x489S14728485x489S26506519x495S26512466x495"", ""source"": ""Adam Frost"", ""fps"": 29.97, ""duration"": 2.269, ""width"": 1280, ""height"": 720, ""codec"": ""h264""}"
videos/wallet.mp4,049fc6379900395402d0c36787f32a7e,0,0,en,ase,whatsthatsign,wallet,"{""signpuddle_id"": ""2299"", ""sign_fsw"": ""AS15a40S2fe00S15a48S2fe00S21406S20500S26b07S26b11M536x522S15a40500x495S15a48485x495S26b07508x480S26b11464x478"", ""source"": ""Adam Frost"", ""fps"": 30.0, ""duration"": 2.233, ""width"": 1280, ""height"": 720, ""codec"": ""h264""}"
videos/want_desire.mp4,cf44154a17d270539cd5174546c8f2ce,0,0,en,ase,whatsthatsign,"want, desire","{""signpuddle_id"": ""914"", ""sign_fsw"": ""AS14c30S2fe00S14c38S2fe00S38006S22a04S22a14S14e30S14e38M535x541S14c30509x459S14c38467x459S22a04514x492S22a14473x492S14e30509x510S14e38465x510"", ""source"": ""Adam Frost"", ""fps"": 30.0, ""duration"": 2.4, ""width"": 1280, ""height"": 720, ""codec"": ""h264""}"
videos/war_battle.mp4,4a10f3b615f6a361f2b707b695c25958,0,0,en,ase,whatsthatsign,"war, battle","{""signpuddle_id"": ""1968"", ""sign_fsw"": ""AS14c11S2fe00S14c19S2fe00S38006S27102S27112M531x535S14c11505x466S14c19470x466S27102513x495S27112475x495"", ""source"": ""Adam Frost"", ""fps"": 29.97, ""duration"": 1.835, ""width"": 1280, ""height"": 720, ""codec"": ""h264""}"
videos/warm.mp4,f4db1664e66403cc8f534bdd7ec4d389,0,0,en,ase,whatsthatsign,warm,"{""signpuddle_id"": ""2062"", ""sign_fsw"": ""AS1f700S30004S10006S20500S2b701S14c00M558x527S2ff00482x483S1f700492x512S2b701517x497S14c00535x484"", ""source"": ""Adam Frost"", ""fps"": 30.0, ""duration"": 1.933, ""width"": 1280, ""height"": 720, ""codec"": ""h264""}"
videos/wash_washing_machine_wash.mp4,3f015daf8527855fd63c3977fcdc8ff4,0,0,en,ase,whatsthatsign,"wash, washing, machine wash, laundry, launder","{""signpuddle_id"": ""637"", ""sign_fsw"": ""AS15411S2fe00S1541fS2fe00S37f00S2e10eS2e112M542x529S15411492x474S1541f483x493S2e10e521x471S2e112459x484"", ""source"": ""Adam Frost"", ""fps"": 29.97, ""duration"": 2.102, ""width"": 1280, ""height"": 720, ""codec"": ""h264""}"
videos/wash_washing_wash_horizontal_surface.mp4,34814721f9bad5bd1b1bbe2e112ebc43,0,0,en,ase,whatsthatsign,"wash, washing, wash horizontal surface","{""signpuddle_id"": ""1526"", ""sign_fsw"": ""AS1f751S2fe00S15a39S2fe00S21400S21100S2ea32M520x517S15a39480x484S1f751491x496S21100507x486"", ""source"": ""Adam Frost"", ""fps"": 29.97, ""duration"": 2.035, ""width"": 1280, ""height"": 720, ""codec"": ""h264""}"
videos/wash_washing_wash_vertical_surface.mp4,7ab9577b517f20d5a6157b5d1ad15317,0,0,en,ase,whatsthatsign,"wash, washing, wash vertical surface","{""signpuddle_id"": ""2217"", ""sign_fsw"": ""AS1f720S2fe00S1f728S2fe00S37f07S2e500S2e51cM530x532S1f720507x468S1f728473x487S2e500507x486S2e51c470x505"", ""source"": ""Adam Frost"", ""fps"": 30.0, ""duration"": 2.166, ""width"": 1280, ""height"": 720, ""codec"": ""h264""}"
videos/watch_watches_watched.mp4,85a2e8e955b2d4a1af915ab96da3c432,0,0,en,ase,whatsthatsign,"watch, watches, watched, watching","{""signpuddle_id"": ""220"", ""sign_fsw"": ""AS1e101S31410S10006S26500M531x524S2ff00482x483S1e101502x496S26500517x483"", ""source"": ""Adam Frost"", ""fps"": 30.0, ""duration"": 2.233, ""width"": 1280, ""height"": 720, ""codec"": ""h264""}"
videos/water.mp4,7ee2ae26899ebbe56fd4d63c57030e91,0,0,en,ase,whatsthatsign,water,"{""signpuddle_id"": ""166"", ""sign_fsw"": ""AS18710S30004S10006S20600M535x543S2ff00482x483S18710491x514S20600513x513"", ""source"": ""Adam Frost"", ""fps"": 30.0, ""duration"": 2.833, ""width"": 1280, ""height"": 720, ""codec"": ""h264""}"
videos/water_polo.mp4,1c0451edc0ab8c9c2acd0a668f29794c,0,0,en,ase,whatsthatsign,water polo,"{""signpuddle_id"": ""1783"", ""sign_fsw"": ""AS18710S30004S10006S20500S15420S2fe00S10006S26a00M518x596S2ff00482x483S18710491x514S15420494x571S26a00487x554"", ""source"": ""Adam Frost"", ""fps"": 29.97, ""duration"": 1.902, ""width"": 1280, ""height"": 720, ""codec"": ""h264""}"
videos/watermelon.mp4,e90bdc1b7e90820effe47c936499878a,0,0,en,ase,whatsthatsign,watermelon,"{""signpuddle_id"": ""1039"", ""sign_fsw"": ""AS18710S30004S10006S20500S1bb51S2fe00S2035aS2fe00S21400S20b00S21d00M520x586S2ff00482x483S18710491x513S2035a504x571S1bb51493x547S20b00484x572S21d00481x563"", ""source"": ""Adam Frost"", ""fps"": 29.97, ""duration"": 2.035, ""width"": 1280, ""height"": 720, ""codec"": ""h264""}"
videos/way_street_road.mp4,e0b7a15e31eead020840634bd787b068,0,0,en,ase,whatsthatsign,"way, street, road","{""signpuddle_id"": ""1159"", ""sign_fsw"": ""AS15a40S2fe00S15a48S2fe00S38006S26500S26510M523x524S15a40510x497S15a48479x497S26500509x476S26510478x476"", ""source"": ""Adam Frost"", ""fps"": 30.0, ""duration"": 2.1, ""width"": 1280, ""height"": 720, ""codec"": ""h264""}"
videos/we_us.mp4,77d87040296e91806ed649453ee629a8,0,0,en,ase,whatsthatsign,"we, us","{""signpuddle_id"": ""1484"", ""sign_fsw"": ""AS10043S38517S10006S20500S2d600S20500M532x518S10043502x482S20500494x506S2d600470x492S20500469x507"", ""source"": ""Adam Frost"", ""fps"": 30.0, ""duration"": 1.667, ""width"": 1280, ""height"": 720, ""codec"": ""h264""}"
videos/we_us_we_all.mp4,63d4df553553a97ac43583ce75800be6,0,0,en,ase,whatsthatsign,"we, us, we all, all of us","{""signpuddle_id"": ""1485"", ""sign_fsw"": ""AS10043S38517S10006S20500S2880eS1004dS20500M532x530S10043502x480S20500494x504S2880e476x518S20500469x505S1004d476x471"", ""source"": ""Adam Frost"", ""fps"": 30.0, ""duration"": 2.133, ""width"": 1280, ""height"": 720, ""codec"": ""h264""}"
videos/weak_frail_fragile.mp4,e719672f517dfd02f3cbfee571b2cebc,0,0,en,ase,whatsthatsign,"weak, frail, fragile, delicate, feeble, flimsy","{""signpuddle_id"": ""1990"", ""sign_fsw"": ""AS14e51S2fe00S15a39S2fe00S21400S20500S27101M528x525S15a39472x475S14e51483x481S27101501x499"", ""source"": ""Adam Frost"", ""fps"": 29.97, ""duration"": 1.935, ""width"": 1280, ""height"": 720, ""codec"": ""h264""}"
videos/wedding.mp4,62544464a62b02bab7d95ca88c75b832,0,0,en,ase,whatsthatsign,wedding,"{""signpuddle_id"": ""2287"", ""sign_fsw"": ""AS18540S2fe00S18548S2fe00S21406S2880eS28816S20a00M547x525S18540497x496S18548478x493S2880e525x513S28816454x510S20a00493x475"", ""source"": ""Adam Frost"", ""fps"": 30.0, ""duration"": 2.066, ""width"": 1280, ""height"": 720, ""codec"": ""h264""}"
videos/weed_weeds.mp4,fc16a916b13f154305f3ef5ced809914,0,0,en,ase,whatsthatsign,"weed, weeds","{""signpuddle_id"": ""787"", ""sign_fsw"": ""AS18720S2fe00S10006S14a20S14a20S10120M509x551S18720491x450S14a20493x483S14a20493x502S10120493x521"", ""source"": ""Adam Frost"", ""fps"": 30.0, ""duration"": 4.0, ""width"": 1280, ""height"": 720, ""codec"": ""h264""}"
videos/week.mp4,1370639b0bd39500fda19b89f3b61c3f,0,0,en,ase,whatsthatsign,week,"{""signpuddle_id"": ""498"", ""sign_fsw"": ""AS10050S2fe00S15a36S2fe00S21400S20e00S26506M528x519S15a36472x507S10050477x482S20e00497x497S26506513x496"", ""source"": ""Adam Frost"", ""fps"": 30.0, ""duration"": 2.667, ""width"": 1280, ""height"": 720, ""codec"": ""h264""}"
videos/weekend.mp4,2c65cc51c49221445360bd3694cbc4bd,0,0,en,ase,whatsthatsign,weekend,"{""signpuddle_id"": ""912"", ""sign_fsw"": ""AS10050S2fe00S15a36S2fe00S21400S20e00S26506S15a40S22a04M536x526S15a36464x499S10050469x474S20e00489x489S26506505x488S15a40523x480S22a04523x511"", ""source"": ""Adam Frost"", ""fps"": 30.0, ""duration"": 2.733, ""width"": 1280, ""height"": 720, ""codec"": ""h264""}"
videos/weekend_result.mp4,83f920456162c4616865dd18204435c7,0,0,en,ase,whatsthatsign,"weekend, result","{""signpuddle_id"": ""913"", ""sign_fsw"": ""AS15a40S2fe00S15a0aS2fe00S37f00S23b04M521x522S15a0a480x510S15a40486x479S23b04502x492"", ""source"": ""Adam Frost"", ""fps"": 29.97, ""duration"": 2.703, ""width"": 1280, ""height"": 720, ""codec"": ""h264""}"
videos/weigh_weight.mp4,818911d4cf45fb9a3338a0a6b6a04b02,0,0,en,ase,whatsthatsign,"weigh, weight","{""signpuddle_id"": ""2038"", ""sign_fsw"": ""AS11541S2fe00S11549S2fe00S21400S20500S23004M523x524S11541496x476S11549477x483S23004498x506"", ""source"": ""Adam Frost"", ""fps"": 29.97, ""duration"": 2.135, ""width"": 1280, ""height"": 720, ""codec"": ""h264""}"
videos/weird.mp4,513772abf2d88bc727d6dac18af52918,0,0,en,ase,whatsthatsign,weird,"{""signpuddle_id"": ""1969"", ""sign_fsw"": ""AS18b10S33200S10006S21800S26502M529x540S33100482x483S18b10509x510S21800509x501S26502493x520"", ""source"": ""Adam Frost"", ""fps"": 30.0, ""duration"": 1.767, ""width"": 1280, ""height"": 720, ""codec"": ""h264""}"
videos/welcome_invite_hire.mp4,648fbd8da8410fe85951cc90f5f0777a,0,0,en,ase,whatsthatsign,"welcome, invite, hire","{""signpuddle_id"": ""1936"", ""sign_fsw"": ""AS1821dS2fe00S10006S26504M513x518S1821d488x483S26504495x503"", ""source"": ""Adam Frost"", ""fps"": 29.97, ""duration"": 2.102, ""width"": 1280, ""height"": 720, ""codec"": ""h264""}"
videos/west.mp4,7823dd58f4a6c09349badbfe9534a1c3,0,0,en,ase,whatsthatsign,west,"{""signpuddle_id"": ""290"", ""sign_fsw"": ""AS18700S2fe00S10006S26502M518x515S18700500x486S26502483x501"", ""source"": ""Adam Frost"", ""fps"": 30.0, ""duration"": 2.367, ""width"": 1280, ""height"": 720, ""codec"": ""h264""}"
videos/west_western.mp4,9bf77f0a422eca0ab511bd205f371012,0,0,en,ase,whatsthatsign,"west, western","{""signpuddle_id"": ""289"", ""sign_fsw"": ""AS18720S2fe00S10006S26506M518x515S18720482x486S26506503x501"", ""source"": ""Adam Frost"", ""fps"": 29.97, ""duration"": 1.768, ""width"": 1280, ""height"": 720, ""codec"": ""h264""}"
videos/wet_damp_moist.mp4,6739b5d1597256705f61c9983fb71d53,0,0,en,ase,whatsthatsign,"wet, damp, moist, soaked","{""signpuddle_id"": ""1992"", ""sign_fsw"": ""AS14c01S33d00S14c09S2fe00S20500S22a04S22a14S1853dS18535M536x584S33b00482x483S14c01504x509S14c09470x521S22a04516x539S22a14470x551S1853d509x554S18535464x565"", ""source"": ""Adam Frost"", ""fps"": 29.97, ""duration"": 1.735, ""width"": 1280, ""height"": 720, ""codec"": ""h264""}"
videos/whale_whales.mp4,2f6e70417ced6cf975d90c7856002ad4,0,0,en,ase,whatsthatsign,"whale, whales","{""signpuddle_id"": ""1447"", ""sign_fsw"": ""AS19a12S38621S10006S2990aM537x517S37605464x485S19a12482x483S2990a505x489"", ""source"": ""Adam Frost"", ""fps"": 30.0, ""duration"": 2.0, ""width"": 1280, ""height"": 720, ""codec"": ""h264""}"
videos/what.mp4,0cd972a49ceaf2fe96b8dd33d7cef18c,0,0,en,ase,whatsthatsign,what,"{""signpuddle_id"": ""252"", ""sign_fsw"": ""AS14c31S2fe00S14c39S2fe00S38006S27102S27116M535x535S14c31509x465S14c39465x465S27102520x495S27116465x495"", ""source"": ""Adam Frost"", ""fps"": 29.97, ""duration"": 1.635, ""width"": 1280, ""height"": 720, ""codec"": ""h264""}"
videos/what_if_if_suppose.mp4,f35dc5572a01d4bbfbe9bb6e0ccec737,0,0,en,ase,whatsthatsign,"what if, if, suppose","{""signpuddle_id"": ""2168"", ""sign_fsw"": ""AS19200S30006S10006S20500M530x519S2ff00482x483S19200509x500"", ""source"": ""Adam Frost"", ""fps"": 29.97, ""duration"": 1.635, ""width"": 1280, ""height"": 720, ""codec"": ""h264""}"
videos/what_s_up_event_thrill.mp4,016d4c215deeb9e202db17fb3df2f5fe,0,0,en,ase,whatsthatsign,"what's up, event, thrill","{""signpuddle_id"": ""1692"", ""sign_fsw"": ""AS1c501S38517S1c509S38511S20e00S28809S28811M532x525S1c501507x500S1c509468x500S20e00494x497S28809512x476S28811468x476"", ""source"": ""Adam Frost"", ""fps"": 30.0, ""duration"": 1.867, ""width"": 1280, ""height"": 720, ""codec"": ""h264""}"
videos/when.mp4,2529296f9f7a9c37dcab05aee21e6478,0,0,en,ase,whatsthatsign,when,"{""signpuddle_id"": ""618"", ""sign_fsw"": ""AS10012S2fe00S10039S2fe00S21400S2e708S20500M536x518S10012487x488S10039464x488S2e708521x482"", ""source"": ""Adam Frost"", ""fps"": 30.0, ""duration"": 1.667, ""width"": 1280, ""height"": 720, ""codec"": ""h264""}"
videos/where.mp4,dd6e46df028321ac15eac8ce5b3324a6,0,0,en,ase,whatsthatsign,where,"{""signpuddle_id"": ""254"", ""sign_fsw"": ""AS10020S2fe00S10006S27106M517x522S10020484x479S27106502x482"", ""source"": ""Adam Frost"", ""fps"": 30.0, ""duration"": 2.133, ""width"": 1280, ""height"": 720, ""codec"": ""h264""}"
videos/which.mp4,3501f8417dbba608999bde6092a8abfc,0,0,en,ase,whatsthatsign,which,"{""signpuddle_id"": ""322"", ""sign_fsw"": ""AS1f540S2fe00S1f548S2fe00S38006S23600S23614M542x522S1f540515x478S1f548470x478S23600503x505S23614458x504"", ""source"": ""Adam Frost"", ""fps"": 30.0, ""duration"": 2.367, ""width"": 1280, ""height"": 720, ""codec"": ""h264""}"
videos/white.mp4,a1644a2114ce852a30f2f6c5b1b158c1,0,0,en,ase,whatsthatsign,white,"{""signpuddle_id"": ""83"", ""sign_fsw"": ""AS14c02S38510S10006S20500S26500S18501M517x535S14c02484x503S20500502x524S26500498x485S18501490x466"", ""source"": ""Adam Frost"", ""fps"": 30.0, ""duration"": 1.6, ""width"": 1280, ""height"": 720, ""codec"": ""h264""}"
videos/who.mp4,f56715fd2baccb7bc64e4ac5fb9d2755,0,0,en,ase,whatsthatsign,who,"{""signpuddle_id"": ""250"", ""sign_fsw"": ""AS1e111S30004S10006S20500S21800M518x539S2ff00482x483S1e111475x511S21800460x505"", ""source"": ""Adam Frost"", ""fps"": 30.0, ""duration"": 2.267, ""width"": 1280, ""height"": 720, ""codec"": ""h264""}"
videos/whoa_wow.mp4,b0013646b6a2041df31e10bc4f33caad,0,0,en,ase,whatsthatsign,"whoa, wow","{""signpuddle_id"": ""1571"", ""sign_fsw"": ""AS14c02S2fe00S10006S22f04M516x520S14c02485x480S22f04491x506"", ""source"": ""Adam Frost"", ""fps"": 29.97, ""duration"": 2.002, ""width"": 1280, ""height"": 720, ""codec"": ""h264""}"
videos/why_because_due_to.mp4,7a73b0e660e843f34d8ba06ceaf10880,0,0,en,ase,whatsthatsign,"why, because, due to, how come","{""signpuddle_id"": ""1508"", ""sign_fsw"": ""AS15a11S30007S10006S20e00S22a05S19a10M574x542S2ff00482x483S15a11510x487S22a05531x506S19a10546x522"", ""source"": ""Adam Frost"", ""fps"": 29.97, ""duration"": 1.802, ""width"": 1280, ""height"": 720, ""codec"": ""h264""}"
videos/why_not.mp4,2d7e12d8c9ebe0e6e1366c2a30cc80ef,0,0,en,ase,whatsthatsign,why not,"{""signpuddle_id"": ""1080"", ""sign_fsw"": ""AS15a10S38404S10006S20e00S26500S1f540M534x525S2ff00482x483S15a10504x498S20e00521x513S26500520x495S1f540519x468"", ""source"": ""Adam Frost"", ""fps"": 30.0, ""duration"": 2.133, ""width"": 1280, ""height"": 720, ""codec"": ""h264""}"
videos/wide.mp4,a825458641823ace275fc27723a7304b,0,0,en,ase,whatsthatsign,wide,"{""signpuddle_id"": ""325"", ""sign_fsw"": ""AS15a40S2fe00S15a48S2fe00S38006S26506S26512M538x514S15a48482x487S15a40506x487S26506523x494S26512462x494"", ""source"": ""Adam Frost"", ""fps"": 29.97, ""duration"": 2.502, ""width"": 1280, ""height"": 720, ""codec"": ""h264""}"
videos/wife.mp4,d23393e06bf51088af278364286af019,0,0,en,ase,whatsthatsign,wife,"{""signpuddle_id"": ""357"", ""sign_fsw"": ""AS16d20S30005S16d39S2fe00S20500S22a03S16d51S21400S20800M523x573S2ff00482x483S16d20506x506S22a03502x528S16d39496x550S16d51487x553S20800493x541"", ""source"": ""Adam Frost"", ""fps"": 29.97, ""duration"": 2.269, ""width"": 1280, ""height"": 720, ""codec"": ""h264""}"
videos/willow.mp4,9be65ba73a88a1ad5267690ef22b52a8,0,0,en,ase,whatsthatsign,willow,"{""signpuddle_id"": ""2352"", ""sign_fsw"": ""AS18720S2fe00S10006S19220S1dc20S1dc20S17620S18720M515x586S18720492x414S19220494x446S1dc20485x469S1dc20485x503S17620494x537S18720492x557"", ""source"": ""Adam Frost"", ""fps"": 30.0, ""duration"": 2.4, ""width"": 1280, ""height"": 720, ""codec"": ""h264""}"
videos/win.mp4,ca6fb5e324e7a72da303fb9f50ab3fd6,0,0,en,ase,whatsthatsign,win,"{""signpuddle_id"": ""493"", ""sign_fsw"": ""AS14c40S2fe00S20348S2fe00S21400S20e00S2880fS20340M528x529S20348484x514S14c40504x485S2880f485x490S20e00473x500S20340484x471"", ""source"": ""Adam Frost"", ""fps"": 29.97, ""duration"": 2.436, ""width"": 1280, ""height"": 720, ""codec"": ""h264""}"
videos/wind.mp4,237b8b26e6246adac625861d3353f46d,0,0,en,ase,whatsthatsign,wind,"{""signpuddle_id"": ""2060"", ""sign_fsw"": ""AS14c40S2fe00S14c48S2fe00S38006S2a40cS2a41cM535x534S14c40500x467S14c48465x467S2a40c510x498S2a41c475x498"", ""source"": ""Adam Frost"", ""fps"": 29.97, ""duration"": 1.969, ""width"": 1280, ""height"": 720, ""codec"": ""h264""}"
videos/window.mp4,f7f6c75a0738881ae2d7ebcfa0f97bba,0,0,en,ase,whatsthatsign,window,"{""signpuddle_id"": ""108"", ""sign_fsw"": ""AS15a02S2fe00S15a0aS2fe00S21400S20600M526x513S15a02499x487S15a0a495x501S20600475x487"", ""source"": ""Adam Frost"", ""fps"": 30.0, ""duration"": 2.533, ""width"": 1280, ""height"": 720, ""codec"": ""h264""}"
videos/winter.mp4,6a50dbac6f67f65d9886b08a275b1a2b,0,0,en,ase,whatsthatsign,winter,"{""signpuddle_id"": ""861"", ""sign_fsw"": ""AS20310S2fe00S20318S2fe00S38006S2ea32S2ea46M527x517S20310507x484S20318478x484S2ea32502x502S2ea46473x502"", ""source"": ""Adam Frost"", ""fps"": 29.97, ""duration"": 3.036, ""width"": 1280, ""height"": 720, ""codec"": ""h264""}"
videos/wiped_out_exhausted_pooped.mp4,9a741d5226a79a05e7628d1eccccf4d0,0,0,en,ase,whatsthatsign,"wiped out, exhausted, pooped, laid out","{""signpuddle_id"": ""833"", ""sign_fsw"": ""AS10e30S2fe00S15a39S2fe00S21400S20e00S26504M520x527S15a39481x501S10e30486x473S20e00507x497S26504506x512"", ""source"": ""Adam Frost"", ""fps"": 30.0, ""duration"": 4.1, ""width"": 1280, ""height"": 720, ""codec"": ""h264""}"
videos/witch.mp4,d04cf0122dc0551adde00bb69de819ca,0,0,en,ase,whatsthatsign,witch,"{""signpuddle_id"": ""1879"", ""sign_fsw"": ""AS10620S33200S10006S20500S2b700M518x526S33100482x483S10620489x500S2b700465x497"", ""source"": ""Adam Frost"", ""fps"": 29.97, ""duration"": 2.002, ""width"": 1280, ""height"": 720, ""codec"": ""h264""}"
videos/with_together.mp4,be7f57cacf026ebda65ae21b2b752875,0,0,en,ase,whatsthatsign,"with, together","{""signpuddle_id"": ""258"", ""sign_fsw"": ""AS1f740S2fe00S1f748S2fe00S21406S20500M521x508S1f748479x493S1f740501x493"", ""source"": ""Adam Frost"", ""fps"": 30.0, ""duration"": 3.0, ""width"": 1280, ""height"": 720, ""codec"": ""h264""}"
videos/wolf_wolves.mp4,5496bcf0ad126d9357c47aed2bf3871a,0,0,en,ase,whatsthatsign,"wolf, wolves","{""signpuddle_id"": ""1444"", ""sign_fsw"": ""AS14c00S33200S10006S26500S18501M548x532S33100482x483S14c00491x501S26500526x503S18501521x484"", ""source"": ""Adam Frost"", ""fps"": 30.0, ""duration"": 1.7, ""width"": 1280, ""height"": 720, ""codec"": ""h264""}"
videos/wolf_wolves_werewolf.mp4,64a65841dbcecffb05df5f0aab0427bb,0,0,en,ase,whatsthatsign,"wolf, wolves, werewolf, werewolves","{""signpuddle_id"": ""1863"", ""sign_fsw"": ""AS14c00S33200S10006S26a00S18501M549x532S33100482x483S14c00491x501S26a00522x503S18501521x484"", ""source"": ""Adam Frost"", ""fps"": 29.97, ""duration"": 2.002, ""width"": 1280, ""height"": 720, ""codec"": ""h264""}"
videos/woman_female_women.mp4,d6250e92a9205f32bfb8f1f0318cca57,0,0,en,ase,whatsthatsign,"woman, female, women, lady","{""signpuddle_id"": ""92"", ""sign_fsw"": ""AS14c27S30004S10006S20500S22a04S14c10S38510S20500M530x583S2ff00482x483S14c27504x508S22a04495x534S14c10486x552S20500512x563"", ""source"": ""Adam Frost"", ""fps"": 29.97, ""duration"": 2.202, ""width"": 1280, ""height"": 720, ""codec"": ""h264""}"
videos/wonderful_Sunday.mp4,023141f4f83b8a1d9cb20cb4b8bbf9c2,0,0,en,ase,whatsthatsign,"wonderful, Sunday","{""signpuddle_id"": ""2404"", ""sign_fsw"": ""AS15a20S2fe00S15a28S2fe00S38006S26500S26510S22b20S26500S26510M524x532S15a20511x469S15a28477x469S26500510x517S26510476x517S22b20492x501S26500510x500S26510476x500"", ""source"": ""Adam Frost"", ""fps"": 30.0, ""duration"": 2.333, ""width"": 1280, ""height"": 720, ""codec"": ""h264""}"
videos/wonderful_great_terrific.mp4,590b540b19432837ef6b8c6f9fc50548,0,0,en,ase,whatsthatsign,"wonderful, great, terrific, marvelous","{""signpuddle_id"": ""2405"", ""sign_fsw"": ""AS15a20S2fe00S15a28S2fe00S38006S26500S26510M524x523S15a20511x496S15a28477x496S26500510x478S26510476x478"", ""source"": ""Adam Frost"", ""fps"": 30.0, ""duration"": 1.8, ""width"": 1280, ""height"": 720, ""codec"": ""h264""}"
videos/wood.mp4,ba0cfe7b4db8cf7380f3a82207065888,0,0,en,ase,whatsthatsign,wood,"{""signpuddle_id"": ""857"", ""sign_fsw"": ""AS15a41S2fe00S15a5aS2fe00S21400S21100S27101M522x527S15a5a485x515S15a41479x495S21100506x499S27101495x473"", ""source"": ""Adam Frost"", ""fps"": 29.97, ""duration"": 3.337, ""width"": 1280, ""height"": 720, ""codec"": ""h264""}"
videos/word_words_vocabulary.mp4,589939249b553b96fb0fbcfe1792fe57,0,0,en,ase,whatsthatsign,"word, words, vocabulary","{""signpuddle_id"": ""988"", ""sign_fsw"": ""AS1f010S2fe00S10018S2fe00S21406S20600M518x524S10018486x494S1f010489x494S20600482x476"", ""source"": ""Adam Frost"", ""fps"": 29.97, ""duration"": 2.636, ""width"": 1280, ""height"": 720, ""codec"": ""h264""}"
videos/work_employment.mp4,f6f039179071c611d1a2a1ccdebff3c8,0,0,en,ase,whatsthatsign,"work, employment","{""signpuddle_id"": ""280"", ""sign_fsw"": ""AS20320S2fe00S2035aS2fe00S21400S20600M521x516S20320480x485S2035a490x501S20600499x486"", ""source"": ""Adam Frost"", ""fps"": 29.97, ""duration"": 2.102, ""width"": 1280, ""height"": 720, ""codec"": ""h264""}"
videos/work_out_exercise_workout.mp4,8be98983c023c405ae89f37a8210b5f0,0,0,en,ase,whatsthatsign,"work out, exercise, workout, gym","{""signpuddle_id"": ""271"", ""sign_fsw"": ""AS20320S2fe00S20328S2fe00S38006S26a00S26a10M538x517S20320517x502S20328469x502S26a00511x484S26a10462x484"", ""source"": ""Adam Frost"", ""fps"": 29.97, ""duration"": 2.903, ""width"": 1280, ""height"": 720, ""codec"": ""h264""}"
videos/workshop.mp4,03e9967b98c043cd0d89154a498e59ec,0,0,en,ase,whatsthatsign,workshop,"{""signpuddle_id"": ""2275"", ""sign_fsw"": ""AS18720S2fe00S18728S2fe00S21406S20500S2df06S2df1eS20300S20308S20500M521x536S18720501x507S18728481x507S2df06501x481S2df1e479x481S20300501x464S20308484x464"", ""source"": ""Adam Frost"", ""fps"": 30.0, ""duration"": 1.766, ""width"": 1280, ""height"": 720, ""codec"": ""h264""}"
videos/world.mp4,2e79ae75ff26f9f8f8d6399845a38024,0,0,en,ase,whatsthatsign,world,"{""signpuddle_id"": ""1738"", ""sign_fsw"": ""AS18741S2fe00S1870aS2fe00S21400S2e734S20500M520x524S1870a489x506S18741481x483S2e734504x477"", ""source"": ""Adam Frost"", ""fps"": 29.97, ""duration"": 2.202, ""width"": 1280, ""height"": 720, ""codec"": ""h264""}"
videos/worn_out_wear_out_exhausted.mp4,2dd43481def0a21b82e314c52768e166,0,0,en,ase,whatsthatsign,"worn out, wear out, exhausted","{""signpuddle_id"": ""859"", ""sign_fsw"": ""AS20330S2fe00S20338S2fe00S21406S20500S26507S26511S14c30S14c38M552x531S20330501x516S20338483x516S26507519x501S26511468x501S14c30528x469S14c38449x470"", ""source"": ""Adam Frost"", ""fps"": 30.0, ""duration"": 2.0, ""width"": 1280, ""height"": 720, ""codec"": ""h264""}"
videos/worry.mp4,397c4281837ec5f8a2a1e59a544773c0,0,0,en,ase,whatsthatsign,worry,"{""signpuddle_id"": ""858"", ""sign_fsw"": ""AS15a11S30007S15a19S30001S2e502S2e51eM541x518S2ff00482x483S15a11518x483S15a19456x491S2e502500x457S2e51e464x463"", ""source"": ""Adam Frost"", ""fps"": 29.97, ""duration"": 2.236, ""width"": 1280, ""height"": 720, ""codec"": ""h264""}"
videos/worse_worst_multiply.mp4,1e532a3f28774b4b902b96ccca74da5c,0,0,en,ase,whatsthatsign,"worse, worst, multiply, times","{""signpuddle_id"": ""992"", ""sign_fsw"": ""AS14017S2fe00S1401fS2fe00S21414S20e00S28803S2881bM528x531S1401f481x469S14017501x477S20e00494x503S28803472x511S2881b508x511"", ""source"": ""Adam Frost"", ""fps"": 29.97, ""duration"": 2.302, ""width"": 1280, ""height"": 720, ""codec"": ""h264""}"
videos/wow.mp4,8c3372f0263a6a10e94617e0862dac9a,0,0,en,ase,whatsthatsign,wow,"{""signpuddle_id"": ""1572"", ""sign_fsw"": ""AS14e01S30005S10006S23603M546x547S2ff00482x483S14e01518x501S23603503x517"", ""source"": ""Adam Frost"", ""fps"": 29.97, ""duration"": 1.802, ""width"": 1280, ""height"": 720, ""codec"": ""h264""}"
videos/wrestling.mp4,5a81212af56d94446b44d16d653853a1,0,0,en,ase,whatsthatsign,wrestling,"{""signpuddle_id"": ""1778"", ""sign_fsw"": ""AS14c11S2fe00S14c19S2fe00S21406S20700S27220M525x535S14c11499x505S14c19476x508S20700492x488S27220481x466"", ""source"": ""Adam Frost"", ""fps"": 30.0, ""duration"": 1.9, ""width"": 1280, ""height"": 720, ""codec"": ""h264""}"
videos/write.mp4,2830552b27f42544dc76c4e6b64443f2,0,0,en,ase,whatsthatsign,write,"{""signpuddle_id"": ""227"", ""sign_fsw"": ""AS1eb50S2fe00S15a39S2fe00S21400S20e00S26507M525x522S15a39475x483S1eb50488x503S20e00500x492S26507512x479"", ""source"": ""Adam Frost"", ""fps"": 29.97, ""duration"": 1.935, ""width"": 1280, ""height"": 720, ""codec"": ""h264""}"
videos/wrong_incorrect_mistaken.mp4,671d87d389eb7ff06296fd2b69b3015b,0,0,en,ase,whatsthatsign,"wrong, incorrect, mistaken, amiss, unexpectedly","{""signpuddle_id"": ""177"", ""sign_fsw"": ""AS19a00S30004S10006S20500M518x526S2ff00482x483S19a00487x506"", ""source"": ""Adam Frost"", ""fps"": 29.97, ""duration"": 1.869, ""width"": 1280, ""height"": 720, ""codec"": ""h264""}"
videos/yard.mp4,78a94737415bef5de18ae4ede45d569d,0,0,en,ase,whatsthatsign,yard,"{""signpuddle_id"": ""622"", ""sign_fsw"": ""AS19a20S2fe00S10006S1f720S11a20S10120M514x554S19a20486x447S1f720488x471S11a20493x490S10120493x524"", ""source"": ""Adam Frost"", ""fps"": 29.97, ""duration"": 2.169, ""width"": 1280, ""height"": 720, ""codec"": ""h264""}"
videos/year.mp4,fab21353ce1b1ba51b669e88806e5b21,0,0,en,ase,whatsthatsign,year,"{""signpuddle_id"": ""275"", ""sign_fsw"": ""AS20340S2fe00S20348S2fe00S21400S2e734S20500M521x518S20340487x487S20348480x503S2e734505x482"", ""source"": ""Adam Frost"", ""fps"": 29.97, ""duration"": 2.135, ""width"": 1280, ""height"": 720, ""codec"": ""h264""}"
videos/yell_scream_shout.mp4,d163f3163bfd89a7f6df89fc0c101e81,0,0,en,ase,whatsthatsign,"yell, scream, shout, cry out, roar, meow","{""signpuddle_id"": ""390"", ""sign_fsw"": ""AS14e00S30005S10006S20500S26500M536x536S2ff00482x483S14e00499x505S26500522x498"", ""source"": ""Adam Frost"", ""fps"": 30.0, ""duration"": 2.2, ""width"": 1280, ""height"": 720, ""codec"": ""h264""}"
videos/yellow.mp4,a2e5adda4291a797e5cf0b3eedfa9422,0,0,en,ase,whatsthatsign,yellow,"{""signpuddle_id"": ""707"", ""sign_fsw"": ""AS19a10S2fe00S10006S2df08M514x521S19a10486x501S2df08490x480"", ""source"": ""Adam Frost"", ""fps"": 29.97, ""duration"": 1.802, ""width"": 1280, ""height"": 720, ""codec"": ""h264""}"
videos/yes.mp4,f96ba10dc7a1b2385b0e3cda74462118,0,0,en,ase,whatsthatsign,yes,"{""signpuddle_id"": ""272"", ""sign_fsw"": ""AS20350S2fe00S10006S23004M513x519S20350493x482S23004488x501"", ""source"": ""Adam Frost"", ""fps"": 29.97, ""duration"": 1.768, ""width"": 1280, ""height"": 720, ""codec"": ""h264""}"
videos/yes_headnod.mp4,46721f7a93a43bf7e1abe8410ede0aad,0,0,en,ase,whatsthatsign,"yes, headnod","{""signpuddle_id"": ""424"", ""sign_fsw"": ""AS30120M518x523S30120482x477"", ""source"": ""Adam Frost"", ""fps"": 29.97, ""duration"": 1.535, ""width"": 1280, ""height"": 720, ""codec"": ""h264""}"
videos/yesterday_the_day_before.mp4,4fa48887c719f08f79797cc55fa42ce8,0,0,en,ase,whatsthatsign,"yesterday, the day before","{""signpuddle_id"": ""428"", ""sign_fsw"": ""AS1f527S30005S10006S20500S26504S20500M554x538S2ff00482x483S1f527510x512S20600532x509S26504536x523"", ""source"": ""Adam Frost"", ""fps"": 29.97, ""duration"": 2.169, ""width"": 1280, ""height"": 720, ""codec"": ""h264""}"
videos/you.mp4,8d62954410b62c560513b63628f06ee5,0,0,en,ase,whatsthatsign,you,"{""signpuddle_id"": ""2088"", ""sign_fsw"": ""AS10040S2fe00S10006S26500S30a00M518x572S10040493x542S26500493x526S30a00482x483"", ""source"": ""Adam Frost"", ""fps"": 30.0, ""duration"": 2.233, ""width"": 1280, ""height"": 720, ""codec"": ""h264""}"
videos/you_and_I_you_and_me_two_of_us.mp4,a698e9edef6907bcbe2de959e1621084,0,0,en,ase,whatsthatsign,"you and I, you and me, two of us, both of us, us both, we both, us, we, <i>and I</i>, <i>and me</i>, our, both our","{""signpuddle_id"": ""1468"", ""sign_fsw"": ""AS14001S2fe00S10006S27100M520x522S14001486x498S27100480x479"", ""source"": ""Adam Frost"", ""fps"": 29.97, ""duration"": 1.835, ""width"": 1280, ""height"": 720, ""codec"": ""h264""}"
videos/you_it_this.mp4,286da00a862ed1d8ef7c7a7f18d895ac,0,0,en,ase,whatsthatsign,"you, it, this, that, the, there","{""signpuddle_id"": ""20"", ""sign_fsw"": ""AS10040S2fe00S10006S26500M508x523S10040493x493S26500493x477"", ""source"": ""Adam Frost"", ""fps"": 29.97, ""duration"": 1.368, ""width"": 1280, ""height"": 720, ""codec"": ""h264""}"
videos/you_three_three_of_you_you.mp4,523aec27559c1d89b91b43fa064b512d,0,0,en,ase,whatsthatsign,"you three, three of you, you, these three, those three","{""signpuddle_id"": ""1470"", ""sign_fsw"": ""AS11e31S2fe00S10006S2ea32M516x525S11e31491x495S2ea32484x475"", ""source"": ""Adam Frost"", ""fps"": 29.97, ""duration"": 1.635, ""width"": 1280, ""height"": 720, ""codec"": ""h264""}"
videos/you_two_two_of_you_you_both.mp4,1052d773416a1a6b353f92041a957b6e,0,0,en,ase,whatsthatsign,"you two, two of you, you both, both of you, you, these two, those two","{""signpuddle_id"": ""1469"", ""sign_fsw"": ""AS14047S2fe00S10006S27106M522x520S14047479x485S27106507x480"", ""source"": ""Adam Frost"", ""fps"": 30.0, ""duration"": 1.7, ""width"": 1280, ""height"": 720, ""codec"": ""h264""}"
videos/young.mp4,d2112c6cd85b5f2e62a8e23157fce27f,0,0,en,ase,whatsthatsign,young,"{""signpuddle_id"": ""1519"", ""sign_fsw"": ""AS18201S38517S18209S38511S20e00S22a00S22a10M533x518S18201508x501S18209467x501S20e00494x503S22a00511x483S22a10476x483"", ""source"": ""Adam Frost"", ""fps"": 29.97, ""duration"": 1.902, ""width"": 1280, ""height"": 720, ""codec"": ""h264""}"
videos/younger.mp4,4a21fba9c2d94787deba345ddd65a66b,0,0,en,ase,whatsthatsign,younger,"{""signpuddle_id"": ""1354"", ""sign_fsw"": ""AS18201S38517S10006S20e00S22a00S1f502M537x539S36d00479x519S18201512x522S20e00521x507S22a00520x489S1f502519x462"", ""source"": ""Adam Frost"", ""fps"": 29.97, ""duration"": 1.835, ""width"": 1280, ""height"": 720, ""codec"": ""h264""}"
videos/your_turn_you_re_next.mp4,949e9d9420f71815c5d67fcd990ef094,0,0,en,ase,whatsthatsign,"your turn, you're next","{""signpuddle_id"": ""1370"", ""sign_fsw"": ""AS1dc02S2fe00S10006S2c300M517x525S1dc02483x501S2c300491x475"", ""source"": ""Adam Frost"", ""fps"": 30.0, ""duration"": 1.7, ""width"": 1280, ""height"": 720, ""codec"": ""h264""}"
videos/your_yours.mp4,3d1bd725fbd6729aef8eba60fd781802,0,0,en,ase,whatsthatsign,"your, yours","{""signpuddle_id"": ""466"", ""sign_fsw"": ""AS15a28S2fe00S10006S26500M507x523S15a28494x496S26500493x477"", ""source"": ""Adam Frost"", ""fps"": 29.97, ""duration"": 1.768, ""width"": 1280, ""height"": 720, ""codec"": ""h264""}"
videos/yourself.mp4,fa422df8ecc00ae65c7472ef8d5ad152,0,0,en,ase,whatsthatsign,yourself,"{""signpuddle_id"": ""1144"", ""sign_fsw"": ""AS1f540S2fe00S10006S26500M508x521S1f540493x497S26500493x479"", ""source"": ""Adam Frost"", ""fps"": 29.97, ""duration"": 1.969, ""width"": 1280, ""height"": 720, ""codec"": ""h264""}"
videos/youth_teenager_young.mp4,5a4fb36e21bc2b9dbbdd5cad8f5f6368,0,0,en,ase,whatsthatsign,"youth, teenager, young","{""signpuddle_id"": ""1509"", ""sign_fsw"": ""AS18201S38517S18209S38511S20e00S22f00S22f10M533x518S18201508x501S18209467x501S20e00494x503S22f00505x483S22f10470x483"", ""source"": ""Adam Frost"", ""fps"": 29.97, ""duration"": 2.035, ""width"": 1280, ""height"": 720, ""codec"": ""h264""}"
videos/zoo.mp4,794a472997e4e27eb5eeded7302345c4,0,0,en,ase,whatsthatsign,zoo,"{""signpuddle_id"": ""1558"", ""sign_fsw"": ""AS10020S2fe00S10006S2450aS17620S17620M518x537S10020482x467S2450a487x463S17620482x501S17620482x521"", ""source"": ""Adam Frost"", ""fps"": 29.97, ""duration"": 1.969, ""width"": 1280, ""height"": 720, ""codec"": ""h264""}"
